rank,option_type,currency,analytic,formula,analytic_error,parity_error,binomial_error,finite_difference_error,engine_profile,elapsed_ms,failures
3319528,put,JPY,-6.123998701131185e-15,0.0,6.123998701131185e-15,7.105427357601002e-15,nan,nan,analytic,0.5023239999957241,0
945101,call,EUR,52.800883107447135,52.800883107447135,0.0,0.0,0.0015424690483740733,0.014231441560951907,cross_engine,2.152333000012163,0
2311514,put,EUR,45.16028919052216,45.16028919052215,7.105427357601002e-15,7.105427357601002e-15,nan,nan,analytic,0.1182529999965709,0
101846,call,USD,9.473223450809812,9.473223450809819,7.105427357601002e-15,0.0,nan,nan,analytic,0.10400000000743148,0
829968,call,EUR,65.00000000000001,65.00000000000001,0.0,1.4210854715202004e-14,nan,nan,analytic,0.11340900000789134,0
884305,call,EUR,3.860959469640398e-05,3.8609594696404096e-05,1.1519648082658485e-19,2.1316282072803006e-14,1.1709664463053595e-06,1.2274121823835482e-06,cross_engine,1.9433709999958637,0
1276159,call,JPY,20.073069627606575,20.073069627606593,1.7763568394002505e-14,1.7763568394002505e-14,0.0001245605084534418,0.003594051433257306,cross_engine,1.9332070000075419,0
3329185,put,JPY,6.6077419203632575,6.607741920363239,1.865174681370263e-14,3.552713678800501e-15,0.0005402459517682701,0.0009789422143375859,cross_engine,1.9370899999984204,0
2620526,put,EUR,10.013245054862677,10.013245054862672,5.329070518200751e-15,1.4210854715202004e-14,nan,nan,analytic,0.10463600000321094,0
2035403,put,USD,-7.218684059285655e-15,0.0,7.218684059285655e-15,1.4210854715202004e-14,7.218684059380116e-15,7.218684059285655e-15,cross_engine,1.9210199999974975,0
1072042,call,EUR,25.527371355244924,25.52737135524491,1.4210854715202004e-14,1.4210854715202004e-14,nan,nan,analytic,0.11547299999392635,0
1237788,call,JPY,8.389968546034948e-06,8.389968546035017e-06,6.945670167485263e-20,0.0,nan,nan,analytic,0.09981399999503537,0
441163,call,USD,54.7720374691977,54.77203746919769,7.105427357601002e-15,0.0,0.001186162199282137,0.013440911038173908,cross_engine,1.9193929999943293,0
1295202,call,JPY,21.4563926359418,21.456392635941818,1.7763568394002505e-14,1.4210854715202004e-14,nan,nan,analytic,0.10380000000509426,0
799010,call,EUR,0.1418638384657971,0.14186383846579087,6.217248937900877e-15,0.0,nan,nan,analytic,0.09446800000034727,0
1447740,call,JPY,0.002598719731401812,0.0025987197314018204,8.239936510889834e-18,7.105427357601002e-15,nan,nan,analytic,0.09250000000804448,0
422839,call,USD,52.65499234620789,52.65499234620788,1.4210854715202004e-14,1.4210854715202004e-14,9.119205657270868e-06,0.00014231349795323922,cross_engine,1.8873140000010835,0
905237,call,EUR,5.089326715187368,5.089326715187369,8.881784197001252e-16,8.881784197001252e-15,4.867743230452248e-05,0.0006990807448081782,cross_engine,1.9200740000115957,0
2108639,put,USD,-4.87544577873415e-15,0.0,4.87544577873415e-15,0.0,4.875445778738506e-15,4.87544577873415e-15,cross_engine,1.957496000002834,0
1708164,put,USD,-2.215656738735355e-15,0.0,2.215656738735355e-15,1.7763568394002505e-14,nan,nan,analytic,0.10426900000481965,0
184830,call,USD,16.86523434214344,16.865234342143452,1.0658141036401503e-14,7.105427357601002e-15,nan,nan,analytic,0.09393400000590191,0
756068,call,EUR,0.056171705857292586,0.05617170585729214,4.440892098500626e-16,2.6645352591003757e-15,nan,nan,analytic,0.09327600000119673,0
2029817,put,USD,0.0046818076037335055,0.0046818076037174056,1.6099968580540747e-14,1.4210854715202004e-14,3.495310750506724e-05,2.7355881167635127e-05,cross_engine,1.8953120000020363,0
1623630,call,JPY,29.582330729677732,29.58233072967775,1.7763568394002505e-14,1.0658141036401503e-14,nan,nan,analytic,0.10173299999394203,0
3218489,put,JPY,0.00041584760449770407,0.00041584760450292385,5.2197829392142125e-15,1.4210854715202004e-14,7.248154264125463e-06,5.271493391189501e-06,cross_engine,1.9041299999997818,0
3278084,put,JPY,59.71508069453739,59.715080694537406,1.4210854715202004e-14,1.4210854715202004e-14,nan,nan,analytic,0.10137499999984811,0
404870,call,USD,1.7255277729727263e-48,0.0,1.7255277729727263e-48,7.105427357601002e-15,nan,nan,analytic,0.09609800000021096,0
1869653,put,USD,0.120117946671327,0.12011794667132714,1.3877787807814457e-16,3.552713678800501e-15,0.00016931615658023758,0.0001253949785540026,cross_engine,1.8898379999967574,0
1016053,call,EUR,4.186346271629546e-29,0.0,4.186346271629546e-29,1.4210854715202004e-14,3.3938317099030846e-29,4.186346271629546e-29,cross_engine,1.9027569999963134,0
2657546,put,EUR,10.183385511055134,10.183385511055143,8.881784197001252e-15,1.7763568394002505e-15,nan,nan,analytic,0.102810000001341,0
2803371,put,EUR,42.25186352549748,42.251863525497484,7.105427357601002e-15,1.4210854715202004e-14,1.8938377564836628e-05,6.167185306082956e-05,cross_engine,1.879690999999184,0
628422,call,EUR,23.5931476381203,23.593147638120293,7.105427357601002e-15,1.0658141036401503e-14,nan,nan,analytic,0.10135900001273512,0
3183654,put,JPY,4.041259972590158,4.041259972590169,1.0658141036401503e-14,7.105427357601002e-15,nan,nan,analytic,0.09461099999441558,0
1056402,call,EUR,0.8089631541041329,0.8089631541041378,4.884981308350689e-15,3.552713678800501e-15,nan,nan,analytic,0.09265599999253027,0
203971,call,USD,9.935688963632936,9.935688963632941,5.329070518200751e-15,0.0,0.0030715872505275854,0.001355273541058466,cross_engine,1.8866079999924068,0
2643001,put,EUR,63.106012603258215,63.10601260325822,7.105427357601002e-15,0.0,0.000238423058483761,0.004311910397618135,cross_engine,1.95618100001127,0
2284353,put,EUR,95.35797540474303,95.35797540474303,0.0,0.0,4.1214303792003193e-07,3.598378651759049e-05,cross_engine,1.903885999993804,0
1454314,call,JPY,0.05046342484467616,0.05046342484467614,2.0816681711721685e-17,7.105427357601002e-15,nan,nan,analytic,0.1012470000034682,0
571573,call,USD,75.11620500298947,75.11620500298952,4.263256414560601e-14,2.842170943040401e-14,1.0613477300580598e-05,0.0001007949664995067,cross_engine,1.8993350000044984,0
2828404,put,EUR,2.898121329839388e-07,2.8981213900049155e-07,6.016552739620206e-15,0.0,nan,nan,analytic,0.10299000000202341,0
601068,call,EUR,9.32152162506759,9.32152162506758,8.881784197001252e-15,0.0,nan,nan,analytic,0.09429500001090219,0
1011103,call,EUR,44.59069134411028,44.59069134411028,0.0,0.0,0.00013646299972691622,0.008841999429030523,cross_engine,1.905719999996336,0
2340001,put,EUR,33.79175019357953,33.79175019357954,7.105427357601002e-15,7.105427357601002e-15,0.006783240125777468,0.0015506092655783732,cross_engine,1.9025229999982685,0
1925541,put,USD,5.0073331269464925,5.007333126946492,8.881784197001252e-16,0.0,5.856632441059162e-05,0.0005992258988332111,cross_engine,1.8963039999988496,0
152645,call,USD,1.6626053452319472e-33,0.0,1.6626053452319472e-33,7.105427357601002e-15,1.483600297474468e-33,1.6626053452319472e-33,cross_engine,1.9118769999977303,0
1793536,put,USD,15.11748546202422,15.11748546202422,0.0,0.0,nan,nan,analytic,0.10520600000063496,0
1230450,call,JPY,0.5043172699189498,0.5043172699189444,5.329070518200751e-15,3.552713678800501e-15,nan,nan,analytic,0.09353800000155843,0
1320787,call,JPY,1.7721247353579027e-07,1.7721247353578858e-07,1.6940658945086007e-21,1.0658141036401503e-14,1.0041573811994362e-08,9.453988223710066e-09,cross_engine,1.8788010000037048,0
602784,call,EUR,1.2079999701253245e-11,1.2078493131931845e-11,1.5065693213999477e-15,7.105427357601002e-15,nan,nan,analytic,0.10109500000510252,0
2312410,put,EUR,61.03635023029121,61.03635023029122,7.105427357601002e-15,7.105427357601002e-15,nan,nan,analytic,0.09256499998855361,0
2572824,put,EUR,9.7411284596572,9.741128459657183,1.5987211554602254e-14,8.881784197001252e-15,nan,nan,analytic,0.0925789999968174,0
290228,call,USD,5.043053263901979e-190,0.0,5.043053263901979e-190,7.105427357601002e-15,nan,nan,analytic,0.09221199999842611,0
2868037,put,EUR,1.8952521063078916e-14,7.606217343570253e-15,1.1346303719508663e-14,1.4210854715202004e-14,1.3136933991497879e-14,1.8952521063078916e-14,cross_engine,1.8753009999983306,0
1018008,call,EUR,32.06891797825752,32.06891797825752,0.0,7.105427357601002e-15,nan,nan,analytic,0.10169799999459883,0
2581598,put,EUR,50.450453521638046,50.45045352163805,7.105427357601002e-15,7.105427357601002e-15,nan,nan,analytic,0.09503299999380488,0
2659073,put,EUR,39.93960641625853,39.93960641625854,1.4210854715202004e-14,1.4210854715202004e-14,1.2063665622008557e-08,1.6483100466757605e-06,cross_engine,1.8918260000049258,0
2917362,put,JPY,46.62398027314618,46.623980273146174,7.105427357601002e-15,7.105427357601002e-15,nan,nan,analytic,0.09916799999132309,0
339192,call,USD,45.05176592892125,45.051765928921256,7.105427357601002e-15,0.0,nan,nan,analytic,0.093527000004201,0
1459576,call,JPY,1.2808097263991516e-18,0.0,1.2808097263991516e-18,0.0,nan,nan,analytic,0.09210800000403196,0
2560722,put,EUR,4.316482760734584,4.3164827607345835,8.881784197001252e-16,4.440892098500626e-15,nan,nan,analytic,0.10539000000164833,0
2999381,put,JPY,10.153545881959431,10.153545881959424,7.105427357601002e-15,1.7763568394002505e-15,0.00010222579741991922,0.0011073700333810166,cross_engine,1.8828229999883206,0
629745,call,EUR,3.399980051247677,3.399980051247674,3.1086244689504383e-15,1.1102230246251565e-14,0.0010680471167012762,0.0004059678418171231,cross_engine,1.8896219999930963,0
497186,call,USD,21.22839806925599,21.228398069255974,1.7763568394002505e-14,1.0658141036401503e-14,nan,nan,analytic,0.1010009999902195,0
1437236,call,JPY,46.21497408406006,46.21497408406006,0.0,0.0,nan,nan,analytic,0.09350799999197079,0
2652084,put,EUR,19.852600642360706,19.852600642360706,0.0,0.0,nan,nan,analytic,0.10505999999566029,0
598482,call,USD,22.1698491089708,22.169849108970823,2.1316282072803006e-14,2.842170943040401e-14,nan,nan,analytic,0.09182300000531995,0
460592,call,USD,21.441099962571958,21.44109996257201,5.3290705182007514e-14,2.842170943040401e-14,nan,nan,analytic,0.09002199999486038,0
936637,call,EUR,0.050453676136803266,0.050453676136803516,2.498001805406602e-16,1.7763568394002505e-14,5.18955734834306e-05,7.429183002533035e-06,cross_engine,1.8900219999977708,0
2327031,put,EUR,4.406968779006639,4.406968779006625,1.3322676295501878e-14,7.105427357601002e-15,0.0012747300286557461,0.00038271285007507316,cross_engine,1.874970000002918,0
1660609,call,JPY,10.378531852162318,10.378531852162325,7.105427357601002e-15,1.0658141036401503e-14,0.00010334405437539829,0.001445773423963459,cross_engine,1.880878000008579,0
2569713,put,EUR,49.31128862929085,49.31128862929086,7.105427357601002e-15,7.105427357601002e-15,1.2595480924915137e-06,1.5176256582094538e-05,cross_engine,1.901376000006394,0
2832184,put,EUR,32.99781654476551,32.997816544765485,2.842170943040401e-14,1.4210854715202004e-14,nan,nan,analytic,0.1011070000060954,0
2522456,put,EUR,58.91013891577003,58.91013891577003,0.0,1.4210854715202004e-14,nan,nan,analytic,0.10353600001167251,0
1202906,call,JPY,0.24815139044078977,0.2481513904407866,3.164135620181696e-15,7.105427357601002e-15,nan,nan,analytic,0.09165900000596139,0
1811299,put,USD,1.0284338262098434,1.028433826209838,5.329070518200751e-15,3.552713678800501e-15,0.0003209406406401438,9.854379269280678e-05,cross_engine,1.8637829999903488,0
1657367,call,JPY,69.38559430725573,69.38559430725573,0.0,1.4210854715202004e-14,3.3206879805902645e-06,0.00022626243455192707,cross_engine,1.8916119999943248,0
1109689,call,EUR,9.251999197776541,9.251999197776541,0.0,4.440892098500626e-15,0.0020623256174694404,0.0014837916959642428,cross_engine,1.9046579999866253,0
2447826,put,EUR,15.268052451312101,15.268052451312087,1.4210854715202004e-14,1.0658141036401503e-14,nan,nan,analytic,0.10031799999410396,0
892645,call,EUR,24.012421111020377,24.012421111020366,1.0658141036401503e-14,3.552713678800501e-15,0.0008448283159374625,0.00504128108824986,cross_engine,1.8829329999903166,0
2028655,put,USD,0.0013739564247206072,0.0013739564247170072,3.599984893520869e-15,1.4210854715202004e-14,3.210116906748753e-05,1.8402621262699967e-05,cross_engine,1.8968050000012227,0
1276085,call,JPY,22.866221969395546,22.866221969395554,7.105427357601002e-15,7.105427357601002e-15,2.8105365483810374e-05,1.8567184927320568e-05,cross_engine,1.9087900000016589,0
3160131,put,JPY,0.5714361156097332,0.5714361156097318,1.3322676295501878e-15,7.105427357601002e-15,0.00033171408122389945,2.7210631900032034e-05,cross_engine,1.9002929999913931,0
1742423,put,USD,2.742187014714313,2.7421870147143164,3.552713678800501e-15,1.4210854715202004e-14,0.0035112951939235693,0.00033724885256125603,cross_engine,1.8913229999952819,0
248398,call,USD,1.5300655160908214e-17,3.035597895422147e-15,3.0202972402612387e-15,7.105427357601002e-15,nan,nan,analytic,0.0998940000016546,0
1429165,call,JPY,74.64775348755087,74.64775348755087,0.0,0.0,7.19888101059496e-05,0.01477971871018724,cross_engine,1.8759459999984074,0
1438334,call,JPY,55.97954046042428,55.979540460424296,1.4210854715202004e-14,2.1316282072803006e-14,nan,nan,analytic,0.09920200000124169,0
2134306,put,USD,1.258110340184422,1.2581103401844214,6.661338147750939e-16,1.4210854715202004e-14,nan,nan,analytic,0.09226500000636406,0
579795,call,USD,40.015413093167965,40.01541309316795,1.4210854715202004e-14,2.1316282072803006e-14,0.0010726208554032723,0.007992398044649462,cross_engine,1.8803899999966234,0
2726061,put,EUR,0.0996211908921477,0.09962119089215205,4.343747583845925e-15,1.4210854715202004e-14,0.0005792058205581208,0.0001126805099066347,cross_engine,1.8953139999950963,0
342736,call,USD,90.02875884940069,90.0287588494007,1.4210854715202004e-14,0.0,nan,nan,analytic,0.10061199999711334,0
283591,call,USD,1.6841008030640385,1.6841008030640356,2.886579864025407e-15,3.552713678800501e-15,0.0004319217819046539,0.00011017230188037352,cross_engine,1.8996820000012349,0
2112213,put,USD,18.449138658779038,18.44913865877902,1.7763568394002505e-14,2.1316282072803006e-14,6.130406340787431e-06,0.0014645021028734106,cross_engine,1.8845620000007557,0
2294018,put,EUR,53.4157944763081,53.415794476308115,1.4210854715202004e-14,1.4210854715202004e-14,nan,nan,analytic,0.10057099999016827,0
997729,call,EUR,0.00033891223046090624,0.0003389122304609041,2.168404344971009e-18,2.1316282072803006e-14,6.581500480178646e-06,5.421245780331987e-06,cross_engine,1.886167000009209,0
2964889,put,JPY,-7.756486145125931e-15,0.0,7.756486145125931e-15,1.4210854715202004e-14,7.756486145125931e-15,7.756486145125931e-15,cross_engine,1.880982000002973,0
1443269,call,JPY,1.4008960701760488e-15,2.73565031471396e-15,1.3347542445379112e-15,0.0,4.849616465720832e-16,1.4008960701760488e-15,cross_engine,1.8705610000040451,0
707654,call,EUR,0.15784906580124572,0.15784906580124503,6.938893903907228e-16,2.1316282072803006e-14,nan,nan,analytic,0.11170799999149494,0
2143354,put,USD,14.18067552484038,14.180675524840376,3.552713678800501e-15,1.4210854715202004e-14,nan,nan,analytic,0.09381199998870215,0
2510885,put,EUR,7.866818841107259e-11,7.866818841107259e-11,0.0,1.4210854715202004e-14,1.3065408474936384e-11,7.866818841107259e-11,cross_engine,1.8988039999925377,0
2579958,put,EUR,20.357509409507276,20.357509409507273,3.552713678800501e-15,7.105427357601002e-15,nan,nan,analytic,0.09930099999166941,0
2142312,put,USD,-9.461938298756938e-15,0.0,9.461938298756938e-15,4.263256414560601e-14,nan,nan,analytic,0.09026099999687176,0
1585539,call,JPY,2.049038305971107e-26,0.0,2.049038305971107e-26,2.842170943040401e-14,1.5295174901908012e-26,2.049038305971107e-26,cross_engine,1.8735809999981257,0
3150869,put,JPY,40.02108559428862,40.02108559428861,1.4210854715202004e-14,1.4210854715202004e-14,1.965435814099692e-08,1.1758348357204795e-05,cross_engine,1.8902019999984532,0
1123651,call,EUR,1.6314667998719526e-29,0.0,1.6314667998719526e-29,7.105427357601002e-15,1.3511561703141077e-29,1.6314667998719526e-29,cross_engine,1.873192999994444,0
1224844,call,JPY,1.2567759118315535e-08,1.2567759118315822e-08,2.8620449194334758e-22,1.7763568394002505e-14,nan,nan,analytic,0.1106550000002926,0
1295616,call,JPY,0.07310807589477698,0.07310807589477264,4.343747583845925e-15,6.217248937900877e-15,nan,nan,analytic,0.09267600000839593,0
1392754,call,JPY,1.8469726200953538,1.8469726200953538,0.0,2.4868995751603507e-14,nan,nan,analytic,0.0887469999923951,0
570521,call,USD,0.6863755104229707,0.6863755104229661,4.6629367034256575e-15,5.3290705182007514e-14,0.0006803052701233048,0.00033021668047683583,cross_engine,1.8720460000025696,0
2512676,put,EUR,21.893835009714522,21.893835009714522,0.0,7.105427357601002e-15,nan,nan,analytic,0.09892299999592069,0
166726,call,USD,24.070889884316003,24.070889884316024,2.1316282072803006e-14,3.019806626980426e-14,nan,nan,analytic,0.09163100000364466,0
1626256,call,JPY,5.74719264542739,5.747192645427383,7.105427357601002e-15,7.105427357601002e-15,nan,nan,analytic,0.08960099999910653,0
1109840,call,EUR,0.01226581239134148,0.012265812391345277,3.797309688913231e-15,1.2434497875801753e-14,nan,nan,analytic,0.08976699999152515,0
125442,call,USD,4.309670001940057e-145,0.0,4.309670001940057e-145,1.4210854715202004e-14,nan,nan,analytic,0.08964800001365347,0
302334,call,USD,1.7593794797047504e-08,1.75937947970474e-08,1.0257039595657543e-22,1.4210854715202004e-14,nan,nan,analytic,0.08980700000904562,0
2544977,put,EUR,34.483618089316636,34.483618089316636,0.0,0.0,3.968851778779481e-06,0.0026906470828649276,cross_engine,1.878203000003964,0
2900780,put,JPY,73.76911302755079,73.7691130275508,1.4210854715202004e-14,1.4210854715202004e-14,nan,nan,analytic,0.10169099999757236,0
817936,call,EUR,65.00000000263769,65.00000000263769,0.0,0.0,nan,nan,analytic,0.0923349999908396,0
3188165,put,JPY,-4.9718566989561896e-15,0.0,4.9718566989561896e-15,2.842170943040401e-14,4.9718566989561896e-15,4.9718566989561896e-15,cross_engine,1.8650760000014088,0
138828,call,USD,0.15784283963674964,0.1578428396367486,1.0269562977782698e-15,3.552713678800501e-15,nan,nan,analytic,0.10523599999601174,0
609407,call,EUR,0.25823836348787604,0.2582383634878729,3.164135620181696e-15,0.0,0.00032303208663297944,1.891918386293101e-05,cross_engine,1.8828639999952657,0
1824796,put,USD,40.16362876512698,40.16362876512698,0.0,7.105427357601002e-15,nan,nan,analytic,0.09889199999690845,0
2230507,put,USD,1.2756461758346598,1.2756461758346802,2.042810365310288e-14,1.7763568394002505e-14,0.0007416092459247015,1.1637285848742351e-05,cross_engine,1.9625510000054192,0
3313142,put,JPY,-6.517343621643537e-15,0.0,6.517343621643537e-15,1.4210854715202004e-14,nan,nan,analytic,0.10163000000318334,0
378748,call,USD,5.465575429600624,5.465575429600623,8.881784197001252e-16,3.552713678800501e-15,nan,nan,analytic,0.09089799999628667,0
633878,call,EUR,0.000851399816615081,0.0008513998166150734,7.589415207398531e-18,2.842170943040401e-14,nan,nan,analytic,0.09049799999161223,0
1667204,call,JPY,10.99377606676001,10.993776066760006,3.552713678800501e-15,0.0,nan,nan,analytic,0.10042800001031083,0
885350,call,EUR,3.1142928080486842,3.1142928080486794,4.884981308350689e-15,2.842170943040401e-14,nan,nan,analytic,0.09064000001046679,0
243494,call,USD,2.679685334154489e-85,0.0,2.679685334154489e-85,1.4210854715202004e-14,nan,nan,analytic,0.09013500000776276,0
3270964,put,JPY,40.12427688434923,40.12427688434923,0.0,7.105427357601002e-15,nan,nan,analytic,0.09114999998871554,0
1769718,put,USD,12.139076713839543,12.139076713839557,1.4210854715202004e-14,1.5987211554602254e-14,nan,nan,analytic,0.0917349999980388,0
2437129,put,EUR,40.0,40.0,0.0,0.0,7.766729481772927e-10,4.519248669510034e-06,cross_engine,1.885501000003842,0
564573,call,USD,22.027917482571297,22.027917482571276,2.1316282072803006e-14,3.552713678800501e-14,0.007483765944137133,0.004079796093527932,cross_engine,1.8876299999988078,0
2040186,put,USD,12.352667551453067,12.352667551453088,2.1316282072803006e-14,1.9539925233402755e-14,nan,nan,analytic,0.10368300000607178,0
2071682,put,USD,42.446230056691846,42.446230056691846,0.0,0.0,nan,nan,analytic,0.09142999999767198,0
1592318,call,JPY,7.247119309024853e-24,0.0,7.247119309024853e-24,7.105427357601002e-15,nan,nan,analytic,0.09047199999656641,0
2502507,put,EUR,8.06523274423936e-12,8.06523274423936e-12,0.0,0.0,1.8005355511555796e-12,8.06523274423936e-12,cross_engine,1.9053319999926543,0
7784,call,USD,4.715838590697574,4.715838590697571,3.552713678800501e-15,7.105427357601002e-15,nan,nan,analytic,0.09839299998759543,0
2006722,put,USD,-5.120413708011347e-15,0.0,5.120413708011347e-15,7.105427357601002e-15,nan,nan,analytic,0.09316699998862532,0
2671198,put,EUR,40.88345584965306,40.88345584965306,0.0,0.0,nan,nan,analytic,0.08913500001028751,0
2030979,put,USD,2.208400673418243e-07,2.2084007283105977e-07,5.489235475271255e-15,1.4210854715202004e-14,1.167986094225666e-08,8.178387183135521e-09,cross_engine,1.9004629999983536,0
1877838,put,USD,44.70888533536238,44.70888533536237,1.4210854715202004e-14,3.552713678800501e-15,nan,nan,analytic,0.09807099999648017,0
1393465,call,JPY,1.838373374998653e-51,0.0,1.838373374998653e-51,0.0,1.833197333752156e-51,1.838373374998653e-51,cross_engine,1.8801169999989042,0
1750107,put,USD,0.005638321957724346,0.005638321957725456,1.1102230246251565e-15,7.105427357601002e-15,5.143325723287219e-05,2.1722414212767445e-05,cross_engine,1.8886329999929785,0
2730116,put,EUR,24.938446227231427,24.938446227231438,1.0658141036401503e-14,2.1316282072803006e-14,nan,nan,analytic,0.09853900000678095,0
2845094,put,EUR,0.0004343049495679911,0.0004343049495591951,8.796023805157649e-15,0.0,nan,nan,analytic,0.09182800000928637,0
333331,call,USD,45.60875994230181,45.608759942301816,7.105427357601002e-15,0.0,7.538110615712412e-06,2.2792727300213755e-05,cross_engine,1.8756630000069663,0
2971045,put,JPY,2.5375873636908612,2.537587363690875,1.3766765505351941e-14,7.105427357601002e-15,0.001851554780520015,0.00035354606560478175,cross_engine,1.9059740000102465,0
2906430,put,JPY,66.5311393125942,66.53113931259422,1.4210854715202004e-14,1.4210854715202004e-14,nan,nan,analytic,0.10201099999562757,0
2563708,put,EUR,50.29423996925389,50.294239969253894,7.105427357601002e-15,0.0,nan,nan,analytic,0.09191700000599212,0
308389,call,USD,4.907278935114493,4.9072789351144905,2.6645352591003757e-15,1.4210854715202004e-14,0.0018617184738234371,7.514383690043758e-05,cross_engine,1.9006890000099474,0
2729036,put,EUR,6.660613207230842,6.660613207230853,1.0658141036401503e-14,0.0,nan,nan,analytic,0.09986700000297333,0
3087687,put,JPY,12.370968933962004,12.37096893396199,1.4210854715202004e-14,2.1316282072803006e-14,0.003485663080290635,0.0005617857630095813,cross_engine,1.9431240000074013,0
2547239,put,EUR,81.27373115156313,81.27373115156311,1.4210854715202004e-14,1.4210854715202004e-14,0.0005547417457592019,2.6897280648086053e-05,cross_engine,1.9125940000037644,0
709014,call,EUR,74.59409386131236,74.59409386131242,5.684341886080802e-14,4.263256414560601e-14,nan,nan,analytic,0.10007900000630343,0
1228095,call,JPY,24.889792660645107,24.889792660645114,7.105427357601002e-15,3.552713678800501e-15,1.2109795832770942e-07,4.261003631711446e-06,cross_engine,1.8934379999961948,0
3107133,put,JPY,19.02843514467247,19.028435144672457,1.4210854715202004e-14,7.105427357601002e-15,0.0017563502800861386,0.0014982222000732293,cross_engine,1.9003190000006498,0
2237450,put,USD,10.412554982616129,10.412554982616115,1.4210854715202004e-14,3.552713678800501e-15,nan,nan,analytic,0.09849900000347134,0
1481619,call,JPY,1.8676293707654281,1.8676293707654317,3.552713678800501e-15,5.329070518200751e-15,0.00020591151227811189,0.0001504682051256534,cross_engine,1.8940109999903143,0
902888,call,EUR,50.77261073860254,50.77261073860255,1.4210854715202004e-14,1.4210854715202004e-14,nan,nan,analytic,0.10120400000346308,0
1410419,call,JPY,0.07930734635585202,0.0793073463558458,6.217248937900877e-15,3.197442310920451e-14,9.012114889364597e-05,2.897777695023973e-05,cross_engine,1.9007110000046623,0
2711127,put,EUR,7.159255449371872,7.159255449371884,1.1546319456101628e-14,1.4210854715202004e-14,0.0005173641114737393,0.0007476505212000717,cross_engine,1.8884419999949387,0
1356771,call,JPY,0.023251541411981713,0.023251541411981713,0.0,1.4210854715202004e-14,9.99344599665157e-05,3.645879077065345e-05,cross_engine,1.8857240000045294,0
1144411,call,EUR,20.95670393781076,20.956703937810786,2.4868995751603507e-14,1.0658141036401503e-14,1.6316374267688616e-05,0.00336189147167687,cross_engine,1.886230000010869,0
2081011,put,USD,9.067707280634275,9.067707280634291,1.5987211554602254e-14,1.9539925233402755e-14,0.003111290420202195,0.0004435354372063216,cross_engine,1.8896819999980607,0
3150740,put,JPY,36.48312635914549,36.4831263591455,1.4210854715202004e-14,0.0,nan,nan,analytic,0.11191299999779858,0
455408,call,USD,6.553354185176377,6.553354185176389,1.1546319456101628e-14,2.042810365310288e-14,nan,nan,analytic,0.09383100000093236,0
3085705,put,JPY,7.771561172376096e-15,8.326672684688674e-16,6.938893903907228e-15,7.105427357601002e-15,7.73664325583058e-15,7.771561172376096e-15,cross_engine,1.871321999999509,0
2772123,put,EUR,26.054465710542242,26.05446571054224,3.552713678800501e-15,7.105427357601002e-15,0.0017649166504476455,0.0013865299991806523,cross_engine,1.8832410000015898,0
1934952,put,USD,68.07888028360156,68.07888028360156,0.0,0.0,nan,nan,analytic,0.10995899999954872,0
60844,call,USD,0.19413629536451804,0.1941362953645127,5.329070518200751e-15,3.552713678800501e-15,nan,nan,analytic,0.09466899999210909,0
3205288,put,JPY,-6.667267039374088e-15,0.0,6.667267039374088e-15,1.4210854715202004e-14,nan,nan,analytic,0.09166799999604791,0
624719,call,EUR,1.2861596897238912,1.28615968972389,1.1102230246251565e-15,2.1316282072803006e-14,0.0010271464587574552,0.00024664897532611363,cross_engine,1.8912369999952716,0
3214883,put,JPY,13.137644186591785,13.137644186591785,0.0,0.0,0.0006651142131346433,0.001054657472863596,cross_engine,1.8997630000114896,0
3044682,put,JPY,4.135539226695716e-09,4.135534280403145e-09,4.94629257062783e-15,7.105427357601002e-15,nan,nan,analytic,0.10098799999980201,0
3272149,put,JPY,60.54455650791172,60.544556507911736,1.4210854715202004e-14,7.105427357601002e-15,0.00010816747911235325,0.0037773099610802774,cross_engine,1.865285999997468,0
3313067,put,JPY,9.89524533664147e-12,9.895245336641572e-12,1.0178198943523583e-25,1.4210854715202004e-14,1.913996529626698e-12,9.89524533664147e-12,cross_engine,1.88014100000089,0
492810,call,USD,15.422874101018195,15.422874101018195,0.0,0.0,nan,nan,analytic,0.10116499998957806,0
1352075,call,JPY,0.0008908942592882642,0.0008908942592882607,3.469446951953614e-18,0.0,9.754367220540924e-06,7.155251554222556e-06,cross_engine,1.910071000011726,0
999844,call,EUR,32.98762567573161,32.98762567573161,0.0,0.0,nan,nan,analytic,0.09977099999503025,0
839968,call,EUR,0.6284936983306783,0.6284936983306775,7.771561172376096e-16,2.6645352591003757e-15,nan,nan,analytic,0.10503100000391896,0
2093246,put,USD,9.823375342125718,9.823375342125715,3.552713678800501e-15,5.329070518200751e-15,nan,nan,analytic,0.09206000000006043,0
1487047,call,JPY,4.962989828782905,4.962989828782909,4.440892098500626e-15,1.3322676295501878e-14,9.915543250915704e-05,0.000688327765209884,cross_engine,1.8770249999988664,0
1861899,put,USD,49.958921004957645,49.95892100495762,2.842170943040401e-14,2.1316282072803006e-14,1.3601283654907093e-07,6.689035559759304e-05,cross_engine,1.8755580000089367,0
3027894,put,JPY,8.86706368568089,8.867063685680883,7.105427357601002e-15,1.7763568394002505e-14,nan,nan,analytic,0.11260099999788054,0
1032958,call,EUR,15.112389744677069,15.112389744677053,1.5987211554602254e-14,4.263256414560601e-14,nan,nan,analytic,0.09321599999623231,0
1347435,call,JPY,7.834981828916991,7.834981828916991,0.0,0.0,0.0005790346760852216,0.0005917529472974081,cross_engine,1.8644550000033178,0
1038344,call,EUR,12.98121637085386,12.981216370853865,5.329070518200751e-15,1.9539925233402755e-14,nan,nan,analytic,0.10029099999542268,0
776233,call,EUR,17.951453160901412,17.951453160901412,0.0,0.0,0.005691349790655664,0.0020249349760561586,cross_engine,1.8717459999919583,0
637752,call,EUR,0.00022110045722721985,0.00022110045722721974,1.0842021724855044e-19,0.0,nan,nan,analytic,0.11036200000091867,0
874317,call,EUR,24.549223321450587,24.54922332145062,3.197442310920451e-14,1.7763568394002505e-14,3.763744629026178e-05,0.0038461859892962025,cross_engine,1.8855790000031902,0
1740724,put,USD,28.266152693845385,28.266152693845385,0.0,1.0658141036401503e-14,nan,nan,analytic,0.10833600001092236,0
3134395,put,JPY,64.6802411493136,64.6802411493136,0.0,0.0,7.55284901288178e-08,3.837230845249451e-05,cross_engine,1.8661709999889808,0
2609705,put,EUR,14.55690020664491,14.556900206644912,1.7763568394002505e-15,8.881784197001252e-15,6.294973052511921e-05,0.0017213379519169791,cross_engine,1.884762000003093,0
873817,call,EUR,0.00018793777689567727,0.00018793777689567713,1.3552527156068805e-19,1.4210854715202004e-14,4.699959521458589e-06,4.509318218075649e-06,cross_engine,1.883055999996941,0
1383021,call,JPY,47.267455311566195,47.267455311566195,0.0,7.105427357601002e-15,0.0012706087157994261,0.01363595135606488,cross_engine,1.8862319999897181,0
2140916,put,USD,0.7196786891321781,0.7196786891321807,2.55351295663786e-15,4.6629367034256575e-15,nan,nan,analytic,0.09882200001243291,0
324260,call,USD,1.9001228221308533,1.900122822130843,1.021405182655144e-14,3.019806626980426e-14,nan,nan,analytic,0.09245100000043749,0
1175366,call,EUR,2.1144326853244246,2.114432685324438,1.3322676295501878e-14,3.863576125695545e-14,nan,nan,analytic,0.09322200000383418,0
125423,call,USD,1.2348197940120356e-88,0.0,1.2348197940120356e-88,1.4210854715202004e-14,1.2348197927278814e-88,1.2348197940120356e-88,cross_engine,1.8828979999909734,0
1872650,put,USD,28.23975610082478,28.239756100824792,1.0658141036401503e-14,1.4210854715202004e-14,nan,nan,analytic,0.10002999999869644,0
2452810,put,EUR,1.9927713815391215,1.9927713815391108,1.0658141036401503e-14,7.105427357601002e-15,nan,nan,analytic,0.09088100000553823,0
3236714,put,JPY,0.01583524457173767,0.015835244571729468,8.201772594418344e-15,7.105427357601002e-15,nan,nan,analytic,0.10402099999851089,0
2301980,put,EUR,-2.1967424656673237e-15,0.0,2.1967424656673237e-15,0.0,nan,nan,analytic,0.09132200000294688,0
884653,call,EUR,7.37880748299009e-05,7.378807482990137e-05,4.743384504624082e-19,7.105427357601002e-15,1.953959036262107e-06,1.8910986876124976e-06,cross_engine,1.92289999999673,0
605991,call,EUR,1.4260419472455805,1.4260419472455812,6.661338147750939e-16,1.2434497875801753e-14,0.0002197074114678177,0.00020047749031970596,cross_engine,1.9094059999957835,0
1421403,call,JPY,12.701505412683126,12.701505412683133,7.105427357601002e-15,7.105427357601002e-15,0.004089698748583004,0.001756901402663047,cross_engine,1.881857000000764,0
1070027,call,EUR,67.3099792974801,67.3099792974801,0.0,0.0,0.00026630949938066806,0.01636395119619749,cross_engine,1.8966850000055047,0
1460563,call,JPY,6.324163968374929e-05,6.324163968374945e-05,1.6263032587282567e-19,7.105427357601002e-15,1.8417340313678045e-06,1.7889450367623231e-06,cross_engine,1.8876359999921988,0
107378,call,USD,25.862310315613875,25.86231031561387,7.105427357601002e-15,7.105427357601002e-15,nan,nan,analytic,0.09884000000681681,0
2644212,put,EUR,94.29985305121335,94.29985305121336,1.4210854715202004e-14,1.4210854715202004e-14,nan,nan,analytic,0.09418299998742441,0
2108517,put,USD,0.005139424199200009,0.005139424199200007,1.734723475976807e-18,0.0,5.4709879862053015e-05,1.8827892519945877e-05,cross_engine,1.8672870000102648,0
1311158,call,JPY,37.9292958897848,37.92929588978478,1.4210854715202004e-14,1.4210854715202004e-14,nan,nan,analytic,0.1001760000036711,0
2977083,put,JPY,-7.197745597951512e-15,0.0,7.197745597951512e-15,1.4210854715202004e-14,7.197745597951512e-15,7.197745597951512e-15,cross_engine,1.8718439999929615,0
3030446,put,JPY,31.28341265850726,31.283412658507274,1.4210854715202004e-14,2.4868995751603507e-14,nan,nan,analytic,0.09995400000661903,0
2152115,put,USD,0.00819749190174904,0.00819749190175778,8.741271595447131e-15,2.1316282072803006e-14,2.5872909496311297e-05,1.55057424187071e-05,cross_engine,1.873877000008406,0
1679998,put,USD,15.063797305266366,15.06379730526637,3.552713678800501e-15,7.105427357601002e-15,nan,nan,analytic,0.09970099999634385,0
1346173,call,JPY,1.0154734392330737e-80,0.0,1.0154734392330737e-80,0.0,1.0154733289295768e-80,1.0154734392330737e-80,cross_engine,1.8654929999968317,0
1860719,put,USD,35.62559566864724,35.62559566864721,3.552713678800501e-14,3.552713678800501e-14,0.0007734797278970973,0.003470228816958354,cross_engine,1.8880610000024944,0
956433,call,EUR,55.23395801541604,55.23395801541605,7.105427357601002e-15,0.0,5.248222052500751e-07,1.2440932039226027e-05,cross_engine,1.8856829999975844,0
613955,call,EUR,1.3322725141506144e-33,0.0,1.3322725141506144e-33,0.0,1.1888328784568691e-33,1.3322725141506144e-33,cross_engine,1.8847179999994523,0
2123761,put,USD,25.290744190538067,25.290744190538078,1.0658141036401503e-14,1.0658141036401503e-14,0.0076040946911710705,0.0011552791679250163,cross_engine,1.8897419999888143,0
1785295,put,USD,0.6969657881291482,0.69696578812915,1.7763568394002505e-15,0.0,0.0003704120947243261,0.0002448834244010989,cross_engine,1.8761200000056988,0
878981,call,EUR,6.174474024402165e-08,6.1744740244022e-08,3.441071348220595e-22,0.0,4.9655931367987845e-09,2.1905048618602163e-09,cross_engine,1.8648979999937865,0
2768915,put,EUR,59.1937502226234,59.19375022262341,7.105427357601002e-15,7.105427357601002e-15,0.00021094326182691248,5.65517711450525e-05,cross_engine,1.895285000003355,0
2449761,put,EUR,50.0,50.0,0.0,0.0,7.118153177998465e-09,1.4514508315244257e-05,cross_engine,1.8912580000005619,0
1474151,call,JPY,20.13876473634645,20.13876473634646,1.0658141036401503e-14,7.105427357601002e-15,0.0001699820840244115,2.2641477652740605e-05,cross_engine,1.8846229999951447,0
731751,call,EUR,2.5669151524282015,2.5669151524282015,0.0,0.0,0.0008474828945534973,0.0002979557244215947,cross_engine,1.88562299999262,0
3164496,put,JPY,-4.445452784364587e-15,0.0,4.445452784364587e-15,0.0,nan,nan,analytic,0.09974299999271352,0
2241840,put,USD,3.66312071146359e-08,3.663120711463576e-08,1.3896634290890865e-22,3.552713678800501e-15,nan,nan,analytic,0.09130200000129207,0
2917807,put,JPY,55.56995694862123,55.569956948621254,2.1316282072803006e-14,2.1316282072803006e-14,2.81490420661612e-06,5.268859715101826e-05,cross_engine,1.8726360000016484,0
1006362,call,EUR,27.019162920995672,27.01916292099566,1.0658141036401503e-14,1.7763568394002505e-14,nan,nan,analytic,0.10120700000015859,0
1700659,put,USD,60.16230256938245,60.16230256938245,0.0,7.105427357601002e-15,3.060759661366319e-05,0.004242518154100594,cross_engine,1.8810320000000047,0
2558409,put,EUR,58.238555383945034,58.23855538394503,7.105427357601002e-15,2.1316282072803006e-14,0.001602604938938157,0.004635345516255995,cross_engine,1.8922930000115912,0
632716,call,EUR,3.8612722687167074e-84,0.0,3.8612722687167074e-84,1.4210854715202004e-14,nan,nan,analytic,0.0984330000051159,0
320655,call,USD,47.81713283734896,47.81713283734896,0.0,0.0,0.00045480739466086106,0.006482039899417202,cross_engine,1.8848260000083883,0
2486157,put,EUR,0.10286289712689878,0.102862897126899,2.220446049250313e-16,2.842170943040401e-14,0.0005976790316362807,0.00011854697032388783,cross_engine,1.915706000005457,0
2195281,put,USD,2.0331700723925845,2.033170072392574,1.0658141036401503e-14,8.881784197001252e-15,0.0008507776770070308,8.476960207692841e-05,cross_engine,1.8882370000028459,0
3161031,put,JPY,10.415553292599109,10.415553292599107,1.7763568394002505e-15,1.7763568394002505e-15,0.0018907155003269338,0.0008479049778813419,cross_engine,1.880980000009913,0
3068117,put,JPY,9.261952273780278e-15,3.5113245944969288e-15,5.7506276792833496e-15,0.0,7.0931752096996e-15,9.261952273780278e-15,cross_engine,1.8774029999946151,0
1692387,put,USD,20.01150574598909,20.01150574598909,0.0,0.0,1.95069205233267e-09,1.5090726677158273e-06,cross_engine,1.8713639999958787,0
3133749,put,JPY,55.0124579425895,55.012457942589485,1.4210854715202004e-14,7.105427357601002e-15,5.338069186677785e-07,9.5127617449009e-05,cross_engine,1.9361900000092191,0
348490,call,USD,95.00400667927393,95.00400667927397,4.263256414560601e-14,2.842170943040401e-14,nan,nan,analytic,0.10046600000634953,0
2918602,put,JPY,70.18906476138707,70.18906476138709,1.4210854715202004e-14,1.4210854715202004e-14,nan,nan,analytic,0.10370399999715119,0
2919484,put,JPY,0.00858622798226814,0.008586227982277483,9.343220641611083e-15,3.552713678800501e-15,nan,nan,analytic,0.09074599999792099,0
330881,call,USD,7.797447077826824e-05,7.797447077826855e-05,3.1170812458958252e-19,1.7763568394002505e-14,2.7568915972042685e-06,3.1041872749252794e-06,cross_engine,1.8706209999947987,0
1956261,put,USD,20.069351157787104,20.06935115778711,7.105427357601002e-15,7.105427357601002e-15,0.0003779204950369319,0.0021410795796903415,cross_engine,1.8737959999981513,0
2721888,put,EUR,13.022717367926726,13.022717367926731,5.329070518200751e-15,7.105427357601002e-15,nan,nan,analytic,0.10597200000006524,0
2440710,put,EUR,0.16936278929819437,0.1693627892981997,5.329070518200751e-15,1.0658141036401503e-14,nan,nan,analytic,0.09568500000511904,0
3010451,put,JPY,0.01421599848234023,0.014215998482339787,4.440892098500626e-16,8.881784197001252e-15,0.0001255619240860019,4.395430027114011e-05,cross_engine,1.8683879999912278,0
3057212,put,JPY,0.9198350938047106,0.9198350938047213,1.0658141036401503e-14,3.552713678800501e-15,nan,nan,analytic,0.1158050000071853,0
667188,call,EUR,0.919154894109674,0.9191548941096759,1.887379141862766e-15,2.1316282072803006e-14,nan,nan,analytic,0.09055799999657665,0
3196736,put,JPY,6.284136535458492,6.284136535458494,1.7763568394002505e-15,8.881784197001252e-15,nan,nan,analytic,0.08922400000699326,0
2910026,put,JPY,30.955303868525927,30.955303868525924,3.552713678800501e-15,0.0,nan,nan,analytic,0.08764599999722122,0
1124709,call,EUR,6.554238701875087,6.554238701875093,6.217248937900877e-15,7.105427357601002e-15,0.005938525507546366,0.0003593377355839422,cross_engine,1.8734270000067,0
2042808,put,USD,63.5908958874804,63.59089588748037,2.842170943040401e-14,2.842170943040401e-14,nan,nan,analytic,0.09742100000664777,0
148881,call,USD,20.135463365836433,20.135463365836436,3.552713678800501e-15,7.105427357601002e-15,6.120945919008136e-07,0.0024402606488393985,cross_engine,1.8747520000061968,0
431550,call,USD,9.370120634008519,9.370120634008515,3.552713678800501e-15,7.993605777301127e-15,nan,nan,analytic,0.09772699999643919,0
2223460,put,USD,-3.481582435239453e-15,0.0,3.481582435239453e-15,1.0658141036401503e-14,nan,nan,analytic,0.08857899999270558,0
336128,call,USD,20.186336665281065,20.186336665281054,1.0658141036401503e-14,3.552713678800501e-15,nan,nan,analytic,0.08846800000128496,0
1028748,call,EUR,49.8768642024126,49.8768642024126,0.0,7.105427357601002e-15,nan,nan,analytic,0.08779999998864696,0
806018,call,EUR,64.69216050603151,64.6921605060315,1.4210854715202004e-14,2.842170943040401e-14,nan,nan,analytic,0.08656500000370215,0
3058630,put,JPY,24.53269648118242,24.532696481182406,1.4210854715202004e-14,1.4210854715202004e-14,nan,nan,analytic,0.12310600000375871,0
512215,call,USD,2.509601044731404e-05,2.509601044731408e-05,4.0657581468206416e-20,0.0,8.064468505025319e-07,8.63847300961474e-07,cross_engine,1.8799260000008644,0
2241493,put,USD,4.319910832470661,4.319910832470658,3.552713678800501e-15,7.105427357601002e-15,0.002102955187146094,9.178040159607548e-05,cross_engine,1.8829880000055255,0
2331658,put,EUR,0.804727171382194,0.8047271713821837,1.021405182655144e-14,1.0658141036401503e-14,nan,nan,analytic,0.09783500000537515,0
3115403,put,JPY,5.905952556740021e-07,5.905952589218178e-07,3.247815699106843e-15,7.105427357601002e-15,4.319208780911028e-08,5.0619394482543485e-08,cross_engine,1.8711169999932054,0
1734571,put,USD,25.018232954263866,25.018232954263866,0.0,1.0658141036401503e-14,5.133388469857891e-07,0.002028412163866733,cross_engine,1.887592000002769,0
2735117,put,EUR,11.805064872684918,11.805064872684937,1.9539925233402755e-14,1.7763568394002505e-15,0.0026946177353188716,0.0009896669224769283,cross_engine,1.8980969999944364,0
1549875,call,JPY,59.988494254010895,59.98849425401092,2.1316282072803006e-14,1.4210854715202004e-14,1.0833737462689896e-08,2.273133959107554e-05,cross_engine,1.8677019999984168,0
2016009,put,USD,47.62737003273381,47.6273700327338,7.105427357601002e-15,0.0,0.011996825646768627,0.0015009572751623068,cross_engine,1.8807550000019546,0
977640,call,EUR,6.007468440752457,6.0074684407524614,4.440892098500626e-15,3.552713678800501e-15,nan,nan,analytic,0.09861800000976473,0
2283722,put,EUR,85.03548101541735,85.03548101541733,1.4210854715202004e-14,1.4210854715202004e-14,nan,nan,analytic,0.08944600000404535,0
3165187,put,JPY,0.011424943087472507,0.011424943087464251,8.255549022173625e-15,7.105427357601002e-15,6.655114809049449e-05,3.6686710046833146e-05,cross_engine,1.8755809999930761,0
1989866,put,USD,0.0077491569481046105,0.00774915694810463,1.9081958235744878e-17,0.0,nan,nan,analytic,0.09546100000079605,0
1514363,call,JPY,54.72943481864997,54.72943481864998,7.105427357601002e-15,0.0,1.44769835230818e-07,7.354688029437284e-05,cross_engine,1.8744150000031823,0
1429506,call,JPY,69.28669179506326,69.28669179506326,0.0,1.4210854715202004e-14,nan,nan,analytic,0.09856600000546223,0
2335198,put,EUR,41.31295050075505,41.31295050075508,2.842170943040401e-14,7.105427357601002e-15,nan,nan,analytic,0.08984900000541529,0
1349862,call,JPY,1.131186498148983,1.1311864981489865,3.552713678800501e-15,1.5987211554602254e-14,nan,nan,analytic,0.0894670000093356,0
1995303,put,USD,3.5818762114697104e-11,3.582307175859737e-11,4.309643900264957e-15,1.0658141036401503e-14,9.604800826365969e-12,3.5818762114697104e-11,cross_engine,1.8681199999974751,0
894164,call,EUR,0.2654487068632674,0.26544870686327116,3.774758283725532e-15,5.329070518200751e-15,nan,nan,analytic,0.09805999999912274,0
1514039,call,JPY,58.16754996763546,58.16754996763546,0.0,7.105427357601002e-15,1.5660262334904473e-05,9.519876421393292e-06,cross_engine,1.8679500000047256,0
771023,call,EUR,5.511977932178997,5.511977932178988,8.881784197001252e-15,1.4210854715202004e-14,0.0026014218949921286,0.0004460241347485905,cross_engine,1.8732780000050298,0
1090672,call,EUR,2.316935483825351e-35,0.0,2.316935483825351e-35,0.0,nan,nan,analytic,0.10048099998982707,0
2536517,put,EUR,1.3763640447233085,1.3763640447233083,2.220446049250313e-16,0.0,0.000696289531374461,7.250651434143052e-05,cross_engine,1.8671379999943838,0
373625,call,USD,5.916372653945896,5.916372653945896,0.0,3.552713678800501e-15,0.0015660979986380497,0.00045219191306600237,cross_engine,1.8724749999989854,0
573929,call,USD,30.153307022074834,30.15330702207484,7.105427357601002e-15,3.552713678800501e-15,1.7436576982277074e-07,7.487037649411832e-06,cross_engine,1.8930199999971364,0
2661987,put,EUR,0.025336758966998982,0.02533675896700166,2.67841304690819e-15,3.552713678800501e-15,6.854871818965172e-05,2.060915308889355e-05,cross_engine,1.8791810000067244,0
368929,call,USD,1.9141752306510588e-20,0.0,1.9141752306510588e-20,1.4210854715202004e-14,1.0901650091252147e-20,1.9141752306510588e-20,cross_engine,1.8810330000036402,0
1033822,call,EUR,20.466028100697812,20.46602810069782,7.105427357601002e-15,2.1316282072803006e-14,nan,nan,analytic,0.09980999999470441,0
2328249,put,EUR,23.878062965573957,23.87806296557396,3.552713678800501e-15,7.105427357601002e-15,0.0004403177566416616,0.002008856081896937,cross_engine,1.8762760000043954,0
1311035,call,JPY,74.32940589564399,74.32940589564399,0.0,1.4210854715202004e-14,0.013171017477716873,0.029465103890757405,cross_engine,1.8914080000058675,0
1719624,put,USD,-3.3306690738754696e-15,0.0,3.3306690738754696e-15,3.552713678800501e-15,nan,nan,analytic,0.10065400000769387,0
1728866,put,USD,30.034174360753852,30.034174360753838,1.4210854715202004e-14,3.552713678800501e-15,nan,nan,analytic,0.0919619999990573,0
1796557,put,USD,33.165659898215864,33.16565989821585,1.4210854715202004e-14,0.0,0.01364801005009042,0.00010771006625986956,cross_engine,1.882120000004761,0
898108,call,EUR,25.61210329412829,25.61210329412829,0.0,7.105427357601002e-15,nan,nan,analytic,0.0981199999898763,0
1407292,call,JPY,32.771840410299646,32.771840410299646,0.0,0.0,nan,nan,analytic,0.08946399999842924,0
902206,call,EUR,1.4558172903286297,1.4558172903286248,4.884981308350689e-15,1.4210854715202004e-14,nan,nan,analytic,0.08933600000204933,0
3003409,put,JPY,80.83114392981429,80.83114392981429,0.0,2.842170943040401e-14,0.00015491363240016653,0.005184407498887822,cross_engine,1.8926350000043612,0
3255070,put,JPY,79.99943409110509,79.99943409110507,1.4210854715202004e-14,1.4210854715202004e-14,nan,nan,analytic,0.09837499999321153,0
3053832,put,JPY,20.000072099345687,20.000072099345687,0.0,1.4210854715202004e-14,nan,nan,analytic,0.09053300000516629,0
1238984,call,JPY,1.814960960557921e-27,0.0,1.814960960557921e-27,0.0,nan,nan,analytic,0.10040900001229147,0
2188591,put,USD,2.557171253807136,2.5571712538071445,8.43769498715119e-15,7.105427357601002e-15,0.001013403764783316,0.00012873967247939433,cross_engine,1.8642210000052728,0
2569910,put,EUR,55.39719236821124,55.397192368211236,7.105427357601002e-15,7.105427357601002e-15,nan,nan,analytic,0.1122870000074272,0
354892,call,USD,87.34078244039674,87.34078244039674,0.0,0.0,nan,nan,analytic,0.0942630000082545,0
2109072,put,USD,4.0165076178764565,4.016507617876455,1.7763568394002505e-15,7.105427357601002e-15,nan,nan,analytic,0.08983099999682054,0
1215435,call,JPY,1.9445123141111273e-29,0.0,1.9445123141111273e-29,0.0,1.5696059192574546e-29,1.9445123141111273e-29,cross_engine,1.8695640000032654,0
3072713,put,JPY,37.134196424939915,37.134196424939915,0.0,7.105427357601002e-15,0.001007035778322063,0.003278553590327249,cross_engine,1.8772509999962494,0
1005896,call,EUR,30.147762957104867,30.14776295710488,1.4210854715202004e-14,1.0658141036401503e-14,nan,nan,analytic,0.10875299999213439,0
1697022,put,USD,2.316023006614272e-05,2.3160230069474257e-05,3.331536435613458e-15,5.329070518200751e-15,nan,nan,analytic,0.09285199999453653,0
3303418,put,JPY,3.199003578851727,3.1990035788517233,3.552713678800501e-15,0.0,nan,nan,analytic,0.09256200000606896,0
2686729,put,EUR,0.9106431863636094,0.9106431863636075,1.887379141862766e-15,7.105427357601002e-15,0.0006377135800241795,2.144093944500547e-05,cross_engine,1.872697999999673,0
1557595,call,JPY,39.36625571983054,39.366255719830534,7.105427357601002e-15,1.4210854715202004e-14,0.004607189676903545,0.00833149570206615,cross_engine,1.8813279999960741,0
1066679,call,EUR,21.262411343860983,21.262411343860975,7.105427357601002e-15,1.9539925233402755e-14,0.0009025880270137066,0.0035910627920721083,cross_engine,1.8724379999923713,0
1102676,call,EUR,25.25655207142087,25.256552071420874,3.552713678800501e-15,0.0,nan,nan,analytic,0.09915699999396566,0
3331594,put,JPY,1.0234410430670927e-14,6.1322152610236166e-15,4.10219516964731e-15,0.0,nan,nan,analytic,0.10300099999938084,0
3159707,put,JPY,0.35589409721370235,0.35589409721370746,5.10702591327572e-15,0.0,0.000471237085461651,5.0972266763982255e-05,cross_engine,1.8634239999926194,0
1768331,put,USD,0.12854880655015855,0.1285488065501621,3.552713678800501e-15,1.7763568394002505e-15,0.00010916929445009549,3.813377025402298e-05,cross_engine,1.8779470000112042,0
403457,call,USD,1.6933595793310846e-32,0.0,1.6933595793310846e-32,1.0658141036401503e-14,1.5541566844329802e-32,1.6933595793310846e-32,cross_engine,1.8842419999884896,0
3264173,put,JPY,32.79979474142632,32.79979474142633,1.4210854715202004e-14,2.1316282072803006e-14,0.0007164932744316843,0.0017597103603392839,cross_engine,1.8784500000066373,0
66364,call,USD,39.3627686230582,39.36276862305819,1.4210854715202004e-14,0.0,nan,nan,analytic,0.09924900000157777,0
2496524,put,EUR,5.101981787314527e-13,5.206900668861663e-13,1.0491888154713624e-14,0.0,nan,nan,analytic,0.09008700000379122,0
1013452,call,EUR,14.718935914036347,14.718935914036344,3.552713678800501e-15,5.329070518200751e-15,nan,nan,analytic,0.08971699999449356,0
2052232,put,USD,31.46440949561611,31.464409495616103,7.105427357601002e-15,3.552713678800501e-15,nan,nan,analytic,0.08813899999893238,0
1901013,put,USD,0.7717157481258196,0.7717157481257999,1.965094753586527e-14,3.452793606584237e-14,0.00023246182453029451,7.794433252361621e-05,cross_engine,1.8710220000031086,0
1050314,call,EUR,14.374860737776839,14.374860737776828,1.0658141036401503e-14,2.4868995751603507e-14,nan,nan,analytic,0.10750999999231681,0
323591,call,USD,2.3746732259889303,2.3746732259889356,5.329070518200751e-15,1.021405182655144e-14,0.0003048865509875931,0.0002893186804588943,cross_engine,1.8854739999909498,0
2401769,put,EUR,50.0,50.0,0.0,0.0,4.864446623287222e-10,2.8245303553831036e-06,cross_engine,1.9218909999949574,0
2721002,put,EUR,0.0003172822053363345,0.0003172822053343176,2.016941301474784e-15,1.4210854715202004e-14,nan,nan,analytic,0.10615899999777412,0
2749940,put,EUR,-5.547922249449144e-15,0.0,5.547922249449144e-15,2.1316282072803006e-14,nan,nan,analytic,0.0930879999998524,0
928955,call,EUR,16.65460872388384,16.65460872388384,0.0,1.0658141036401503e-14,0.002497599370524739,0.0026548664862602323,cross_engine,1.8924640000079762,0
782024,call,EUR,9.435323468684248e-12,9.434397707508424e-12,9.257611758236426e-16,0.0,nan,nan,analytic,0.0996260000079019,0
1685675,put,USD,5.175914499443074,5.175914499443081,7.105427357601002e-15,6.217248937900877e-15,2.274856809503234e-05,0.0006161809450757616,cross_engine,1.8832310000078678,0
3333826,put,JPY,1.6409506219254197,1.6409506219254162,3.552713678800501e-15,0.0,nan,nan,analytic,0.09864600001208146,0
2119734,put,USD,2.8799654677358406e-10,2.879898943720591e-10,6.6524015249865715e-15,1.4210854715202004e-14,nan,nan,analytic,0.10510599999236092,0
1203623,call,JPY,3.7768860094368734e-156,0.0,3.7768860094368734e-156,0.0,3.7768860094368734e-156,3.7768860094368734e-156,cross_engine,1.8729539999924327,0
1662681,call,JPY,90.26145116189973,90.26145116189971,1.4210854715202004e-14,1.4210854715202004e-14,0.00727908119317533,0.03855667283596631,cross_engine,1.8957950000100254,0
243956,call,USD,6.218985438939792e-05,6.21898543893976e-05,3.2526065174565133e-19,0.0,nan,nan,analytic,0.09806299999581825,0
548979,call,USD,50.90106578455674,50.90106578455674,0.0,7.105427357601002e-15,2.016476572919146e-05,1.0682535538819593e-05,cross_engine,1.8788809999961131,0
2918237,put,JPY,74.28021906625199,74.28021906625199,0.0,7.105427357601002e-15,0.006574073942189784,0.003632658462365157,cross_engine,1.8924329999947531,0
227324,call,USD,17.04245330756326,17.04245330756325,1.0658141036401503e-14,5.329070518200751e-15,nan,nan,analytic,0.09648900000058802,0
3114162,put,JPY,4.831022434465404e-12,4.8226973585237445e-12,8.325075941659714e-15,0.0,nan,nan,analytic,0.0938099999956421,0
928416,call,EUR,20.25858517493372,20.258585174933742,2.1316282072803006e-14,1.4210854715202004e-14,nan,nan,analytic,0.08933099999808292,0
1266804,call,JPY,0.0033180194167903828,0.0033180194167903576,2.5153490401663703e-17,7.105427357601002e-15,nan,nan,analytic,0.10222999999598414,0
517431,call,USD,3.7153331833347503e-38,0.0,3.7153331833347503e-38,2.4868995751603507e-14,3.5623696526640957e-38,3.7153331833347503e-38,cross_engine,1.8515380000110326,0
1764376,put,USD,20.345019592979256,20.345019592979256,0.0,0.0,nan,nan,analytic,0.109636000004798,0
2120589,put,USD,0.15727122165244833,0.15727122165245255,4.218847493575595e-15,1.4210854715202004e-14,0.00012801885420068992,0.00011052809994399615,cross_engine,1.8568059999921616,0
2574059,put,EUR,28.30614588054706,28.306145880547035,2.4868995751603507e-14,2.4868995751603507e-14,0.002780960454440873,0.001823104582811652,cross_engine,1.958243000004245,0
1022562,call,EUR,55.110200480664986,55.11020048066497,1.4210854715202004e-14,1.4210854715202004e-14,nan,nan,analytic,0.10032699999840133,0
2183961,put,USD,16.488636368068228,16.488636368068235,7.105427357601002e-15,1.0658141036401503e-14,0.0011526464564077799,0.001464128502927764,cross_engine,1.8711710000047788,0
68814,call,USD,58.29867245254183,58.298672452541844,1.4210854715202004e-14,1.4210854715202004e-14,nan,nan,analytic,0.09790199999315519,0
573381,call,USD,40.06320331142553,40.06320331142555,2.1316282072803006e-14,1.4210854715202004e-14,6.984636513607256e-08,3.316112533013893e-06,cross_engine,1.8754520000072716,0
1049371,call,EUR,55.32303017765628,55.323030177656236,4.263256414560601e-14,4.263256414560601e-14,0.021255537644925937,0.019978620627398413,cross_engine,1.8868129999987104,0
1222747,call,JPY,14.776204322183194,14.77620432218319,3.552713678800501e-15,1.7763568394002505e-15,0.00035258403690363593,0.002389935622321815,cross_engine,1.8860149999966325,0
557984,call,USD,7.935215530335694,7.9352155303356895,4.440892098500626e-15,7.993605777301127e-15,nan,nan,analytic,0.09725699999307835,0
1565274,call,JPY,6.2474364706141285,6.247436470614112,1.687538997430238e-14,5.329070518200751e-15,nan,nan,analytic,0.08896699999638713,0
1387458,call,JPY,12.275265292672358,12.275265292672351,7.105427357601002e-15,1.4210854715202004e-14,nan,nan,analytic,0.0871280000040997,0
230805,call,USD,53.313339609851056,53.31333960985104,1.4210854715202004e-14,1.4210854715202004e-14,1.332769607387263e-05,0.006661959681906637,cross_engine,1.8826809999978877,0
340298,call,USD,25.037553521544933,25.037553521544936,3.552713678800501e-15,1.0658141036401503e-14,nan,nan,analytic,0.096833000000629,0
2519772,put,EUR,11.908053474969286,11.908053474969286,0.0,7.105427357601002e-15,nan,nan,analytic,0.08900399998879038,0
250962,call,USD,2.4554346900094744e-81,0.0,2.4554346900094744e-81,0.0,nan,nan,analytic,0.10131499999488369,0
1910245,put,USD,7.653365250710394,7.653365250710383,1.0658141036401503e-14,2.1316282072803006e-14,0.0037524195316427367,0.00027226339757202567,cross_engine,1.8613029999983155,0
2871448,put,EUR,26.53530145229205,26.535301452292074,2.4868995751603507e-14,2.4868995751603507e-14,nan,nan,analytic,0.10617899999942892,0
3273599,put,JPY,0.8137669303127026,0.8137669303127018,8.881784197001252e-16,1.0658141036401503e-14,5.6315251037220015e-05,6.271526179246756e-05,cross_engine,1.8568210000040608,0
1485594,call,JPY,34.81098147445659,34.81098147445659,0.0,7.105427357601002e-15,nan,nan,analytic,0.09520700000109628,0
2158592,put,USD,0.003877422694964187,0.003877422694965049,8.621575675604731e-16,7.105427357601002e-15,nan,nan,analytic,0.10141099998861591,0
1713324,put,USD,91.06642888296619,91.06642888296616,2.842170943040401e-14,2.842170943040401e-14,nan,nan,analytic,0.08833399999730318,0
2084416,put,USD,58.223303510301356,58.22330351030135,7.105427357601002e-15,7.105427357601002e-15,nan,nan,analytic,0.08813700000587232,0
2342411,put,EUR,7.182460206430259,7.182460206430255,4.440892098500626e-15,7.105427357601002e-15,0.003879996401141561,0.00011432203269023944,cross_engine,1.8943759999956455,0
2272612,put,USD,0.5996062146296932,0.599606214629695,1.7763568394002505e-15,1.2434497875801753e-14,nan,nan,analytic,0.10208999999861135,0
215427,call,USD,5.000246591377203,5.00024659137722,1.687538997430238e-14,1.509903313490213e-14,6.788155998194156e-06,0.0006205515883239698,cross_engine,1.889477000005968,0
1301106,call,JPY,4.258296219020673,4.258296219020664,8.881784197001252e-15,1.865174681370263e-14,nan,nan,analytic,0.1023530000026085,0
1229241,call,JPY,9.381943526978377,9.381943526978375,1.7763568394002505e-15,7.993605777301127e-15,0.0008628246054946942,0.0014674885961714068,cross_engine,1.9318100000020877,0
2795740,put,EUR,22.01874447703126,22.018744477031248,1.0658141036401503e-14,1.0658141036401503e-14,nan,nan,analytic,0.10016500000631368,0
910215,call,EUR,23.32803605672826,23.32803605672825,7.105427357601002e-15,0.0,3.190861085400343e-05,0.0031708379801216324,cross_engine,1.8730030000000397,0
2656988,put,EUR,1.2780299698828081,1.2780299698828053,2.886579864025407e-15,3.552713678800501e-15,nan,nan,analytic,0.10115100000973598,0
1543125,call,JPY,74.70862247498397,74.70862247498397,0.0,1.4210854715202004e-14,2.1200965250045556e-06,0.00023639780093276386,cross_engine,1.865402000007066,0
3053960,put,JPY,43.513245375878455,43.51324537587845,7.105427357601002e-15,7.105427357601002e-15,nan,nan,analytic,0.09848099999487658,0
3046348,put,JPY,22.48637416111893,22.48637416111894,7.105427357601002e-15,3.552713678800501e-15,nan,nan,analytic,0.08866100000659571,0
214822,call,USD,25.031808239853483,25.031808239853497,1.4210854715202004e-14,1.5987211554602254e-14,nan,nan,analytic,0.08753500000580061,0
488199,call,USD,2.7367036397636287e-14,2.8064736976611658e-14,6.977005789753708e-16,7.105427357601002e-15,9.077644130882057e-15,2.7367036397636287e-14,cross_engine,1.8641710000082412,0
699787,call,EUR,34.555948609224004,34.555948609224004,0.0,7.105427357601002e-15,0.0007605859760033695,0.006544626359669792,cross_engine,1.8949629999980289,0
872361,call,EUR,5.227353840556303e-13,5.228399048154543e-13,1.0452075982397144e-16,0.0,1.2703311361520985e-13,5.227353840556303e-13,cross_engine,1.8624410000001035,0
2269169,put,USD,2.5593484945618123e-11,2.558143354667004e-11,1.205139894808166e-14,0.0,4.278109089077162e-12,2.5593484945618123e-11,cross_engine,1.852797000012174,0
1749565,put,USD,7.253607147530202e-06,7.253607147530256e-06,5.421010862427522e-20,1.7763568394002505e-14,2.913620977716948e-07,3.256798292604894e-07,cross_engine,1.8693810000058875,0
3332113,put,JPY,0.10827739336406524,0.10827739336407238,7.147060721024445e-15,1.4210854715202004e-14,0.0002470971017500406,8.934258456783084e-05,cross_engine,1.8700419999930773,0
2874371,put,EUR,8.806994494233316e-14,8.427880650786794e-14,3.791138434465218e-15,0.0,2.975669561040455e-14,8.806994494233316e-14,cross_engine,1.8733960000076877,0
266435,call,USD,3.596406445796149e-06,3.596406445796152e-06,2.964615315390051e-21,7.105427357601002e-15,2.0087279424038186e-07,2.145062706751563e-07,cross_engine,1.8820530000027702,0
1658332,call,JPY,65.28936818210599,65.28936818210599,0.0,0.0,nan,nan,analytic,0.09826199999452001,0
340428,call,USD,25.89580245200521,25.895802452005228,1.7763568394002505e-14,7.105427357601002e-15,nan,nan,analytic,0.09089799999628667,0
1117763,call,EUR,0.16705766702262048,0.16705766702262537,4.884981308350689e-15,2.842170943040401e-14,0.00019297905363677148,8.856567825804573e-05,cross_engine,1.873130000006995,0
1340589,call,JPY,3.1796854535384984,3.1796854535384913,7.105427357601002e-15,7.105427357601002e-15,0.003134674652829794,0.00036876262354335054,cross_engine,1.8868939999947543,0
1270560,call,JPY,14.922281869969655,14.922281869969638,1.7763568394002505e-14,5.329070518200751e-15,nan,nan,analytic,0.09698799999569019,0
782638,call,EUR,53.203222278090244,53.20322227809024,7.105427357601002e-15,1.4210854715202004e-14,nan,nan,analytic,0.08907599999474769,0
388187,call,USD,1.2063613995210341e-155,0.0,1.2063613995210341e-155,1.4210854715202004e-14,1.2063613995210341e-155,1.2063613995210341e-155,cross_engine,1.857544000003486,0
3345435,put,JPY,0.7571621800805901,0.7571621800805914,1.3322676295501878e-15,1.4210854715202004e-14,0.0008442657382801144,2.6211073644089034e-05,cross_engine,1.878100999988419,0
275601,call,USD,6.718387291214971,6.718387291214981,9.769962616701378e-15,5.329070518200751e-15,0.0008260342924879538,0.0009495007055742022,cross_engine,1.8990420000051245,0
1222127,call,JPY,2.0128761358639256e-52,0.0,2.0128761358639256e-52,1.4210854715202004e-14,2.008953929100486e-52,2.0128761358639256e-52,cross_engine,1.884317999994778,0
490349,call,USD,0.0018117678874225859,0.0018117678874225891,3.2526065174565133e-18,1.4210854715202004e-14,3.284078768921129e-05,2.904341407409909e-05,cross_engine,1.8936470000028294,0
2395481,put,EUR,1.0416241370469632,1.0416241370469557,7.549516567451064e-15,1.4210854715202004e-14,0.0007790071521678321,0.0002651909595015045,cross_engine,1.8817950000027395,0
2854779,put,EUR,2.465163227676934,2.465163227676932,2.220446049250313e-15,4.884981308350689e-15,0.0010017007727345373,0.0001804955705226874,cross_engine,1.8705540000070187,0
1905852,put,USD,28.699181909072465,28.69918190907245,1.4210854715202004e-14,2.842170943040401e-14,nan,nan,analytic,0.09908800001312557,0
3315472,put,JPY,0.2253909968902765,0.22539099689026454,1.1962653090336062e-14,7.105427357601002e-15,nan,nan,analytic,0.09005900000147449,0
965844,call,EUR,4.375298137357044,4.375298137357042,1.7763568394002505e-15,0.0,nan,nan,analytic,0.09960200000591612,0
1366674,call,JPY,14.72121645283329,14.72121645283329,0.0,1.7763568394002505e-15,nan,nan,analytic,0.09055799999657665,0
1083117,call,EUR,0.0,0.0,0.0,1.4210854715202004e-14,0.0,0.0,cross_engine,1.8617110000036519,0
1779698,put,USD,-2.7726834241375598e-15,0.0,2.7726834241375598e-15,1.0658141036401503e-14,nan,nan,analytic,0.10790900000756665,0
1143606,call,EUR,34.196684230095514,34.1966842300955,1.4210854715202004e-14,7.105427357601002e-15,nan,nan,analytic,0.08839200000920755,0
3003388,put,JPY,82.91177332078809,82.91177332078809,0.0,0.0,nan,nan,analytic,0.08884499999339823,0
209747,call,USD,5.520867251795689,5.520867251795686,3.552713678800501e-15,7.105427357601002e-15,0.0017193507802355512,0.0006584279046464303,cross_engine,1.9662260000075094,0
764023,call,EUR,0.04352991870988365,0.04352991870988365,0.0,2.1316282072803006e-14,5.374029985208417e-05,0.00011310500420447928,cross_engine,1.8896349999977247,0
208077,call,USD,60.13228910002463,60.13228910002463,0.0,7.105427357601002e-15,6.414755162609254e-07,0.023204337195188884,cross_engine,1.8799300000011954,0
3155789,put,JPY,20.11485926350989,20.114859263509885,3.552713678800501e-15,3.552713678800501e-15,1.5984525347789713e-07,8.614937748063767e-06,cross_engine,1.8638220000042338,0
2383723,put,EUR,6.273780831803156e-08,6.273781152674088e-08,3.208709312897745e-15,7.105427357601002e-15,6.289838234220862e-09,6.349721501254558e-10,cross_engine,1.8825390000074549,0
2538210,put,EUR,19.800996701033913,19.800996701033938,2.4868995751603507e-14,1.7763568394002505e-14,nan,nan,analytic,0.10489500000687713,0
1100592,call,EUR,1.0649831666118141e-130,0.0,1.0649831666118141e-130,2.1316282072803006e-14,nan,nan,analytic,0.0917660000112619,0
928210,call,EUR,24.94897751379975,24.94897751379972,3.197442310920451e-14,7.105427357601002e-15,nan,nan,analytic,0.1015479999892932,0
1267306,call,JPY,5.269154930068926e-05,5.2691549300689245e-05,1.3552527156068805e-20,0.0,nan,nan,analytic,0.08968000000209031,0
2301259,put,EUR,76.0118749946685,76.0118749946685,0.0,0.0,4.664060199388587e-06,4.093339163091514e-05,cross_engine,1.8644980000033229,0
954238,call,EUR,94.184651096072,94.18465109607203,2.842170943040401e-14,1.4210854715202004e-14,nan,nan,analytic,0.09604800000317937,0
2501241,put,EUR,16.321711386483173,16.321711386483173,0.0,2.1316282072803006e-14,0.004052610414444047,0.0011912627431236444,cross_engine,1.8576549999949066,0
2377520,put,EUR,0.007870737900980461,0.007870737900968983,1.1478665240538533e-14,0.0,nan,nan,analytic,0.10575800000367508,0
1080094,call,EUR,3.8595241999611614,3.8595241999611645,3.1086244689504383e-15,5.329070518200751e-15,nan,nan,analytic,0.08907400000168764,0
1124563,call,EUR,0.048179291559088504,0.04817929155908873,2.2898349882893854e-16,4.263256414560601e-14,0.00036346012189764076,9.142373207815524e-05,cross_engine,1.877411000009488,0
2862964,put,EUR,0.053740408094090635,0.05374040809409819,7.556455461354972e-15,0.0,nan,nan,analytic,0.10213400000225192,0
2033546,put,USD,3.0656006215650243e-06,3.0656006215650145e-06,9.740878893424454e-21,1.4210854715202004e-14,nan,nan,analytic,0.09111299999631228,0
1571566,call,JPY,16.624019856250587,16.624019856250587,0.0,1.0658141036401503e-14,nan,nan,analytic,0.09014299999421382,0
1032876,call,EUR,2.4563677712589334e-05,2.4563677712589188e-05,1.4568966692773966e-19,7.105427357601002e-15,nan,nan,analytic,0.08893499999373944,0
3021895,put,JPY,1.1159736952659287,1.1159736952659305,1.7763568394002505e-15,7.105427357601002e-15,0.002287263730649247,0.0003780863200804063,cross_engine,1.899217999991265,0
2527935,put,EUR,55.10615780123937,55.106157801239355,1.4210854715202004e-14,1.4210854715202004e-14,0.0004547095420690539,0.0028789340545216646,cross_engine,1.8936230000008436,0
2333552,put,EUR,11.278863819813052,11.278863819813054,1.7763568394002505e-15,7.105427357601002e-15,nan,nan,analytic,0.09886299999095627,0
3113787,put,JPY,0.0008271171387961695,0.0008271171388044129,8.243405957841787e-15,0.0,1.5346380549399242e-05,1.4343540547809958e-05,cross_engine,1.8684069999892472,0
70696,call,USD,29.605830309845786,29.605830309845786,0.0,3.552713678800501e-15,nan,nan,analytic,0.09846600001139905,0
991596,call,EUR,0.08066662127865531,0.08066662127865909,3.774758283725532e-15,1.4210854715202004e-14,nan,nan,analytic,0.08930499998882624,0
1289768,call,JPY,36.7537660511389,36.753766051138875,2.842170943040401e-14,4.263256414560601e-14,nan,nan,analytic,0.08606500000496453,0
2272187,put,USD,21.065703907194337,21.065703907194326,1.0658141036401503e-14,1.0658141036401503e-14,0.0042039943418679115,0.0007542071621848834,cross_engine,1.8700180000053024,0
1067215,call,EUR,10.54061030624471,10.540610306244687,2.3092638912203256e-14,1.9539925233402755e-14,0.0026335256831853116,0.0014133966098608397,cross_engine,1.871950999998262,0
3014046,put,JPY,60.080493902962495,60.0804939029625,7.105427357601002e-15,7.105427357601002e-15,nan,nan,analytic,0.09739200000069559,0
59985,call,USD,4.200397540356526,4.200397540356526,0.0,7.105427357601002e-15,0.0013084324785372914,0.0004972379589123221,cross_engine,1.879521999995859,0
1316788,call,JPY,44.89603939693027,44.896039396930306,3.552713678800501e-14,2.842170943040401e-14,nan,nan,analytic,0.10291200000267509,0
204328,call,USD,0.6073471240151654,0.6073471240151704,4.9960036108132044e-15,3.552713678800501e-15,nan,nan,analytic,0.08989100000178496,0
2580085,put,EUR,25.32480254273042,25.324802542730424,3.552713678800501e-15,7.105427357601002e-15,0.001833174639688906,0.001985025151661546,cross_engine,1.8850720000074261,0
1839600,put,USD,0.00013142054007062257,0.0001314205400628531,7.769474083194061e-15,7.105427357601002e-15,nan,nan,analytic,0.09708200001057321,0
438996,call,USD,19.298902127172674,19.298902127172667,7.105427357601002e-15,7.105427357601002e-15,nan,nan,analytic,0.08836599999995087,0
1803724,put,USD,80.04834532037103,80.04834532037101,1.4210854715202004e-14,1.4210854715202004e-14,nan,nan,analytic,0.08760800000118252,0
1555709,call,JPY,63.215303288756886,63.2153032887569,1.4210854715202004e-14,0.0,1.0657595915120055e-05,9.353371476805705e-05,cross_engine,1.8898499999977503,0
741893,call,EUR,7.354234133029885e-14,7.688379792408337e-14,3.3414565937845187e-15,1.4210854715202004e-14,1.895376882556793e-14,7.354234133029885e-14,cross_engine,1.8784519999996974,0
2378139,put,EUR,-5.531041730239639e-15,0.0,5.531041730239639e-15,0.0,5.531041730239639e-15,5.531041730239639e-15,cross_engine,1.8689639999962537,0
2844509,put,EUR,30.002115142175523,30.002115142175526,3.552713678800501e-15,1.4210854715202004e-14,0.001208517532603537,0.0026465862073266067,cross_engine,1.8878030000024637,0
36819,call,USD,0.021076802595402455,0.021076802595402455,0.0,1.4210854715202004e-14,9.13236822716601e-05,2.140161391426393e-05,cross_engine,1.868598000001498,0
3285082,put,JPY,1.3666428301669643e-09,1.3666478015933932e-09,4.97142642893163e-15,0.0,nan,nan,analytic,0.11127999999871463,0
505533,call,USD,0.16120672921002124,0.16120672921002077,4.718447854656915e-16,2.4868995751603507e-14,0.00033426097308045244,0.00011778003200527132,cross_engine,1.8677169999961052,0
312059,call,USD,8.027715671821069,8.027715671821078,8.881784197001252e-15,3.197442310920451e-14,0.0013991058529416733,0.0010047939493347258,cross_engine,1.8825769999892827,0
3347523,put,JPY,-9.99243234617684e-15,0.0,9.99243234617684e-15,0.0,9.99243234617684e-15,9.99243234617684e-15,cross_engine,1.8756719999970528,0
3149233,put,JPY,9.983804106875088,9.983804106875084,3.552713678800501e-15,1.0658141036401503e-14,1.7880670419856415e-06,0.0009862452351150353,cross_engine,1.8754899999890995,0
2795412,put,EUR,10.615699966422428,10.615699966422426,1.7763568394002505e-15,1.0658141036401503e-14,nan,nan,analytic,0.09681600000988055,0
1834997,put,USD,0.005193603612117172,0.005193603612121622,4.4504330776184986e-15,4.440892098500626e-15,2.7349722135460233e-05,1.5845141068776027e-05,cross_engine,1.8657570000044643,0
1603173,call,JPY,2.03355347941959e-138,0.0,2.03355347941959e-138,7.105427357601002e-15,2.03355347941959e-138,2.03355347941959e-138,cross_engine,1.9207029999961378,0
1095993,call,EUR,1.4049050157345075e-11,1.4048609952981482e-11,4.4020436359306927e-16,1.4210854715202004e-14,3.140815347861842e-12,1.4049050157345075e-11,cross_engine,1.9010310000027175,0
1772873,put,USD,2.055823261738702,2.0558232617387002,1.7763568394002505e-15,7.105427357601002e-15,0.0011345082276985607,0.0001402419168150537,cross_engine,1.9030750000013086,0
814491,call,EUR,30.279386193421033,30.279386193421033,0.0,7.105427357601002e-15,0.004680569764268228,0.006148285819350008,cross_engine,1.8985229999941566,0
3006810,put,JPY,36.540623007176855,36.54062300717686,7.105427357601002e-15,7.105427357601002e-15,nan,nan,analytic,0.09765100000436178,0
3097752,put,JPY,12.277725462211603,12.277725462211603,0.0,0.0,nan,nan,analytic,0.08788600000286806,0
3339458,put,JPY,2.7883174916574425,2.7883174916574305,1.199040866595169e-14,1.7763568394002505e-14,nan,nan,analytic,0.08662799999115123,0
648289,call,EUR,3.4793111203932914,3.479311120393291,4.440892098500626e-16,5.329070518200751e-15,0.00210693548905061,0.0002828560606693564,cross_engine,1.897610000000327,0
1771675,put,USD,-7.145448932391574e-15,0.0,7.145448932391574e-15,0.0,7.14544894478548e-15,7.145448932391574e-15,cross_engine,1.8912069999998948,0
1910720,put,USD,0.03135268043165556,0.03135268043166095,5.3915205633359164e-15,2.1316282072803006e-14,nan,nan,analytic,0.09687600000063412,0
579003,call,USD,55.19183820372635,55.19183820372635,0.0,0.0,0.0003900230710485175,0.006804828872411406,cross_engine,1.8934529999938832,0
2489407,put,EUR,11.28873203603375,11.28873203603375,0.0,5.329070518200751e-15,0.00022853279649659441,0.0012660657920484653,cross_engine,1.8917160000029298,0
2414043,put,EUR,55.049294807577965,55.049294807577965,0.0,0.0,3.5809947007692244e-08,6.4601080467241445e-06,cross_engine,1.8889790000002904,0
3265694,put,JPY,55.0937438844396,55.09374388443956,3.552713678800501e-14,2.1316282072803006e-14,nan,nan,analytic,0.0998040000013134,0
2549514,put,EUR,10.085066888882142,10.085066888882139,3.552713678800501e-15,7.105427357601002e-15,nan,nan,analytic,0.08926600000336293,0
799229,call,EUR,8.962624849337988e-07,8.962624849337988e-07,0.0,7.105427357601002e-15,4.183596060463432e-08,4.6771314401611186e-08,cross_engine,1.893522000003145,0
913376,call,EUR,8.93414302069174e-90,0.0,8.93414302069174e-90,1.4210854715202004e-14,nan,nan,analytic,0.09931099999960225,0
661086,call,EUR,7.222136226480364,7.222136226480355,8.881784197001252e-15,7.105427357601002e-15,nan,nan,analytic,0.09093600000653623,0
425809,call,USD,3.075672632627278,3.0756726326272883,1.021405182655144e-14,3.1086244689504383e-15,0.0001495132021940293,0.00034336370778120795,cross_engine,1.9025379999959569,0
734406,call,EUR,0.0,0.0,0.0,7.105427357601002e-15,nan,nan,analytic,0.0974499999983891,0
2839421,put,EUR,-6.6600597738903816e-15,0.0,6.6600597738903816e-15,0.0,6.6600597738903816e-15,6.6600597738903816e-15,cross_engine,1.8848579999968251,0
462716,call,USD,89.86027757854504,89.86027757854508,4.263256414560601e-14,2.842170943040401e-14,nan,nan,analytic,0.09573900000248159,0
3013582,put,JPY,51.02673012680557,51.026730126805575,7.105427357601002e-15,7.105427357601002e-15,nan,nan,analytic,0.08916699999872435,0
523573,call,USD,1.7027859514840762,1.7027859514840795,3.3306690738754696e-15,7.105427357601002e-15,0.0009043706129283624,0.0006023525842187016,cross_engine,1.8894539999934068,0
439783,call,USD,1.3375437585477723e-05,1.3375437585477659e-05,6.437450399132683e-20,0.0,2.5022643103270776e-07,1.1702350125893492e-07,cross_engine,1.8914330000114887,0
706297,call,EUR,23.99755909633498,23.997559096334996,1.4210854715202004e-14,1.0658141036401503e-14,0.00019865606998692442,0.003741244278238298,cross_engine,1.8866909999957215,0
2303303,put,EUR,5.10829452690498,5.108294526904956,2.398081733190338e-14,1.5987211554602254e-14,1.0460167843007184e-07,0.0003656349222431743,cross_engine,1.8668710000042665,0
1584236,call,JPY,0.24002989839822256,0.2400298983982223,2.498001805406602e-16,1.7763568394002505e-15,nan,nan,analytic,0.10759500000290245,0
1937238,put,USD,1.2201355611075984,1.220135561107604,5.551115123125783e-15,4.884981308350689e-15,nan,nan,analytic,0.09130400000856298,0
1237872,call,JPY,1.0332400110412736e-229,0.0,1.0332400110412736e-229,0.0,nan,nan,analytic,0.08981999999946311,0
449910,call,USD,0.27710594198746125,0.2771059419874593,1.942890293094024e-15,5.329070518200751e-15,nan,nan,analytic,0.09008000000676475,0
3329817,put,JPY,61.95560189153681,61.95560189153677,3.552713678800501e-14,3.552713678800501e-14,0.013965494479528218,0.001494394105442609,cross_engine,1.8834229999953322,0
2025553,put,USD,0.8932874293166783,0.8932874293166755,2.7755575615628914e-15,1.4210854715202004e-14,0.0007663261822205003,0.00011226010812370735,cross_engine,1.869421000009197,0
1563244,call,JPY,5.794474551415825e-35,0.0,5.794474551415825e-35,1.4210854715202004e-14,nan,nan,analytic,0.09597700000085752,0
1644710,call,JPY,0.5159392975490921,0.5159392975490924,3.3306690738754696e-16,1.0658141036401503e-14,nan,nan,analytic,0.0880070000022215,0
3193910,put,JPY,-5.350406465337903e-15,0.0,5.350406465337903e-15,2.1316282072803006e-14,nan,nan,analytic,0.0871259999968288,0
1869700,put,USD,0.8440323540904133,0.8440323540904089,4.440892098500626e-15,1.0658141036401503e-14,nan,nan,analytic,0.0858800000003157,0
2978274,put,JPY,0.00023822173631151802,0.00023822173631151897,9.486769009248164e-19,1.4210854715202004e-14,nan,nan,analytic,0.08703399998921668,0
40913,call,USD,20.600942891667813,20.600942891667813,0.0,7.105427357601002e-15,0.00021499317484341418,0.0036685705412189407,cross_engine,1.8760770000056937,0
2442798,put,EUR,41.1076971321726,41.1076971321726,0.0,7.105427357601002e-15,nan,nan,analytic,0.09554199999683988,0
124863,call,USD,0.0,0.0,0.0,1.4210854715202004e-14,0.0,0.0,cross_engine,1.8679289999994353,0
12538,call,USD,0.0028597231478789953,0.0028597231478789953,0.0,7.105427357601002e-15,nan,nan,analytic,0.09610600000087288,0
1579042,call,JPY,1.276943318364976e-52,0.0,1.276943318364976e-52,3.552713678800501e-15,nan,nan,analytic,0.0881649999939782,0
2784421,put,EUR,20.03614781356113,20.03614781356113,0.0,3.552713678800501e-15,5.903184613487156e-05,0.0017028417790427852,cross_engine,1.8763530000001083,0
639624,call,EUR,0.0007254395892129107,0.000725439589212909,1.734723475976807e-18,0.0,nan,nan,analytic,0.09572000000446224,0
3290252,put,JPY,-4.922634203576784e-15,0.0,4.922634203576784e-15,0.0,nan,nan,analytic,0.08942700000602599,0
544314,call,USD,25.43803586311145,25.438035863111438,1.0658141036401503e-14,1.4210854715202004e-14,nan,nan,analytic,0.08721700000080546,0
785754,call,EUR,31.95620712514765,31.95620712514765,0.0,7.105427357601002e-15,nan,nan,analytic,0.08748300000149811,0
571500,call,USD,75.00954585369932,75.00954585369936,4.263256414560601e-14,2.842170943040401e-14,nan,nan,analytic,0.08601400000429749,0
382785,call,USD,20.61265396196504,20.61265396196505,1.0658141036401503e-14,7.105427357601002e-15,6.5322525024669176e-06,6.466249953263059e-06,cross_engine,1.863470000003531,0
1384641,call,JPY,19.97574920459531,19.975749204595317,7.105427357601002e-15,7.105427357601002e-15,0.0012619171871648405,0.0035849552055360334,cross_engine,1.8881040000024996,0
1680568,put,USD,20.109642941063342,20.109642941063342,0.0,3.552713678800501e-15,nan,nan,analytic,0.09531700000309229,0
948149,call,EUR,0.2622558617696522,0.26225586176965265,4.440892098500626e-16,2.1316282072803006e-14,0.00014365817685352278,0.00015504925977832817,cross_engine,1.906069999989768,0
2578430,put,EUR,0.4669714671081001,0.4669714671081131,1.2989609388114332e-14,3.375077994860476e-14,nan,nan,analytic,0.09752599999046652,0
1282317,call,JPY,19.37738450211365,19.377384502113642,7.105427357601002e-15,7.105427357601002e-15,0.0001426480444379763,0.0031029000153175446,cross_engine,1.8916160000088666,0
878553,call,EUR,23.97320881797357,23.973208817973568,3.552713678800501e-15,1.4210854715202004e-14,0.005168107738164451,0.0034138570457962203,cross_engine,1.8870510000112972,0
2681373,put,EUR,37.69625069139145,37.69625069139145,0.0,0.0,0.004453231910936495,0.0008202236477927727,cross_engine,1.9050570000018752,0
1565591,call,JPY,0.22677399493584385,0.22677399493584538,1.5265566588595902e-15,6.661338147750939e-15,9.168915512589026e-05,0.00011268576379552808,cross_engine,1.8893330000082642,0
510826,call,USD,8.420348800716424e-31,0.0,8.420348800716424e-31,0.0,nan,nan,analytic,0.09841799999321665,0
2430856,put,EUR,55.05726279176811,55.05726279176811,0.0,0.0,nan,nan,analytic,0.09046000000978438,0
436919,call,USD,14.257408526995004,14.257408526994993,1.0658141036401503e-14,8.881784197001252e-15,1.7910639158458252e-06,0.0009584123008465895,cross_engine,1.8883460000012064,0
3058406,put,JPY,2.300881457660555,2.300881457660555,0.0,3.552713678800501e-15,nan,nan,analytic,0.09974200000328892,0
1689417,put,USD,75.0,75.0,0.0,0.0,2.6938195674119925e-08,2.2035806878761832e-05,cross_engine,1.8632040000028383,0
668940,call,EUR,49.04117577929709,49.0411757792971,7.105427357601002e-15,0.0,nan,nan,analytic,0.09661899999002799,0
226038,call,USD,29.833274760734163,29.833274760734184,2.1316282072803006e-14,1.7763568394002505e-14,nan,nan,analytic,0.08891999999605105,0
1149184,call,EUR,54.18640576246949,54.18640576246949,0.0,1.4210854715202004e-14,nan,nan,analytic,0.08799699999428867,0
1371833,call,JPY,30.000000031304353,30.000000031304353,0.0,0.0,1.2334109200651255e-07,0.002417489467305245,cross_engine,1.8781390000128795,0
3173887,put,JPY,25.297775804223274,25.297775804223264,1.0658141036401503e-14,1.4210854715202004e-14,0.00021890530496548877,0.0026154690486102083,cross_engine,1.888610000008839,0
495352,call,USD,2.4956485942393057e-143,0.0,2.4956485942393057e-143,0.0,nan,nan,analytic,0.0981339999981401,0
879660,call,EUR,34.96069807767639,34.96069807767639,0.0,7.105427357601002e-15,nan,nan,analytic,0.08826499998804138,0
1959176,put,USD,61.264777813201675,61.26477781320166,1.4210854715202004e-14,2.1316282072803006e-14,nan,nan,analytic,0.0884080000105314,0
3091823,put,JPY,23.57285013234273,23.572850132342733,3.552713678800501e-15,7.105427357601002e-15,0.009313816966589172,6.770808905898207e-05,cross_engine,1.883488000004263,0
475717,call,USD,75.87566061307477,75.87566061307479,1.4210854715202004e-14,0.0,0.0015581790319316724,0.024124210590812822,cross_engine,1.8939379999949324,0
2063116,put,USD,23.28558903144016,23.285589031440164,3.552713678800501e-15,3.552713678800501e-15,nan,nan,analytic,0.09800399999448928,0
1637430,call,JPY,19.254064225447365,19.254064225447365,0.0,7.105427357601002e-15,nan,nan,analytic,0.08949100001132138,0
1438089,call,JPY,20.011935711225505,20.011935711225505,0.0,2.4868995751603507e-14,9.655587368584406e-05,0.002772173425238833,cross_engine,1.8840320000066413,0
2139367,put,USD,-3.2170300351202016e-15,0.0,3.2170300351202016e-15,1.0658141036401503e-14,3.2170300366015976e-15,3.2170300351202016e-15,cross_engine,1.8622169999957805,0
585692,call,USD,36.673897765165265,36.67389776516529,2.842170943040401e-14,1.4210854715202004e-14,nan,nan,analytic,0.09603099999822007,0
1929464,put,USD,74.41923634947027,74.41923634947028,1.4210854715202004e-14,0.0,nan,nan,analytic,0.0897129999941626,0
2975708,put,JPY,20.11496285701799,20.114962857017986,3.552713678800501e-15,2.842170943040401e-14,nan,nan,analytic,0.08903200000531797,0
762017,call,EUR,1.702871410685205,1.702871410685205,0.0,0.0,6.43374261461993e-05,0.00013256696044261496,cross_engine,1.9010100000116381,0
2872291,put,EUR,3.8874605185082918,3.8874605185082842,7.549516567451064e-15,7.105427357601002e-15,0.0013158755804618671,1.9688110965532246e-05,cross_engine,1.8960660000004737,0
546619,call,USD,19.245017940677045,19.245017940677037,7.105427357601002e-15,7.105427357601002e-15,0.0010269104279352348,0.0035887920715929056,cross_engine,1.8972290000078829,0
1045117,call,EUR,4.7318430810335316e-06,4.73184308103354e-06,8.470329472543003e-21,7.105427357601002e-15,2.37981495812078e-07,2.1711703967686708e-07,cross_engine,1.8933299999872588,0
705172,call,EUR,42.475086377616854,42.47508637761685,7.105427357601002e-15,0.0,nan,nan,analytic,0.10082400000044345,0
163643,call,USD,10.08836205043412,10.08836205043411,8.881784197001252e-15,0.0,0.002019032298784751,0.0009811817816558488,cross_engine,1.8922100000082764,0
775033,call,EUR,0.15334489462300827,0.1533448946230136,5.329070518200751e-15,3.552713678800501e-15,0.0003664268723148345,4.036916527644374e-05,cross_engine,1.8740849999971942,0
787592,call,EUR,0.4500900355617574,0.4500900355617574,0.0,1.4210854715202004e-14,nan,nan,analytic,0.09974900000031539,0
2924943,put,JPY,1.5675677661386453,1.5675677661386418,3.552713678800501e-15,1.4210854715202004e-14,0.0020654674528159944,0.00014362766880693378,cross_engine,1.8627999999978329,0
3332806,put,JPY,12.608444756288238,12.608444756288229,8.881784197001252e-15,7.105427357601002e-15,nan,nan,analytic,0.0977149999954463,0
715756,call,EUR,69.79533503997071,69.79533503997071,0.0,0.0,nan,nan,analytic,0.08871299999668736,0
688543,call,EUR,18.32157772510789,18.321577725107872,1.7763568394002505e-14,1.4210854715202004e-14,1.2903874932135295e-05,0.002947428013317932,cross_engine,1.869155999997929,0
2299405,put,EUR,42.976308013371,42.976308013371,0.0,7.105427357601002e-15,6.857270425797424e-05,0.002412638177140991,cross_engine,1.8760899999961111,0
789353,call,EUR,40.0,40.0,0.0,7.105427357601002e-15,1.0636540537234396e-09,6.213968063661923e-06,cross_engine,1.8711120000034498,0
1018821,call,EUR,14.557369494551647,14.557369494551665,1.7763568394002505e-14,1.5987211554602254e-14,7.172334148819459e-06,0.0018786733801974265,cross_engine,1.8931420000001253,0
2063226,put,USD,3.1072085617766,3.107208561776588,1.199040866595169e-14,1.1102230246251565e-14,nan,nan,analytic,0.0987330000015163,0
2295426,put,EUR,80.03835763581404,80.03835763581404,0.0,0.0,nan,nan,analytic,0.09861399999522291,0
1486649,call,JPY,26.866242618821428,26.86624261882143,3.552713678800501e-15,3.552713678800501e-15,0.0023673354653510614,0.006542637638094817,cross_engine,1.866758000005575,0
549023,call,USD,50.14008718064409,50.140087180644095,7.105427357601002e-15,1.4210854715202004e-14,0.0014839303778231283,0.012539815100083729,cross_engine,1.885206000011408,0
1862098,put,USD,58.22842237215176,58.22842237215174,2.1316282072803006e-14,2.1316282072803006e-14,nan,nan,analytic,0.09655299999167255,0
918904,call,EUR,6.622646601814779e-05,6.622646601814851e-05,7.182839392716467e-19,1.4210854715202004e-14,nan,nan,analytic,0.08837500000424825,0
1865671,put,USD,10.12338824956199,10.123388249562012,2.3092638912203256e-14,1.5987211554602254e-14,2.0138937321334538e-05,0.0011566643906313345,cross_engine,1.8690130000038607,0
3268150,put,JPY,0.42955157127726,0.42955157127725574,4.274358644806853e-15,5.329070518200751e-15,nan,nan,analytic,0.09733199999573117,0
14831,call,USD,2.1944265869482303e-20,0.0,2.1944265869482303e-20,7.105427357601002e-15,9.843429579108884e-21,2.1944265869482303e-20,cross_engine,1.8716329999932668,0
1617363,call,JPY,35.07791852423367,35.07791852423367,0.0,7.105427357601002e-15,1.2311540587006675e-07,2.448211887440266e-05,cross_engine,1.8697050000042736,0
3291313,put,JPY,0.3965700674021642,0.39657006740216083,3.3861802251067274e-15,1.0658141036401503e-14,0.00014760075678182938,4.8991616501070645e-05,cross_engine,1.8658879999975397,0
618074,call,EUR,0.07936188475620208,0.07936188475620298,9.020562075079397e-16,7.105427357601002e-15,nan,nan,analytic,0.0954249999978174,0
3215079,put,JPY,12.355306849034577,12.355306849034605,2.842170943040401e-14,3.730349362740526e-14,0.0012927622260665572,0.0012588295995907828,cross_engine,1.8634810000008883,0
3211943,put,JPY,0.6135995811682873,0.6135995811682964,9.103828801926284e-15,7.105427357601002e-15,0.0016699376985955805,0.00023601612315204967,cross_engine,1.8685579999981883,0
1555078,call,JPY,74.20108269859801,74.20108269859801,0.0,1.4210854715202004e-14,nan,nan,analytic,0.09798699998952998,0
28303,call,USD,2.8938918865946734e-297,0.0,2.8938918865946734e-297,0.0,2.8938918865946734e-297,2.8938918865946734e-297,cross_engine,1.8927149999967696,0
926408,call,EUR,61.626200233597984,61.62620023359799,7.105427357601002e-15,1.4210854715202004e-14,nan,nan,analytic,0.0978029999885166,0
2637855,put,EUR,53.74748784322134,53.74748784322129,4.973799150320701e-14,6.394884621840902e-14,0.012546232050432593,0.0007629258193659894,cross_engine,1.8871860000047036,0
984116,call,EUR,3.45543373423551e-05,3.455433734235458e-05,5.21772295508649e-19,3.552713678800501e-15,nan,nan,analytic,0.09563300000081654,0
417554,call,USD,40.038333746668094,40.038333746668094,0.0,0.0,nan,nan,analytic,0.08822399999530717,0
3001643,put,JPY,50.568988807805866,50.56898880780586,7.105427357601002e-15,1.4210854715202004e-14,0.0005372819400690787,0.003732077165487624,cross_engine,1.9348690000100532,0
1659603,call,JPY,30.877875494380614,30.877875494380618,3.552713678800501e-15,0.0,7.828037585255743e-06,2.3669481500121492e-05,cross_engine,1.9016859999965163,0
1310238,call,JPY,54.78821113866745,54.78821113866745,0.0,7.105427357601002e-15,nan,nan,analytic,0.09756500000435153,0
2184923,put,USD,38.12214866952448,38.122148669524464,1.4210854715202004e-14,1.0658141036401503e-14,0.0011161872292930752,0.0015656991266013165,cross_engine,1.876793999997517,0
900473,call,EUR,2.3823592291214353,2.382359229121441,5.773159728050814e-15,1.5987211554602254e-14,0.00038250492942104586,0.00014952235919230006,cross_engine,1.8884819999982483,0
936578,call,EUR,2.339322725487792e-09,2.3393138344992444e-09,8.890988547524221e-15,2.1316282072803006e-14,nan,nan,analytic,0.09601899999722718,0
2791584,put,EUR,49.48735547052556,49.48735547052554,1.4210854715202004e-14,1.4210854715202004e-14,nan,nan,analytic,0.08885899998745117,0
1856019,put,USD,50.697005860643266,50.69700586064327,7.105427357601002e-15,1.4210854715202004e-14,0.0005800296826379281,0.0043624754331617055,cross_engine,1.8617939999927557,0
1457819,call,JPY,12.496304867384021,12.49630486738402,1.7763568394002505e-15,1.2434497875801753e-14,0.003500884229929113,0.002294117700468945,cross_engine,1.88245400001108,0
1144911,call,EUR,10.063948149761766,10.06394814976177,5.329070518200751e-15,8.881784197001252e-15,5.4219531042676294e-05,0.001467979825438448,cross_engine,1.8782880000003388,0
569243,call,USD,45.15172328634157,45.151723286341564,7.105427357601002e-15,3.552713678800501e-15,0.010264753960747441,0.014001831640229057,cross_engine,1.8785139999977218,0
790174,call,EUR,24.852427844568766,24.85242784456875,1.4210854715202004e-14,1.7763568394002505e-14,nan,nan,analytic,0.10570400000631253,0
2044632,put,USD,99.85623332380605,99.85623332380604,1.4210854715202004e-14,1.4210854715202004e-14,nan,nan,analytic,0.09017000000710595,0
775443,call,EUR,0.8582415691126144,0.8582415691126144,0.0,7.105427357601002e-15,0.00024218640184703322,9.817954197399725e-05,cross_engine,1.889594999994415,0
2852885,put,EUR,0.0033980173136893025,0.0033980173136944486,5.146057191485198e-15,7.105427357601002e-15,2.4185673402935762e-05,1.694015893560991e-05,cross_engine,1.8671949999884419,0
2966968,put,JPY,31.376178255334175,31.376178255334175,0.0,7.105427357601002e-15,nan,nan,analytic,0.10635900000011134,0
1054411,call,EUR,20.991587362749854,20.991587362749854,0.0,1.0658141036401503e-14,7.752446996178719e-05,0.0030227732304553,cross_engine,1.9498409999982869,0
997949,call,EUR,2.0179893921403385,2.0179893921403327,5.773159728050814e-15,0.0,0.0003052277838269113,6.396429946775584e-05,cross_engine,1.8833970000002864,0
3241333,put,JPY,43.67004900968287,43.67004900968287,0.0,0.0,1.5771973949085805e-08,1.5850281151585932e-05,cross_engine,1.8758200000092984,0
1727005,put,USD,5.814039058837707,5.814039058837714,7.105427357601002e-15,0.0,0.001970796580664569,0.00037516316959873564,cross_engine,1.8697120000013001,0
757724,call,EUR,0.5834785697790297,0.5834785697790261,3.552713678800501e-15,0.0,nan,nan,analytic,0.09657399999696281,0
763769,call,EUR,28.20520238618202,28.205202386182005,1.4210854715202004e-14,0.0,0.0034059492032980643,0.0053373503092650765,cross_engine,1.8795109999985016,0
2499014,put,EUR,0.022540295323441817,0.022540295323441928,1.1102230246251565e-16,1.0658141036401503e-14,nan,nan,analytic,0.09696400000791527,0
2284111,put,EUR,91.24282647640426,91.24282647640429,2.842170943040401e-14,2.842170943040401e-14,0.00014528809252567498,0.005513368700505339,cross_engine,1.8742379999991954,0
1037161,call,EUR,5.795002653489172,5.795002653489163,8.881784197001252e-15,1.7763568394002505e-14,0.00011590689918694608,0.0007766413470271516,cross_engine,1.8870069999934458,0
1415160,call,JPY,42.177670555918475,42.17767055591846,1.4210854715202004e-14,0.0,nan,nan,analytic,0.09608499999558262,0
2529229,put,EUR,76.36572541346052,76.3657254134605,2.842170943040401e-14,1.4210854715202004e-14,0.0009055829768414014,0.004971795463930562,cross_engine,1.8692569999956277,0
1822481,put,USD,-1.6803724386778171e-15,0.0,1.6803724386778171e-15,8.881784197001252e-15,1.6803724414319096e-15,1.6803724386778171e-15,cross_engine,1.8741499999919142,0
980139,call,EUR,1.463480773508334,1.4634807735083335,4.440892098500626e-16,7.105427357601002e-15,0.00030424855017874286,8.633711746730555e-05,cross_engine,1.882535000007124,0
2601470,put,EUR,0.0014618970943999546,0.0014618970943986176,1.337038119109124e-15,1.4210854715202004e-14,nan,nan,analytic,0.09920300000487714,0
1027535,call,EUR,0.001600747331090335,0.0016007473310903353,2.168404344971009e-19,1.4210854715202004e-14,1.2663134738822527e-05,1.5374253367172585e-06,cross_engine,1.8862129999916988,0
2451098,put,EUR,0.0002611918556048153,0.0002611918556134074,8.592085376513126e-15,7.105427357601002e-15,nan,nan,analytic,0.09870499999919957,0
2059648,put,USD,44.54887801321719,44.54887801321719,0.0,1.4210854715202004e-14,nan,nan,analytic,0.08974899999714125,0
2948885,put,JPY,-3.6652686849144574e-15,0.0,3.6652686849144574e-15,1.4210854715202004e-14,3.665268684927718e-15,3.6652686849144574e-15,cross_engine,1.8522879999949282,0
3218254,put,JPY,17.89986192183161,17.899861921831608,3.552713678800501e-15,1.4210854715202004e-14,nan,nan,analytic,0.10046000001295852,0
547351,call,USD,1.7180088223658737e-24,0.0,1.7180088223658737e-24,0.0,1.179742563230243e-24,1.7180088223658737e-24,cross_engine,1.8582360000038989,0
935131,call,EUR,57.50750634427807,57.507506344278056,1.4210854715202004e-14,7.105427357601002e-15,0.005060359815658444,0.019852101005369605,cross_engine,1.8876769999991438,0
1659384,call,JPY,37.95689599016955,37.95689599016954,7.105427357601002e-15,0.0,nan,nan,analytic,0.09695299999634699,0
3192925,put,JPY,41.76005764532261,41.76005764532259,2.1316282072803006e-14,1.4210854715202004e-14,1.841094329790849e-05,0.003797335141022984,cross_engine,1.8777489999877162,0
773415,call,EUR,9.064302196267832,9.06430219626781,2.1316282072803006e-14,1.4210854715202004e-14,0.00168691108475727,0.0013043347991761323,cross_engine,1.865336999998135,0
569961,call,USD,18.667483995989823,18.667483995989848,2.4868995751603507e-14,1.7763568394002505e-14,0.0017934919421485063,0.0031717088793108417,cross_engine,1.8753829999980098,0
529107,call,USD,0.07775246620197264,0.07775246620197374,1.096345236817342e-15,1.0658141036401503e-14,0.00017240603119278441,6.096401247496219e-05,cross_engine,1.8743810000216854,0
2563138,put,EUR,39.901491361930084,39.90149136193007,1.4210854715202004e-14,1.4210854715202004e-14,nan,nan,analytic,0.09600900000350521,0
982054,call,EUR,2.2484911217942604e-122,0.0,2.2484911217942604e-122,0.0,nan,nan,analytic,0.08796599999527643,0
1334482,call,JPY,9.157623180329495e-53,0.0,9.157623180329495e-53,0.0,nan,nan,analytic,0.08752700000513869,0
2173843,put,USD,49.84286802170676,49.84286802170676,0.0,0.0,5.188130103306321e-08,9.52250073282812e-06,cross_engine,1.8595330000152899,0
127071,call,USD,3.4900052898403136e-29,0.0,3.4900052898403136e-29,0.0,2.719407513120869e-29,3.4900052898403136e-29,cross_engine,1.8749900000045727,0
2592891,put,EUR,34.66251802950844,34.66251802950843,7.105427357601002e-15,0.0,5.396627911835594e-05,0.003405180757766857,cross_engine,1.8743550000124287,0
2999744,put,JPY,15.000000000000007,15.000000000000007,0.0,3.552713678800501e-15,nan,nan,analytic,0.09735700001556324,0
1676128,call,JPY,55.234053626454795,55.23405362645481,1.4210854715202004e-14,7.105427357601002e-15,nan,nan,analytic,0.09036800000217227,0
1099362,call,EUR,3.3220569225824415,3.3220569225824352,6.217248937900877e-15,3.552713678800501e-15,nan,nan,analytic,0.08825000000456384,0
1456354,call,JPY,8.880927660041689e-16,-3.327932662357091e-15,4.21602542836126e-15,0.0,nan,nan,analytic,0.08812100000454848,0
2239181,put,USD,0.0002577417971965802,0.0002577417971871788,9.40138808816493e-15,2.842170943040401e-14,5.323537962239537e-06,5.379314389224686e-06,cross_engine,1.8709809999961635,0
680527,call,EUR,43.91484055177729,43.9148405517773,1.4210854715202004e-14,2.1316282072803006e-14,0.003911334445703574,0.009798520267175093,cross_engine,1.8937119999975494,0
1570139,call,JPY,1.891648486978357e-07,1.8916484869783592e-07,2.117582368135751e-22,1.4210854715202004e-14,1.6284828007266723e-08,1.1286703144894457e-08,cross_engine,1.8836280000016359,0
1780616,put,USD,2.6301577398106346,2.6301577398106417,7.105427357601002e-15,7.105427357601002e-15,nan,nan,analytic,0.09851599998000893,0
1836123,put,USD,22.469790478618354,22.469790478618336,1.7763568394002505e-14,3.552713678800501e-15,0.0031753547286399453,0.0014277638176771745,cross_engine,1.8650709999974424,0
124107,call,USD,0.00013149495562964135,0.0001314949556296412,1.6263032587282567e-19,0.0,4.6172454554076e-06,3.254150397863549e-06,cross_engine,1.8705399999987549,0
18497,call,USD,2.288626862648285e-26,0.0,2.288626862648285e-26,0.0,1.6397094399903214e-26,2.288626862648285e-26,cross_engine,1.879970000004505,0
842054,call,EUR,0.5638235284442688,0.5638235284442659,2.886579864025407e-15,1.4210854715202004e-14,nan,nan,analytic,0.09846200001106808,0
595160,call,USD,80.10731491545236,80.10731491545239,2.842170943040401e-14,1.4210854715202004e-14,nan,nan,analytic,0.08926699999278753,0
1932223,put,USD,18.035020917443394,18.035020917443376,1.7763568394002505e-14,1.4210854715202004e-14,0.00026980286423494704,0.0015002705918725212,cross_engine,1.877682000014147,0
547575,call,USD,0.019926833999330165,0.01992683399933004,1.249000902703301e-16,1.4210854715202004e-14,0.00010445992521299768,4.458376841724038e-05,cross_engine,1.878666999999723,0
2125609,put,USD,0.004919336808071473,0.004919336808071481,7.806255641895632e-18,1.4210854715202004e-14,6.098756918674394e-05,2.1425623071057685e-05,cross_engine,1.8877320000001419,0
29914,call,USD,32.5236602497097,32.52366024970969,7.105427357601002e-15,1.0658141036401503e-14,nan,nan,analytic,0.1001919999907841,0
1953780,put,USD,-2.773961124724572e-15,0.0,2.773961124724572e-15,1.0658141036401503e-14,nan,nan,analytic,0.09042699997507953,0
215141,call,USD,31.308894562791714,31.308894562791743,2.842170943040401e-14,1.4210854715202004e-14,0.006406159190657235,0.006760893697901338,cross_engine,1.8681580000077247,0
668064,call,EUR,0.0023776743520553464,0.0023776743520553534,6.938893903907228e-18,0.0,nan,nan,analytic,0.09771999998520187,0
1112654,call,EUR,4.404419538865661,4.404419538865653,7.993605777301127e-15,3.552713678800501e-14,nan,nan,analytic,0.08870900001056725,0
3302899,put,JPY,-3.3332229441707266e-15,0.0,3.3332229441707266e-15,1.4210854715202004e-14,3.3332229441707266e-15,3.3332229441707266e-15,cross_engine,1.8540070000199194,0
3295371,put,JPY,49.165312672531165,49.16531267253117,7.105427357601002e-15,7.105427357601002e-15,1.2288343640420862e-06,3.168914697937453e-05,cross_engine,1.884559000018271,0
2651066,put,EUR,3.8693604444431884,3.8693604444431884,0.0,3.552713678800501e-15,nan,nan,analytic,0.09647799998901974,0
2780401,put,EUR,64.87540221396523,64.87540221396523,0.0,0.0,2.6620000426191837e-08,1.0281873329631708e-05,cross_engine,1.8693300000052204,0
1767715,put,USD,12.789612107822219,12.789612107822222,3.552713678800501e-15,1.0658141036401503e-14,0.005024620224684639,0.00038485811737842823,cross_engine,1.8630330000064532,0
1650639,call,JPY,0.005493634510742189,0.005493634510742196,6.938893903907228e-18,7.105427357601002e-15,2.676825547819322e-05,4.431113081516426e-06,cross_engine,1.8706820000033986,0
3239436,put,JPY,9.775944303897742,9.775944303897738,3.552713678800501e-15,7.105427357601002e-15,nan,nan,analytic,0.09778599999776816,0
1641873,call,JPY,25.700146948786646,25.700146948786653,7.105427357601002e-15,3.552713678800501e-15,3.987348868861318e-06,1.0508649527452008e-05,cross_engine,1.8801650000170866,0
1362603,call,JPY,0.8671647799951447,0.8671647799951465,1.7763568394002505e-15,7.105427357601002e-15,0.0005100275221963102,1.5142448377969409e-05,cross_engine,1.8778910000207816,0
2771246,put,EUR,6.34942820670937,6.349428206709369,8.881784197001252e-16,4.440892098500626e-15,nan,nan,analytic,0.09764300000369985,0
1819530,put,USD,41.6871520699281,41.68715206992811,7.105427357601002e-15,0.0,nan,nan,analytic,0.08902100000796054,0
1885790,put,USD,-6.6441040366108635e-15,0.0,6.6441040366108635e-15,2.842170943040401e-14,nan,nan,analytic,0.08801900000321439,0
2553781,put,EUR,0.3297072735831668,0.32970727358316676,5.551115123125783e-17,3.552713678800501e-15,0.00014085603236596578,0.00015682912927139636,cross_engine,1.8966709999972409,0
2810355,put,EUR,-5.010104298074507e-15,0.0,5.010104298074507e-15,7.105427357601002e-15,5.010104298074507e-15,5.010104298074507e-15,cross_engine,1.9048469999916051,0
356682,call,USD,55.330739556024454,55.33073955602447,1.4210854715202004e-14,7.105427357601002e-15,nan,nan,analytic,0.10857899999905385,0
611937,call,EUR,9.260401893202353,9.260401893202346,7.105427357601002e-15,0.0,0.002843270892523009,0.0015432917695559212,cross_engine,1.8822939999836308,0
2101836,put,USD,48.899034902301324,48.899034902301324,0.0,1.4210854715202004e-14,nan,nan,analytic,0.09853299999917908,0
561362,call,USD,53.71305662434478,53.71305662434477,7.105427357601002e-15,1.4210854715202004e-14,nan,nan,analytic,0.08834700000193152,0
839944,call,EUR,5.121625589881244e-07,5.121625589881188e-07,5.505714157152952e-21,1.7763568394002505e-15,nan,nan,analytic,0.10094399999616144,0
420961,call,USD,0.00673727281914265,0.006737272819148932,6.2814337065120185e-15,2.1316282072803006e-14,0.0001636562211534496,0.00012333909335163033,cross_engine,1.8680689999825972,0
2040229,put,USD,11.727050154150483,11.72705015415049,7.105427357601002e-15,7.105427357601002e-15,2.1282454163440434e-05,0.001136176605969652,cross_engine,1.880881999994699,0
1348851,call,JPY,9.985617817513628,9.985617817513628,0.0,1.7763568394002505e-15,2.438348190025863e-09,1.8863408595137798e-06,cross_engine,1.867438000004995,0
1704842,put,USD,40.22236095471655,40.22236095471654,7.105427357601002e-15,7.105427357601002e-15,nan,nan,analytic,0.09575100000347447,0
190041,call,USD,35.746350270525014,35.746350270525,1.4210854715202004e-14,7.105427357601002e-15,7.080517171687006e-06,0.004929142062700009,cross_engine,1.8714150000107566,0
3348056,put,JPY,-8.885934932780882e-15,0.0,8.885934932780882e-15,0.0,nan,nan,analytic,0.09656399998902998,0
169531,call,USD,1.1885666129958286,1.1885666129958352,6.661338147750939e-15,1.4210854715202004e-14,7.079966305334473e-05,1.1733892230303411e-05,cross_engine,1.8963960000064617,0
179312,call,USD,11.11410363069511,11.114103630695112,1.7763568394002505e-15,0.0,nan,nan,analytic,0.09694100000956496,0
2124741,put,USD,28.218826512477843,28.218826512477833,1.0658141036401503e-14,7.105427357601002e-15,0.00013859528745285843,0.003065982878680984,cross_engine,1.8826790000048277,0
126450,call,USD,2.7035361156515676,2.7035361156515627,4.884981308350689e-15,1.7763568394002505e-15,nan,nan,analytic,0.09921299999859912,0
3196620,put,JPY,10.576708828472698,10.576708828472704,5.329070518200751e-15,8.881784197001252e-15,nan,nan,analytic,0.08927400000402486,0
702081,call,EUR,0.11531061673909955,0.11531061673909448,5.065392549852277e-15,1.7763568394002505e-15,0.0003265582382552257,1.3341790208898363e-05,cross_engine,1.8902500000024247,0
2154950,put,USD,0.07073891775315373,0.07073891775316199,8.257283745649602e-15,4.263256414560601e-14,nan,nan,analytic,0.09690199999567994,0
2685168,put,EUR,3.280020954660071,3.2800209546600634,7.549516567451064e-15,1.4210854715202004e-14,nan,nan,analytic,0.08858299997882568,0
2449781,put,EUR,51.32172376603771,51.32172376603771,0.0,0.0,1.5060810397926616e-05,0.0035672366974282,cross_engine,1.8920960000059495,0
2784700,put,EUR,24.607838359476897,24.6078383594769,3.552713678800501e-15,1.4210854715202004e-14,nan,nan,analytic,0.09793200001695368,0
471959,call,USD,30.010897744788014,30.010897744788025,1.0658141036401503e-14,1.7763568394002505e-14,0.00034692501123956276,0.0047264590519127125,cross_engine,1.8852149999872836,0
2110130,put,USD,5.4194920689290205e-05,5.4194920684770206e-05,4.5199981995106e-15,1.0658141036401503e-14,nan,nan,analytic,0.10666900001865542,0
1048812,call,EUR,23.58216656437669,23.582166564376685,3.552713678800501e-15,1.7763568394002505e-15,nan,nan,analytic,0.09394399998541303,0
1616608,call,JPY,50.36923003016998,50.36923003016998,0.0,7.105427357601002e-15,nan,nan,analytic,0.10410799998794573,0
2608389,put,EUR,0.2864107647573883,0.28641076475739347,5.162537064506978e-15,8.881784197001252e-16,0.0005990945262693281,0.00013576553990318763,cross_engine,1.890736999996534,0
2725969,put,EUR,3.226400027880879,3.226400027880876,2.6645352591003757e-15,7.105427357601002e-15,0.004114921974298635,7.934440368284612e-05,cross_engine,1.9068949999905271,0
413480,call,USD,5.38986384941243,5.389863849412436,5.329070518200751e-15,7.105427357601002e-15,nan,nan,analytic,0.09835199998065036,0
1932085,put,USD,15.038201213197576,15.038201213197588,1.2434497875801753e-14,1.7763568394002505e-15,0.0002867561777488703,0.0016036544655886331,cross_engine,1.894942999996374,0
2716044,put,EUR,10.36945170050734,10.36945170050734,0.0,3.552713678800501e-15,nan,nan,analytic,0.09713800000099582,0
369081,call,USD,0.49916925006363455,0.4991692500636349,3.3306690738754696e-16,0.0,0.0010363239363257448,0.00039235866517861595,cross_engine,1.8991359999915858,0
1434519,call,JPY,72.29933086236511,72.29933086236514,2.842170943040401e-14,2.842170943040401e-14,0.004009679768529395,0.020963238519314586,cross_engine,1.904318000015337,0
1241398,call,JPY,13.715300909761591,13.715300909761599,7.105427357601002e-15,7.105427357601002e-15,nan,nan,analytic,0.10393700000577155,0
2386144,put,EUR,8.725608694489786,8.725608694489786,0.0,1.7763568394002505e-14,nan,nan,analytic,0.09011000000214153,0
868421,call,EUR,23.295395725823532,23.295395725823532,0.0,3.552713678800501e-15,0.00011554287948101205,0.003909170742652179,cross_engine,1.8953080000017053,0
64838,call,USD,18.213260271098164,18.21326027109815,1.4210854715202004e-14,1.0658141036401503e-14,nan,nan,analytic,0.09669900001085807,0
2504717,put,EUR,3.843726855545272e-06,3.843726857651552e-06,2.1062795604875895e-15,0.0,2.1713320052956728e-07,2.6306127582791234e-07,cross_engine,1.8987180000067383,0
2534791,put,EUR,70.0555647866528,70.05556478665281,1.4210854715202004e-14,1.4210854715202004e-14,7.119668055111106e-08,9.407769056224424e-06,cross_engine,1.8825580000054742,0
1017937,call,EUR,30.732524139951632,30.732524139951636,3.552713678800501e-15,3.552713678800501e-15,0.0005270536145687288,0.00564660318284993,cross_engine,1.8889160000128413,0
1943911,put,USD,13.020833291931794,13.020833291931773,2.1316282072803006e-14,2.4868995751603507e-14,0.0002655149892696329,0.001232443698425456,cross_engine,1.9029000000045926,0
591500,call,USD,52.74103913399375,52.741039133993766,1.4210854715202004e-14,0.0,nan,nan,analytic,0.09429600001453764,0
158247,call,USD,2.2447610699329332,2.2447610699329417,8.43769498715119e-15,7.105427357601002e-15,0.0005494645786101593,0.0003908614749588146,cross_engine,1.8881430000021737,0
2382929,put,EUR,0.4249073972945871,0.42490739729459515,8.049116928532385e-15,0.0,0.0003188643987908635,0.00024317381450206232,cross_engine,1.8914260000144623,0
668709,call,EUR,53.112679102041575,53.112679102041575,0.0,7.105427357601002e-15,2.6883385608300614e-05,1.7759958268470655e-05,cross_engine,1.8932460000087303,0
3308730,put,JPY,3.0889843852297694,3.088984385229777,7.549516567451064e-15,2.1316282072803006e-14,nan,nan,analytic,0.09673900001416769,0
1705596,put,USD,41.04647025502604,41.04647025502604,0.0,0.0,nan,nan,analytic,0.08890500001257351,0
503634,call,USD,11.505618857140677,11.505618857140675,1.7763568394002505e-15,5.329070518200751e-15,nan,nan,analytic,0.08884100000727813,0
569056,call,USD,11.866741813263305,11.866741813263332,2.6645352591003757e-14,1.2434497875801753e-14,nan,nan,analytic,0.08797300000651376,0
2789466,put,EUR,10.079145133509142,10.079145133509115,2.6645352591003757e-14,2.3092638912203256e-14,nan,nan,analytic,0.08887999999274143,0
2545864,put,EUR,59.45017513565729,59.450175135657275,1.4210854715202004e-14,0.0,nan,nan,analytic,0.08878200000594916,0
2329979,put,EUR,55.04506950487377,55.045069504873766,7.105427357601002e-15,7.105427357601002e-15,7.437357396611333e-08,3.604089857844883e-05,cross_engine,1.8879980000008345,0
1825171,put,USD,34.97124469557952,34.971244695579514,7.105427357601002e-15,7.105427357601002e-15,1.244179514969801e-08,1.690923595276672e-05,cross_engine,1.8867809999960627,0
1899872,put,USD,0.0017066548869867188,0.0017066548869732329,1.3485957142678195e-14,1.4210854715202004e-14,nan,nan,analytic,0.0987139999892861,0
2335274,put,EUR,41.278713012658244,41.27871301265827,2.842170943040401e-14,2.842170943040401e-14,nan,nan,analytic,0.09772200002089448,0
1681366,put,USD,36.69657556199137,36.696575561991374,7.105427357601002e-15,7.105427357601002e-15,nan,nan,analytic,0.0918570000010277,0
2261043,put,USD,0.23656657288244054,0.23656657288244354,2.9976021664879227e-15,2.3092638912203256e-14,0.00025896038982611835,0.00020935270084748714,cross_engine,1.8953510000017104,0
2499394,put,EUR,14.873092808206557,14.873092808206565,7.105427357601002e-15,2.842170943040401e-14,nan,nan,analytic,0.09857899999587971,0
105933,call,USD,40.68471106791715,40.68471106791715,0.0,7.105427357601002e-15,0.0012996540557139724,0.008886012113691777,cross_engine,1.898468999996794,0
1691347,put,USD,1.0536919321046625,1.053691932104666,3.552713678800501e-15,0.0,0.0003209187620227816,0.0001015811929063748,cross_engine,1.8963729999939005,0
1478303,call,JPY,0.5832906381436065,0.5832906381436045,1.9984014443252818e-15,2.1316282072803006e-14,0.0009236208475326135,0.00044034599001885333,cross_engine,1.9050250000134383,0
2574757,put,EUR,35.02971269755163,35.02971269755163,0.0,0.0,1.0354007429214107e-08,2.392536572415338e-06,cross_engine,1.8864609999980075,0
401677,call,USD,11.486836123609681,11.48683612360967,1.0658141036401503e-14,1.687538997430238e-14,0.001183950398035094,0.0018738073911315212,cross_engine,1.9025029999966137,0
1987150,put,USD,37.962624353997676,37.962624353997654,2.1316282072803006e-14,1.4210854715202004e-14,nan,nan,analytic,0.09666699997978867,0
1700144,put,USD,50.00000004806263,50.00000004806263,0.0,0.0,nan,nan,analytic,0.08997899999485526,0
448498,call,USD,32.80606030269939,32.806060302699365,2.842170943040401e-14,1.4210854715202004e-14,nan,nan,analytic,0.0889779999795337,0
2490556,put,EUR,0.08889842377476409,0.08889842377474977,1.432187701766452e-14,1.4210854715202004e-14,nan,nan,analytic,0.08932399998684559,0
266563,call,USD,0.0,0.0,0.0,7.105427357601002e-15,0.0,0.0,cross_engine,1.8782279999811635,0
274489,call,USD,25.13544937734613,25.13544937734614,1.0658141036401503e-14,7.105427357601002e-15,2.726985037782015e-07,8.824182724964658e-06,cross_engine,1.9064349999950991,0
2674971,put,EUR,12.338277255281568,12.338277255281575,7.105427357601002e-15,1.0658141036401503e-14,0.0038477707518449478,0.0006682428716384692,cross_engine,1.8970000000138043,0
135902,call,USD,1.6267845765298958,1.6267845765298947,1.1102230246251565e-15,1.4210854715202004e-14,nan,nan,analytic,0.09803399998986606,0
2815342,put,EUR,44.8136507037014,44.8136507037014,0.0,2.1316282072803006e-14,nan,nan,analytic,0.08975000000077671,0
2374966,put,EUR,5.348240375256458,5.348240375256481,2.3092638912203256e-14,3.8191672047105385e-14,nan,nan,analytic,0.08857500000658547,0
2737540,put,EUR,-6.5635122714357115e-15,0.0,6.5635122714357115e-15,2.842170943040401e-14,nan,nan,analytic,0.08692500000506698,0
1530815,call,JPY,37.31864105020835,37.318641050208356,7.105427357601002e-15,3.552713678800501e-14,0.004652051018553038,0.005610333890643915,cross_engine,1.8975300000079187,0
846592,call,EUR,2.66956952448422e-12,2.6721230201857077e-12,2.5534957014879157e-15,1.2434497875801753e-14,nan,nan,analytic,0.10284700002216596,0
464647,call,USD,54.54545045229873,54.545450452298766,3.552713678800501e-14,2.842170943040401e-14,2.9736905631239097e-06,0.00718485976462091,cross_engine,1.8964379999886205,0
1035087,call,EUR,45.39958983770792,45.39958983770789,2.842170943040401e-14,2.842170943040401e-14,0.0009360568814642534,0.010858971245497173,cross_engine,1.895961000002444,0
2051345,put,USD,2.228760457296337,2.228760457296339,1.7763568394002505e-15,1.3322676295501878e-14,0.0009423263598034026,0.00013869786694176156,cross_engine,1.937574000010045,0
2809371,put,EUR,42.24832457767205,42.24832457767204,1.4210854715202004e-14,7.105427357601002e-15,0.00036935107387137123,0.003979980444469788,cross_engine,1.9116259999805152,0
2353969,put,EUR,-6.089781151165454e-15,0.0,6.089781151165454e-15,7.105427357601002e-15,6.089781151165454e-15,6.089781151165454e-15,cross_engine,1.900501000022814,0
2388470,put,EUR,3.581151050931077e-13,3.500767865785291e-13,8.038318514578584e-15,1.4210854715202004e-14,nan,nan,analytic,0.09964299999865034,0
2637414,put,EUR,0.04284628452033697,0.04284628452032879,8.180955912706622e-15,7.105427357601002e-15,nan,nan,analytic,0.08793899999659516,0
1372962,call,JPY,9.090262543343513,9.090262543343513,0.0,1.0658141036401503e-14,nan,nan,analytic,0.08856400000922804,0
3317878,put,JPY,25.07375520661751,25.07375520661752,1.0658141036401503e-14,2.4868995751603507e-14,nan,nan,analytic,0.08748899998067827,0
2339758,put,EUR,15.156213414438193,15.156213414438184,8.881784197001252e-15,7.105427357601002e-15,nan,nan,analytic,0.09521300000869815,0
1886770,put,USD,-4.946292544295857e-15,0.0,4.946292544295857e-15,1.4210854715202004e-14,nan,nan,analytic,0.08729800001106014,0
2132650,put,USD,6.938742625360657,6.9387426253606534,3.552713678800501e-15,1.4210854715202004e-14,nan,nan,analytic,0.1072620000002189,0
3080330,put,JPY,0.30259255003932095,0.3025925500393254,4.440892098500626e-15,0.0,nan,nan,analytic,0.08636000001160937,0
2125333,put,USD,2.0724504943752274e-08,2.0724507847963764e-08,2.9042114900972157e-15,2.842170943040401e-14,2.153044550162739e-09,4.267779656486835e-09,cross_engine,1.8981929999881686,0
2730702,put,EUR,-8.124697169719752e-15,0.0,8.124697169719752e-15,0.0,nan,nan,analytic,0.09708900000759968,0
1063990,call,EUR,57.75188535374479,57.75188535374484,4.973799150320701e-14,3.552713678800501e-14,nan,nan,analytic,0.08852199999864752,0
2310025,put,EUR,18.511175842080743,18.511175842080746,3.552713678800501e-15,3.552713678800501e-15,7.762378561793071e-05,0.0015366900541238238,cross_engine,1.905796999977838,0
2509703,put,EUR,1.5498435483016343e-08,1.549842848545016e-08,6.997566182097639e-15,7.105427357601002e-15,4.560784156706167e-09,1.356153496981094e-08,cross_engine,2.9920220000008158,0
161871,call,USD,1.8282732185799573,1.8282732185799446,1.2656542480726785e-14,1.3322676295501878e-15,0.0005850724787126449,0.00019976527337317584,cross_engine,2.788549999991119,0
2987057,put,JPY,9.197640722428247,9.197640722428247,0.0,1.1546319456101628e-14,0.0008975067372105627,0.0009318110366294263,cross_engine,2.3177019999991444,0
803724,call,EUR,3.6547315915650245,3.6547315915650174,7.105427357601002e-15,1.4210854715202004e-14,nan,nan,analytic,0.11713000000668217,0
457362,call,USD,80.67546659298564,80.67546659298569,4.263256414560601e-14,2.842170943040401e-14,nan,nan,analytic,0.1076810000029127,0
3301476,put,JPY,52.33240973882923,52.3324097388292,2.842170943040401e-14,2.1316282072803006e-14,nan,nan,analytic,0.14897400001245842,0
2468701,put,EUR,-8.867735552824043e-15,-2.7650210784299876e-15,6.1027144743940555e-15,2.1316282072803006e-14,8.93131343498804e-15,8.867735552824043e-15,cross_engine,3.3177370000032624,0
2179465,put,USD,32.387620910183685,32.38762091018368,7.105427357601002e-15,7.105427357601002e-15,0.0004201225321764923,0.0031149580097178386,cross_engine,2.3124660000064523,0
2929562,put,JPY,53.44332512514621,53.44332512514622,7.105427357601002e-15,1.4210854715202004e-14,nan,nan,analytic,0.12003099999446931,0
1289533,call,JPY,12.737439318262776,12.737439318262766,1.0658141036401503e-14,3.552713678800501e-15,0.0044681422432475415,0.0014479675896055255,cross_engine,2.286319999996067,0
399538,call,USD,0.05380029965704692,0.05380029965704258,4.336808689942018e-15,1.4210854715202004e-14,nan,nan,analytic,0.11558999997873798,0
2925724,put,JPY,4.3545045994972624e-07,4.354504560543526e-07,3.8953736578321765e-15,0.0,nan,nan,analytic,0.1053619999993316,0
1280878,call,JPY,44.824627253097354,44.82462725309735,7.105427357601002e-15,7.105427357601002e-15,nan,nan,analytic,0.11736700000142264,0
15909,call,USD,1.0509425106950775e-112,0.0,1.0509425106950775e-112,0.0,1.0509425106950754e-112,1.0509425106950775e-112,cross_engine,2.2593410000126823,0
2285865,put,EUR,15.31555048445042,15.315550484450412,7.105427357601002e-15,0.0,0.00035879381522363474,0.0010295966956856972,cross_engine,2.2824190000108047,0
1062559,call,EUR,88.02527296843876,88.02527296843874,1.4210854715202004e-14,1.4210854715202004e-14,0.0005535507073375356,0.024145827138525533,cross_engine,2.085324999995919,0
999493,call,EUR,0.1319066434994481,0.13190664349944425,3.858025010572419e-15,1.4210854715202004e-14,0.000489057816245142,8.745736165899354e-05,cross_engine,1.9447450000029676,0
1136779,call,EUR,50.366382366790255,50.36638236679026,7.105427357601002e-15,0.0,5.58410307860413e-06,3.4606618982024884e-05,cross_engine,1.8913289999886729,0
76137,call,USD,37.65917485528739,37.659174855287404,1.4210854715202004e-14,1.4210854715202004e-14,0.002952632465465399,0.008204375127199626,cross_engine,1.9066149999957815,0
1521607,call,JPY,29.873838807341208,29.873838807341187,2.1316282072803006e-14,3.552713678800501e-15,9.376272736361102e-05,0.004639531386061435,cross_engine,1.8881499999849893,0
1474417,call,JPY,20.597009975771012,20.597009975771023,1.0658141036401503e-14,3.552713678800501e-15,4.603702318917158e-06,2.8159117068327078e-05,cross_engine,1.8786679999891476,0
277093,call,USD,0.3916711844605998,0.3916711844606029,3.1086244689504383e-15,1.0658141036401503e-14,0.00013152222801354752,1.1933522126583718e-05,cross_engine,1.8973889999926996,0
377253,call,USD,21.435856979795467,21.43585697979546,7.105427357601002e-15,3.552713678800501e-15,0.00207028733212411,0.00573493569411454,cross_engine,1.8725399999937054,0
926971,call,EUR,70.17489118969428,70.17489118969425,2.842170943040401e-14,0.0,0.012745180700733272,0.03184053597307468,cross_engine,1.888067999999521,0
2210212,put,USD,49.635669526016386,49.63566952601637,1.4210854715202004e-14,7.105427357601002e-15,nan,nan,analytic,0.0963969999929759,0
2912534,put,JPY,77.62631994883539,77.62631994883537,1.4210854715202004e-14,1.4210854715202004e-14,nan,nan,analytic,0.10046799999940959,0
3019946,put,JPY,55.69154394984017,55.69154394984017,0.0,7.105427357601002e-15,nan,nan,analytic,0.0893910000172582,0
3305760,put,JPY,18.503386825520064,18.50338682552004,2.4868995751603507e-14,1.0658141036401503e-14,nan,nan,analytic,0.08638099998847792,0
689951,call,EUR,4.716159243003614,4.716159243003602,1.1546319456101628e-14,2.842170943040401e-14,0.0018289971041500763,0.0003094811192285718,cross_engine,1.8835680000108823,0
241187,call,USD,0.05463442729692163,0.054634427296920696,9.367506770274758e-16,3.552713678800501e-15,0.00017098046419504465,6.729566710691331e-05,cross_engine,1.8924160000040047,0
464104,call,USD,65.32931554670951,65.32931554670954,2.842170943040401e-14,1.4210854715202004e-14,nan,nan,analytic,0.16094000000066444,0
967994,call,EUR,8.31282683213618,8.312826832136185,5.329070518200751e-15,7.105427357601002e-15,nan,nan,analytic,0.09230399999182737,0
741180,call,EUR,0.2462755212093608,0.2462755212093608,0.0,0.0,nan,nan,analytic,0.08794499998998617,0
1063549,call,EUR,69.959737610839,69.95973761083903,2.842170943040401e-14,1.4210854715202004e-14,6.853089473679574e-08,5.6058880559817226e-05,cross_engine,1.887885000002143,0
2220190,put,USD,28.368362029625022,28.36836202962501,1.0658141036401503e-14,7.105427357601002e-15,nan,nan,analytic,0.09921500000587002,0
3305534,put,JPY,18.731021902650212,18.7310219026502,1.4210854715202004e-14,3.552713678800501e-15,nan,nan,analytic,0.08919299997955932,0
732554,call,EUR,0.0011729734000163194,0.0011729734000163194,0.0,7.105427357601002e-15,nan,nan,analytic,0.08864899999139197,0
3014296,put,JPY,74.55646921900745,74.55646921900743,2.842170943040401e-14,0.0,nan,nan,analytic,0.08783000001244545,0
1156886,call,EUR,11.333410319536354,11.333410319536355,1.7763568394002505e-15,0.0,nan,nan,analytic,0.08649599999444035,0
1822730,put,USD,0.026052276046390085,0.02605227604638949,5.967448757360216e-16,5.329070518200751e-15,nan,nan,analytic,0.08725700001832593,0
2088983,put,USD,35.00093529094878,35.00093529094879,7.105427357601002e-15,7.105427357601002e-15,2.3566940399177838e-08,1.409919747885624e-05,cross_engine,1.8957309999905192,0
575956,call,USD,1.086511314587098,1.086511314587085,1.2878587085651816e-14,2.6645352591003757e-14,nan,nan,analytic,0.09621099999890248,0
1587270,call,JPY,9.443757561956075e-12,9.439611765206778e-12,4.1457967492970565e-15,1.4210854715202004e-14,nan,nan,analytic,0.08985799999550181,0
544712,call,USD,34.25377873406648,34.25377873406646,2.1316282072803006e-14,7.105427357601002e-15,nan,nan,analytic,0.08680799999183364,0
1221164,call,JPY,8.728965253433989e-05,8.728965253433944e-05,4.472333961502706e-19,2.842170943040401e-14,nan,nan,analytic,0.10228599998640675,0
2729649,put,EUR,12.947449006907206,12.947449006907206,0.0,3.552713678800501e-15,3.320031464504325e-05,0.0014544930539965861,cross_engine,1.8765309999935198,0
167530,call,USD,17.226917458070616,17.22691745807061,7.105427357601002e-15,7.105427357601002e-15,nan,nan,analytic,0.10760499998241357,0
434978,call,USD,50.17209344080227,50.172093440802286,1.4210854715202004e-14,7.105427357601002e-15,nan,nan,analytic,0.09111299999631228,0
2866524,put,EUR,2.360890230095269,2.360890230095258,1.1102230246251565e-14,3.375077994860476e-14,nan,nan,analytic,0.08821800000191615,0
2513850,put,EUR,-9.988813735598263e-15,0.0,9.988813735598263e-15,1.4210854715202004e-14,nan,nan,analytic,0.08798199999660028,0
2354980,put,EUR,-3.876733457512444e-15,0.0,3.876733457512444e-15,1.4210854715202004e-14,nan,nan,analytic,0.08593999999106927,0
1982480,put,USD,2.0544981002369235e-10,2.0544398135281296e-10,5.8286708793854694e-15,7.105427357601002e-15,nan,nan,analytic,0.08734700000445628,0
909067,call,EUR,44.96302889431653,44.96302889431652,7.105427357601002e-15,1.4210854715202004e-14,3.863675601678551e-09,1.182178434078196e-05,cross_engine,1.8919599999946968,0
1538309,call,JPY,53.41099187460078,53.41099187460077,1.4210854715202004e-14,7.105427357601002e-15,1.20328793968838e-05,0.005942550492797238,cross_engine,1.9007489999864902,0
2792347,put,EUR,69.86067889633448,69.86067889633449,1.4210854715202004e-14,2.1316282072803006e-14,0.00011050580118876496,0.0027767065787287493,cross_engine,1.8983559999981026,0
2064180,put,USD,13.043327659177107,13.043327659177123,1.5987211554602254e-14,1.5987211554602254e-14,nan,nan,analytic,0.09739000000763554,0
2076347,put,USD,29.807468815744357,29.807468815744365,7.105427357601002e-15,0.0,0.0011893935197022643,0.0015084030267686899,cross_engine,1.888728000011497,0
1126441,call,EUR,20.857715584852947,20.85771558485297,2.1316282072803006e-14,1.7763568394002505e-14,8.001214251152078e-06,0.0018200371442773644,cross_engine,1.8892189999917264,0
2625207,put,EUR,5.680814093428118e-10,5.680814093428181e-10,6.307252170716836e-24,1.0658141036401503e-14,1.2294927776779974e-10,5.680814093428118e-10,cross_engine,1.8844390000083422,0
1324895,call,JPY,0.0023305390955762548,0.0023305390955762617,6.938893903907228e-18,1.4210854715202004e-14,2.7653905401583013e-05,5.504723173724822e-07,cross_engine,1.998281999988194,0
2346279,put,EUR,25.16579822787896,25.16579822787898,2.1316282072803006e-14,2.1316282072803006e-14,1.6069470731849833e-07,2.6694013044448184e-06,cross_engine,1.9054279999863866,0
439506,call,USD,0.048809733429820264,0.04880973342982098,7.147060721024445e-16,3.552713678800501e-15,nan,nan,analytic,0.09940800001118077,0
1932186,put,USD,22.894284549202986,22.894284549202986,0.0,5.329070518200751e-15,nan,nan,analytic,0.10356000001365828,0
84440,call,USD,15.073215321299308,15.073215321299308,0.0,7.105427357601002e-15,nan,nan,analytic,0.09055900000021211,0
2978210,put,JPY,-4.9344241710418276e-15,0.0,4.9344241710418276e-15,7.105427357601002e-15,nan,nan,analytic,0.08749900001703281,0
3221720,put,JPY,4.464798914588504e-09,4.464801676492101e-09,2.761903597248305e-15,1.4210854715202004e-14,nan,nan,analytic,0.08859200002575562,0
638779,call,EUR,1.7403173834348702,1.7403173834348653,4.884981308350689e-15,7.105427357601002e-15,0.0013550300688900396,0.00016166748670309872,cross_engine,1.8956319999858806,0
2234869,put,USD,0.0850949943876462,0.08509499438765245,6.2450045135165055e-15,7.105427357601002e-15,0.0004055146207421201,6.868446698661546e-05,cross_engine,1.889235000021472,0
916529,call,EUR,24.644907047624212,24.644907047624216,3.552713678800501e-15,3.552713678800501e-15,0.0008435349720699037,0.004561875179970087,cross_engine,1.8886199999883502,0
1230481,call,JPY,0.003627891129178236,0.003627891129178218,1.8214596497756474e-17,3.552713678800501e-15,3.292694451362916e-05,2.6295896562163017e-06,cross_engine,1.8836490000069261,0
1605559,call,JPY,32.244750767053354,32.24475076705335,7.105427357601002e-15,0.0,0.0020480257846600125,0.007580827672647672,cross_engine,1.9001549999870804,0
2691272,put,EUR,0.002442268360926266,0.0024422683609174045,8.861401196158525e-15,1.7763568394002505e-14,nan,nan,analytic,0.10516399999005444,0
2595054,put,EUR,8.820660038445663,8.820660038445666,3.552713678800501e-15,3.552713678800501e-15,nan,nan,analytic,0.10535100000197417,0
2165601,put,USD,8.94405663363362,8.944056633633629,8.881784197001252e-15,7.105427357601002e-15,0.0023611984850528955,0.0005463260388758329,cross_engine,1.8862000000012813,0
2996485,put,JPY,0.0,-2.067976432190561e-15,2.067976432190561e-15,0.0,1.7989164604571728e-17,0.0,cross_engine,1.8979220000119312,0
3245364,put,JPY,9.853144200997312,9.853144200997313,1.7763568394002505e-15,3.552713678800501e-15,nan,nan,analytic,0.09599899999557238,0
1997717,put,USD,11.370117817185012,11.370117817185019,7.105427357601002e-15,1.4210854715202004e-14,0.0005414477843626031,0.0011916428922695843,cross_engine,1.8871190000027127,0
63826,call,USD,38.955232543662646,38.955232543662646,0.0,7.105427357601002e-15,nan,nan,analytic,0.09929799998076305,0
2534096,put,EUR,54.43427280322924,54.434272803229234,7.105427357601002e-15,0.0,nan,nan,analytic,0.09891299998798786,0
1622688,call,JPY,52.176156735075416,52.176156735075395,2.1316282072803006e-14,0.0,nan,nan,analytic,0.09170600000629747,0
477411,call,USD,40.32789016699272,40.32789016699273,1.4210854715202004e-14,7.105427357601002e-15,8.482777857921064e-07,3.7216408429685544e-05,cross_engine,1.8904199999951743,0
905477,call,EUR,22.360924139359895,22.360924139359888,7.105427357601002e-15,1.0658141036401503e-14,0.003268983176944573,0.004423171602574882,cross_engine,1.8990970000061225,0
257050,call,USD,15.016294291245853,15.016294291245849,3.552713678800501e-15,5.329070518200751e-15,nan,nan,analytic,0.10610399999677611,0
2514451,put,EUR,-8.84077173771012e-15,0.0,8.84077173771012e-15,0.0,8.84077173771012e-15,8.84077173771012e-15,cross_engine,1.8489679999902364,0
1463510,call,JPY,1.9806268968684473,1.9806268968684506,3.3306690738754696e-15,2.6645352591003757e-15,nan,nan,analytic,0.09520900002257804,0
1284550,call,JPY,5.190963982529087,5.190963982529084,3.552713678800501e-15,3.552713678800501e-15,nan,nan,analytic,0.100473000003376,0
1468889,call,JPY,10.161758315150283,10.16175831515028,3.552713678800501e-15,7.105427357601002e-15,1.2594442559077379e-05,0.0013569578746182032,cross_engine,1.8560750000062853,0
3306739,put,JPY,39.9438766142202,39.94387661422023,2.842170943040401e-14,3.552713678800501e-14,5.3530279394919944e-05,0.0037370611611891036,cross_engine,1.87085999999681,0
813568,call,EUR,34.999999999999986,35.0,1.4210854715202004e-14,7.105427357601002e-15,nan,nan,analytic,0.09610699999029748,0
265918,call,USD,5.953755354261355,5.953755354261348,6.217248937900877e-15,1.4210854715202004e-14,nan,nan,analytic,0.08814600002438056,0
3059094,put,JPY,11.77508739822602,11.775087398226034,1.4210854715202004e-14,1.7763568394002505e-15,nan,nan,analytic,0.10656000000608401,0
483139,call,USD,5.225072993402065e-12,5.2232249946022875e-12,1.8479987997775857e-15,2.842170943040401e-14,1.1393448714541452e-12,5.225072993402065e-12,cross_engine,1.8564089999983935,0
1004222,call,EUR,21.387733627897,21.38773362789699,1.0658141036401503e-14,2.1316282072803006e-14,nan,nan,analytic,0.1105300000006082,0
2271621,put,USD,0.10561981196950486,0.10561981196950487,1.3877787807814457e-17,3.552713678800501e-15,0.0002682617277450089,1.0493373476624934e-05,cross_engine,1.9165079999936552,0
2193553,put,USD,8.278448351754672e-07,8.27844828066395e-07,7.109072140373037e-15,1.4210854715202004e-14,3.188855357820401e-08,3.2072651199857507e-08,cross_engine,1.8929109999987759,0
1238726,call,JPY,4.4040847953755967e-07,4.404084795375542e-07,5.4527745979495584e-21,7.105427357601002e-15,nan,nan,analytic,0.09879500001375163,0
1978838,put,USD,2.282014237476489,2.2820142374764885,4.440892098500626e-16,1.0658141036401503e-14,nan,nan,analytic,0.10585199999013639,0
136770,call,USD,2.4890444047739554e-36,0.0,2.4890444047739554e-36,1.4210854715202004e-14,nan,nan,analytic,0.09078200000089964,0
2265795,put,USD,0.5214591658940126,0.5214591658940151,2.4424906541753444e-15,3.552713678800501e-15,0.0002869721114409085,3.8719067291359544e-05,cross_engine,1.8780160000062551,0
1105576,call,EUR,6.902434762936877,6.902434762936878,8.881784197001252e-16,1.4210854715202004e-14,nan,nan,analytic,0.09721200001422403,0
547770,call,USD,1.197274978669178,1.1972749786691725,5.551115123125783e-15,0.0,nan,nan,analytic,0.08981900001003851,0
2502522,put,EUR,0.21501304484443606,0.21501304484443606,0.0,1.4210854715202004e-14,nan,nan,analytic,0.0871819999872514,0
3178747,put,JPY,6.960504424098751,6.960504424098751,0.0,7.105427357601002e-15,0.0021639240225441725,0.0005442707841689653,cross_engine,1.8638450000025841,0
1107747,call,EUR,0.051713851815243225,0.05171385181524324,1.3877787807814457e-17,0.0,0.0003147834389279,0.00011660495006161897,cross_engine,1.87498399998276,0
1873281,put,USD,39.97123563502726,39.971235635027256,7.105427357601002e-15,7.105427357601002e-15,5.48460121763128e-09,1.7278165309164706e-05,cross_engine,1.8681489999892165,0
2207817,put,USD,35.17671513157612,35.17671513157612,0.0,7.105427357601002e-15,0.001975007725398825,0.0007526235295003403,cross_engine,1.8926879999980883,0
2839746,put,EUR,6.755914187768907e-08,6.75591382842615e-08,3.59342756148992e-15,2.1316282072803006e-14,nan,nan,analytic,0.09688200000823599,0
2058067,put,USD,15.370317104118136,15.370317104118136,0.0,1.7763568394002505e-15,0.000257674830397292,0.0014678516455024493,cross_engine,1.864307000005283,0
2305180,put,EUR,42.3405975939378,42.3405975939378,0.0,7.105427357601002e-15,nan,nan,analytic,0.09662799999432536,0
1993434,put,USD,60.298915924032194,60.29891592403219,7.105427357601002e-15,7.105427357601002e-15,nan,nan,analytic,0.08838900001251204,0
1319626,call,JPY,3.367243476546637,3.3672434765466406,3.552713678800501e-15,0.0,nan,nan,analytic,0.1011409999875923,0
3234255,put,JPY,2.479709988430624,2.4797099884306224,1.7763568394002505e-15,4.263256414560601e-14,0.00011674980348752584,0.00030255044227400774,cross_engine,1.8902520000096956,0
2788223,put,EUR,13.908569138544813,13.908569138544816,3.552713678800501e-15,1.0658141036401503e-14,0.005451848778388779,0.0002621428601390363,cross_engine,1.903325999990102,0
2021915,put,USD,13.857204412116362,13.857204412116346,1.5987211554602254e-14,3.197442310920451e-14,0.00014774053780008956,0.0016701783888048993,cross_engine,1.8850179999958527,0
3034762,put,JPY,2.319048410973572,2.319048410973579,7.105427357601002e-15,0.0,nan,nan,analytic,0.10749000000487285,0
1660214,call,JPY,16.396897878367525,16.396897878367525,0.0,1.9539925233402755e-14,nan,nan,analytic,0.0957979999895997,0
1693516,put,USD,40.147762957104874,40.14776295710488,7.105427357601002e-15,7.105427357601002e-15,nan,nan,analytic,0.10476999997877101,0
824527,call,EUR,52.604296370787,52.60429637078698,1.4210854715202004e-14,2.1316282072803006e-14,2.6852145111888603e-05,4.3870424491387894e-05,cross_engine,1.864008000012518,0
2179890,put,USD,47.91381116996966,47.91381116996965,1.4210854715202004e-14,1.4210854715202004e-14,nan,nan,analytic,0.10794700000360535,0
1483896,call,JPY,1.304286514087192e-09,1.3042865663538645e-09,5.2266672383705107e-17,0.0,nan,nan,analytic,0.09119799997847622,0
1191495,call,EUR,32.7590931282784,32.75909312827835,4.973799150320701e-14,4.263256414560601e-14,8.871702405599535e-06,2.2796500111610385e-05,cross_engine,1.87287899998978,0
2709106,put,EUR,6.352350327533628,6.352350327533632,3.552713678800501e-15,7.105427357601002e-15,nan,nan,analytic,0.09622100000683531,0
417341,call,USD,44.93692256996506,44.936922569965084,2.1316282072803006e-14,1.4210854715202004e-14,1.2871158503457991e-06,3.319290538428277e-05,cross_engine,1.8704250000212141,0
859671,call,EUR,1.079831259188063e-05,1.0798312591880563e-05,6.776263578034403e-20,1.4210854715202004e-14,2.986844863555853e-07,2.6005443585756606e-07,cross_engine,1.9278640000095493,0
2071656,put,USD,43.529950514878756,43.529950514878735,2.1316282072803006e-14,1.4210854715202004e-14,nan,nan,analytic,0.11852699998371463,0
2431248,put,EUR,40.10282935186373,40.10282935186372,1.4210854715202004e-14,0.0,nan,nan,analytic,0.089356000017915,0
684231,call,EUR,0.8299229927869706,0.8299229927869689,1.6653345369377348e-15,1.9539925233402755e-14,0.000277345067320689,0.00015391121545105246,cross_engine,1.8856640000137759,0
338247,call,USD,61.44723933739054,61.4472393373905,4.263256414560601e-14,2.842170943040401e-14,3.845384858180978e-05,0.00017830028704679535,cross_engine,1.8712279999988368,0
2936463,put,JPY,8.599985977444634,8.599985977444636,1.7763568394002505e-15,1.4210854715202004e-14,0.003540608776274823,0.00011550366196821926,cross_engine,1.8818640000120013,0
3353126,put,JPY,-1.0140421425715788e-14,0.0,1.0140421425715788e-14,2.842170943040401e-14,nan,nan,analytic,0.09644299998967654,0
1277622,call,JPY,3.0041094597962372,3.0041094597962115,2.5757174171303632e-14,2.5757174171303632e-14,nan,nan,analytic,0.08790399999725196,0
908457,call,EUR,61.08764846511697,61.08764846511697,0.0,0.0,0.0005649843720618719,0.015400251701507273,cross_engine,1.8719679999890104,0
2537067,put,EUR,10.208671643233124,10.20867164323312,3.552713678800501e-15,0.0,0.0031390487340097195,0.0005527718961158001,cross_engine,1.8748090000144657,0
554351,call,USD,59.93003888146304,59.93003888146304,0.0,7.105427357601002e-15,1.767638480032474e-09,6.5034336458325015e-06,cross_engine,1.8788290000202323,0
39635,call,USD,9.964369734826589e-05,9.964369734826589e-05,0.0,0.0,2.421749391636984e-06,2.3256742427087455e-06,cross_engine,1.8839530000036575,0
2107097,put,USD,28.206572650717124,28.20657265071715,2.4868995751603507e-14,1.4210854715202004e-14,0.0001692848716743356,0.003024521384723755,cross_engine,1.8812300000092819,0
258375,call,USD,1.76271479779219,1.762714797792185,4.884981308350689e-15,1.7763568394002505e-15,0.0010002989409201302,6.29915353171917e-05,cross_engine,1.8795820000150343,0
3016937,put,JPY,2.592044758988422,2.592044758988422,0.0,0.0,0.0008079431302361328,0.00022794153571537024,cross_engine,1.916182000002209,0
991529,call,EUR,1.124240995640641e-14,9.765114933429525e-15,1.4772950229768848e-15,7.105427357601002e-15,3.5600109429527796e-15,1.124240995640641e-14,cross_engine,1.8781880000062756,0
2781684,put,EUR,79.8897085361682,79.8897085361682,0.0,0.0,nan,nan,analytic,0.09764699998981996,0
528897,call,USD,1.5133552818989483e-06,1.5133552818989498e-06,1.4823076576950256e-21,5.329070518200751e-15,1.6881795749018135e-07,2.687875647776191e-07,cross_engine,1.8805339999801163,0
3050428,put,JPY,6.6294461743585735,6.629446174358577,3.552713678800501e-15,0.0,nan,nan,analytic,0.09676600001284896,0
3057466,put,JPY,0.007079867144555829,0.0070798671445599926,4.163336342344337e-15,1.4210854715202004e-14,nan,nan,analytic,0.08882799997422808,0
2753325,put,EUR,-1.093918711905952e-14,0.0,1.093918711905952e-14,0.0,1.093918711905952e-14,1.093918711905952e-14,cross_engine,1.9238280000024588,0
278015,call,USD,8.002733997894025e-14,7.588106351676783e-14,4.1462764621724265e-15,2.1316282072803006e-14,2.2635834684501143e-14,8.002733997894025e-14,cross_engine,1.895638999997118,0
1475261,call,JPY,9.364587561106415,9.364587561106418,3.552713678800501e-15,7.105427357601002e-15,6.463653263999447e-05,0.001434121364955132,cross_engine,1.87491500000192,0
1507051,call,JPY,14.004224940266191,14.004224940266191,0.0,0.0,6.859079077869978e-05,0.0016809864381581718,cross_engine,1.8797859999892808,0
747715,call,EUR,2.6687116101474437,2.6687116101474437,0.0,1.4210854715202004e-14,0.0012759702572306963,0.0004980289174763008,cross_engine,1.9040130000007593,0
271248,call,USD,0.02065751397425338,0.020657513974253416,3.469446951953614e-17,3.552713678800501e-15,nan,nan,analytic,0.09610699999029748,0
2009361,put,USD,6.133589502115318,6.1335895021153135,4.440892098500626e-15,8.881784197001252e-15,0.0008187316981072001,0.0006540548750866293,cross_engine,1.8750710000006166,0
1332843,call,JPY,3.3815997307718505e-35,0.0,3.3815997307718505e-35,0.0,3.0918766471761576e-35,3.3815997307718505e-35,cross_engine,1.9055660000049102,0
109062,call,USD,72.50514757145655,72.50514757145656,1.4210854715202004e-14,1.4210854715202004e-14,nan,nan,analytic,0.0970250000023043,0
171217,call,USD,6.458600601735892e-48,0.0,6.458600601735892e-48,0.0,6.425022524882266e-48,6.458600601735892e-48,cross_engine,1.881326000017225,0
1005521,call,EUR,42.16705619166564,42.167056191665644,7.105427357601002e-15,0.0,0.00010515033898172987,0.010722077304258448,cross_engine,1.9043510000074093,0
2774381,put,EUR,52.42101325185683,52.42101325185682,7.105427357601002e-15,0.0,0.0005829583665786231,0.004036625776222991,cross_engine,1.9430399999862402,0
758653,call,EUR,3.3636198324077296e-76,0.0,3.3636198324077296e-76,0.0,3.363617199477052e-76,3.3636198324077296e-76,cross_engine,1.9050840000147673,0
1158541,call,EUR,0.0014692094004367438,0.0014692094004293554,7.388404124619719e-15,2.4868995751603507e-14,1.9909275091678632e-05,1.2960817536292147e-05,cross_engine,1.9066469999984292,0
3326409,put,JPY,3.424851605605528,3.424851605605527,8.881784197001252e-16,1.4210854715202004e-14,0.00037711944340257375,0.00013840827750755125,cross_engine,1.8799329999978909,0
2544744,put,EUR,29.00553817332618,29.005538173326173,7.105427357601002e-15,1.0658141036401503e-14,nan,nan,analytic,0.09703899999635723,0
3177792,put,JPY,8.181286014459384e-07,8.181286006123686e-07,8.335697820741669e-16,8.881784197001252e-15,nan,nan,analytic,0.08890899999869362,0
992878,call,EUR,0.03597867152788471,0.035978671527884754,4.163336342344337e-17,0.0,nan,nan,analytic,0.08963199999811877,0
1200112,call,JPY,5.183618872887785e-06,5.1836188728877994e-06,1.4399560103323106e-20,1.7763568394002505e-15,nan,nan,analytic,0.08878399998479836,0
3336025,put,JPY,2.9169439072405123,2.916943907240513,4.440892098500626e-16,1.4210854715202004e-14,0.0032863056428600323,0.00018136907693966364,cross_engine,1.8810899999834874,0
923862,call,EUR,1.904413052655949,1.9044130526559542,5.10702591327572e-15,7.105427357601002e-15,nan,nan,analytic,0.09673499999962587,0
2507339,put,EUR,10.125175876171227,10.125175876171227,0.0,1.0658141036401503e-14,2.3887623981977413e-05,0.0011998758552920208,cross_engine,1.882446999985632,0
1921762,put,USD,44.42298884880074,44.42298884880074,0.0,0.0,nan,nan,analytic,0.09665100000688653,0
3249181,put,JPY,78.82515045301213,78.82515045301214,1.4210854715202004e-14,1.4210854715202004e-14,6.855547951545304e-08,3.48299071930569e-05,cross_engine,1.8767050000008112,0
366329,call,USD,16.39947955818887,16.399479558188858,1.0658141036401503e-14,1.0658141036401503e-14,0.004507027217762527,0.00424472360192496,cross_engine,1.8893849999983559,0
232725,call,USD,25.932947578647603,25.9329475786476,3.552713678800501e-15,3.552713678800501e-15,0.0038661520649654335,0.004590850839484517,cross_engine,1.8975570000066,0
2247702,put,USD,3.5413428448274007,3.541342844827401,4.440892098500626e-16,3.552713678800501e-14,nan,nan,analytic,0.09673200000293036,0
1644903,call,JPY,1.5549449564918045,1.5549449564918003,4.218847493575595e-15,1.7763568394002505e-14,0.0008426163222592375,5.286977886975741e-05,cross_engine,1.877674000013485,0
389005,call,USD,15.061365677766632,15.061365677766638,5.329070518200751e-15,8.881784197001252e-15,1.0778718184667468e-07,8.183514992765595e-06,cross_engine,1.8798950000018522,0
3178509,put,JPY,2.500266574163288,2.500266574163277,1.1102230246251565e-14,3.9968028886505635e-15,0.0003204331184689657,0.0002089225908439296,cross_engine,1.9007049999970604,0
357210,call,USD,45.861405000782895,45.861405000782895,0.0,0.0,nan,nan,analytic,0.1453819999994721,0
2677639,put,EUR,50.13882451958591,50.13882451958587,4.263256414560601e-14,3.552713678800501e-14,1.1533448969203164e-06,0.0033708072694267344,cross_engine,1.8816789999789307,0
2753816,put,EUR,-1.004110106982624e-14,0.0,1.004110106982624e-14,0.0,nan,nan,analytic,0.11157399998751316,0
3048761,put,JPY,35.00142710431771,35.00142710431771,0.0,1.4210854715202004e-14,2.6261252521919687e-05,0.0031216539317995284,cross_engine,1.8760419999921396,0
2016123,put,USD,19.82837276625307,19.828372766253082,1.0658141036401503e-14,1.7763568394002505e-14,0.00014887463819590607,0.0022728539696785788,cross_engine,1.8939599999896473,0
2853565,put,EUR,5.5291997027388155e-15,-5.711744533164527e-16,6.100374156055268e-15,2.1316282072803006e-14,5.457269306355346e-15,5.5291997027388155e-15,cross_engine,1.8864250000092397,0
10314,call,USD,0.06047103778218943,0.0604710377821851,4.3298697960381105e-15,0.0,nan,nan,analytic,0.09739099999706013,0
1656003,call,JPY,1.4704494183194934,1.4704494183194896,3.774758283725532e-15,0.0,0.001402887864736746,6.413351281353563e-05,cross_engine,2.092392000008658,0
3327919,put,JPY,42.96474029147815,42.96474029147814,1.4210854715202004e-14,7.105427357601002e-15,0.001938463039977023,0.0006311564127017277,cross_engine,1.9033799999874645,0
2747048,put,EUR,24.370932666136095,24.370932666136092,3.552713678800501e-15,7.105427357601002e-15,nan,nan,analytic,0.09749499997724342,0
2477581,put,EUR,19.649687678242188,19.649687678242202,1.4210854715202004e-14,7.105427357601002e-15,0.0011783935786482402,0.0014709791385065785,cross_engine,1.8804139999986091,0
777823,call,EUR,37.771199586108935,37.77119958610892,1.4210854715202004e-14,1.7763568394002505e-14,0.0016460518538394808,0.010139624494811983,cross_engine,1.8876869999928658,0
277320,call,USD,0.505702795705276,0.5057027957052762,2.220446049250313e-16,7.105427357601002e-15,nan,nan,analytic,0.09664300000622461,0
1186433,call,EUR,32.88706647965379,32.88706647965378,7.105427357601002e-15,0.0,0.0003578144862714794,0.005782602914884194,cross_engine,1.8856300000038573,0
2698978,put,EUR,4.932140142712886,4.932140142712889,2.6645352591003757e-15,1.7763568394002505e-15,nan,nan,analytic,0.09726199999704477,0
1907169,put,USD,2.137273166891729,2.137273166891738,9.325873406851315e-15,1.4210854715202004e-14,0.0008190689574347765,0.000177909870156423,cross_engine,1.8869609999967452,0
1233820,call,JPY,29.94439588030709,29.944395880307127,3.552713678800501e-14,2.842170943040401e-14,nan,nan,analytic,0.09675799998376533,0
1399928,call,JPY,70.39762427742517,70.39762427742515,1.4210854715202004e-14,0.0,nan,nan,analytic,0.09006099998032369,0
729030,call,EUR,6.061333206467963e-11,6.061742253987568e-11,4.090475196051607e-15,0.0,nan,nan,analytic,0.08995400000344489,0
1128431,call,EUR,14.060232141604953,14.060232141604953,0.0,7.105427357601002e-15,0.004847569932708851,0.0021214069375830036,cross_engine,1.884917000012365,0
1409037,call,JPY,13.671215982063345,13.671215982063345,0.0,2.1316282072803006e-14,0.0029905795766662635,0.002045750872158081,cross_engine,1.8835150000029444,0
3357491,put,JPY,1.4418467243728943,1.4418467243729012,6.8833827526759706e-15,2.1316282072803006e-14,0.0017433817900407433,1.1949839449298949e-05,cross_engine,1.8935659999783638,0
110799,call,USD,52.518735526886516,52.51873552688653,1.4210854715202004e-14,7.105427357601002e-15,2.7811150275169894e-05,4.543722541683337e-05,cross_engine,1.8911580000064987,0
9747,call,USD,2.7064434961066138e-30,0.0,2.7064434961066138e-30,1.4210854715202004e-14,2.1805316053601754e-30,2.7064434961066138e-30,cross_engine,2.246198000023014,0
2439396,put,EUR,3.839216251647799e-09,3.8392085148614585e-09,7.736786340605689e-15,3.552713678800501e-15,nan,nan,analytic,0.14155700000628713,0
1630652,call,JPY,9.994249208018116,9.994249208018118,1.7763568394002505e-15,7.105427357601002e-15,nan,nan,analytic,0.09380000000192013,0
570597,call,USD,16.1375480041039,16.13754800410389,7.105427357601002e-15,1.0658141036401503e-14,0.005478414711333812,0.0027085955353989277,cross_engine,1.895190999988472,0
2543330,put,EUR,4.999002162306683,4.999002162306709,2.6645352591003757e-14,1.4210854715202004e-14,nan,nan,analytic,0.09846199998264638,0
2748394,put,EUR,6.94105963029319e-11,6.942220722950006e-11,1.161092656816674e-14,0.0,nan,nan,analytic,0.10183499998106527,0
2128731,put,USD,1.4397638510298347,1.4397638510298236,1.1102230246251565e-14,1.2434497875801753e-14,0.0007951204080018925,7.959797301371196e-05,cross_engine,1.9787800000017342,0
892693,call,EUR,27.174723235977208,27.174723235977225,1.7763568394002505e-14,1.5987211554602254e-14,0.003686240140158503,0.006487872948088835,cross_engine,1.8978230000072926,0
676988,call,EUR,18.105302451599535,18.10530245159954,7.105427357601002e-15,3.552713678800501e-15,nan,nan,analytic,0.10800699999435892,0
2895799,put,JPY,91.3970495110225,91.39704951102252,1.4210854715202004e-14,1.4210854715202004e-14,1.4474868919478467e-05,5.028435893450478e-06,cross_engine,2.095542999995814,0
1746684,put,USD,41.13150917840126,41.131509178401245,1.4210854715202004e-14,1.7763568394002505e-14,nan,nan,analytic,0.18034200002148282,0
1752889,put,USD,38.13280714057045,38.13280714057045,0.0,1.4210854715202004e-14,0.0023272730667756036,0.002545586782190412,cross_engine,2.4100020000048517,0
2971894,put,JPY,-5.53004893061742e-15,0.0,5.53004893061742e-15,2.842170943040401e-14,nan,nan,analytic,0.12115500001641522,0
371155,call,USD,4.868108654298981e-21,0.0,4.868108654298981e-21,1.4210854715202004e-14,2.9157250310235714e-21,4.868108654298981e-21,cross_engine,2.357727999992676,0
3276655,put,JPY,36.025674704196334,36.02567470419635,1.4210854715202004e-14,7.105427357601002e-15,2.0432640660317247e-05,0.0019150146944610924,cross_engine,2.3033360000113134,0
629758,call,EUR,6.587380396969901,6.587380396969891,9.769962616701378e-15,3.552713678800501e-15,nan,nan,analytic,0.11628699999732817,0
1374733,call,JPY,3.2500915661063337e-17,3.859806028636997e-15,3.827305112975934e-15,0.0,1.2513496245349266e-17,3.2500915661063337e-17,cross_engine,2.2608250000075714,0
350087,call,USD,64.85148722688174,64.85148722688174,0.0,1.4210854715202004e-14,9.172161696824332e-08,2.27254554800993e-05,cross_engine,2.174317999987352,0
1637179,call,JPY,0.9748455677216591,0.9748455677216583,7.771561172376096e-16,1.9872992140790302e-14,0.0002971962566806763,0.0001033114133868196,cross_engine,1.8832860000088658,0
1869448,put,USD,23.244280418253386,23.244280418253364,2.1316282072803006e-14,1.4210854715202004e-14,nan,nan,analytic,0.10487899999134243,0
1499500,call,JPY,3.710398682236016,3.7103986822360184,2.220446049250313e-15,4.440892098500626e-16,nan,nan,analytic,0.08926200001724283,0
690218,call,EUR,4.540544166392682,4.540544166392671,1.1546319456101628e-14,1.0658141036401503e-14,nan,nan,analytic,0.08687499999382453,0
768469,call,EUR,0.4395723746698543,0.43957237466985966,5.329070518200751e-15,1.7763568394002505e-14,0.00022549471500077356,1.1684227835262462e-06,cross_engine,1.8837780000069415,0
640929,call,EUR,14.836336963795905,14.836336963795901,3.552713678800501e-15,3.552713678800501e-15,3.8662464316274736e-05,0.0021395419598988497,cross_engine,1.8834379999930206,0
1703290,put,USD,1.5533049728570418,1.553304972857049,7.105427357601002e-15,0.0,nan,nan,analytic,0.09811099999978978,0
3272233,put,JPY,64.6791191806193,64.67911918061931,1.4210854715202004e-14,1.4210854715202004e-14,0.00024261010382531367,0.0049733831271794315,cross_engine,1.8811459999881208,0
2006382,put,USD,7.233307945857573e-05,7.233307945175632e-05,6.819414824499326e-15,3.552713678800501e-14,nan,nan,analytic,0.09670400001482449,0
3264704,put,JPY,34.34627428631545,34.346274286315456,7.105427357601002e-15,7.105427357601002e-15,nan,nan,analytic,0.08810299999595372,0
3223356,put,JPY,0.004371782968534314,0.004371782968538726,4.412269161147009e-15,7.105427357601002e-15,nan,nan,analytic,0.08561900000358946,0
3288548,put,JPY,34.921214601608675,34.92121460160865,2.1316282072803006e-14,2.842170943040401e-14,nan,nan,analytic,0.08575299997914954,0
2193679,put,USD,12.495958749303304,12.495958749303298,5.329070518200751e-15,1.4210854715202004e-14,0.0051589009495600635,2.588007458292907e-05,cross_engine,1.8804059999979472,0
1984953,put,USD,19.41773694909909,19.41773694909908,1.0658141036401503e-14,7.105427357601002e-15,0.003927426557005731,0.0007506699327244348,cross_engine,1.8938649999995505,0
1505028,call,JPY,5.127601641908722,5.12760164190874,1.7763568394002505e-14,8.881784197001252e-15,nan,nan,analytic,0.09588500000745626,0
328186,call,USD,31.199582198042336,31.199582198042336,0.0,3.552713678800501e-15,nan,nan,analytic,0.08811899999727757,0
1550646,call,JPY,33.72757382273378,33.72757382273379,7.105427357601002e-15,1.4210854715202004e-14,nan,nan,analytic,0.08624800000234245,0
769567,call,EUR,0.7791618692877451,0.7791618692877451,0.0,0.0,0.0002256304969506795,3.179209339765343e-05,cross_engine,1.9324679999783712,0
1971541,put,USD,-3.3061221497755543e-15,0.0,3.3061221497755543e-15,0.0,3.3061221497755543e-15,3.3061221497755543e-15,cross_engine,1.9283350000023347,0
2967903,put,JPY,1.5285865273238983,1.5285865273238848,1.354472090042691e-14,1.7763568394002505e-14,0.0011791057440877495,0.00014797022254620096,cross_engine,1.8957519999958095,0
1703369,put,USD,3.464528497827807,3.4645284978278,7.105427357601002e-15,7.105427357601002e-15,0.001079117272094976,0.0002935756107311782,cross_engine,1.8869520000066586,0
2155907,put,USD,5.2656512718318294e-05,5.2656512726643144e-05,8.324849869786183e-15,7.105427357601002e-15,1.7767342835669448e-06,1.6124955412078848e-06,cross_engine,1.8786389999831954,0
1563446,call,JPY,0.7226791493070359,0.722679149307035,8.881784197001252e-16,0.0,nan,nan,analytic,0.10887599998454789,0
645433,call,EUR,0.7970804947641602,0.7970804947641641,3.885780586188048e-15,1.4210854715202004e-14,0.0005193029932846205,0.0001350842016424325,cross_engine,1.8812289999914356,0
1486701,call,JPY,32.145362632977026,32.145362632977026,0.0,7.105427357601002e-15,0.0022586588967712373,0.009277778305552431,cross_engine,1.8988220000153433,0
2341332,put,EUR,48.651734247874664,48.65173424787466,7.105427357601002e-15,7.105427357601002e-15,nan,nan,analytic,0.09889200001111931,0
502317,call,USD,0.008434880273224643,0.008434880273224657,1.3877787807814457e-17,1.4210854715202004e-14,0.00013017214100775366,7.451594886784263e-05,cross_engine,1.8971519999979591,0
1073822,call,EUR,2.243685545429768,2.243685545429752,1.5987211554602254e-14,5.329070518200751e-15,nan,nan,analytic,0.1003339999954278,0
1879207,put,USD,47.05360396144739,47.05360396144738,1.4210854715202004e-14,2.1316282072803006e-14,0.0009113604989252622,0.003696244721623998,cross_engine,1.9431389999908788,0
727125,call,EUR,0.00100704429009605,0.00100704429009605,0.0,3.552713678800501e-15,1.227467142818437e-05,8.410757543167446e-06,cross_engine,1.898874000005435,0
2537418,put,EUR,9.41126037329851,9.41126037329851,0.0,5.329070518200751e-15,nan,nan,analytic,0.09789800000703508,0
2938478,put,JPY,1.1299656222635996,1.1299656222635974,2.220446049250313e-15,7.105427357601002e-15,nan,nan,analytic,0.09959600001252511,0
2066974,put,USD,69.8274215053967,69.82742150539667,2.842170943040401e-14,2.842170943040401e-14,nan,nan,analytic,0.09128700000360368,0
3020843,put,JPY,75.01246455815485,75.01246455815485,0.0,0.0,3.2367495350626996e-09,3.6744424960488686e-06,cross_engine,1.8757119999861516,0
1945729,put,USD,44.192281350926066,44.19228135092608,1.4210854715202004e-14,7.105427357601002e-15,0.00022932017075305566,0.0037955110204492826,cross_engine,1.8893010000056165,0
2832216,put,EUR,23.382776697004047,23.382776697004076,2.842170943040401e-14,3.197442310920451e-14,nan,nan,analytic,0.09637200000156554,0
3233105,put,JPY,4.314955158962274e-08,4.3149559916295626e-08,8.326672883212021e-15,0.0,4.2025734806358435e-09,2.2190675992093787e-08,cross_engine,1.8843670000023849,0
829928,call,EUR,65.0,65.0,0.0,0.0,nan,nan,analytic,0.10310000001823028,0
1371844,call,JPY,28.605423647952094,28.605423647952094,0.0,0.0,nan,nan,analytic,0.10209900000290872,0
1491090,call,JPY,46.49271256173615,46.49271256173614,7.105427357601002e-15,7.105427357601002e-15,nan,nan,analytic,0.08962799998357696,0
1286427,call,JPY,54.03902106130435,54.03902106130434,7.105427357601002e-15,1.4210854715202004e-14,8.969349856613462e-06,7.87181061383535e-05,cross_engine,1.9708920000027774,0
932070,call,EUR,56.85799206065179,56.857992060651796,7.105427357601002e-15,7.105427357601002e-15,nan,nan,analytic,0.10431300000846022,0
786601,call,EUR,9.384664572254373,9.384664572254373,0.0,7.105427357601002e-15,4.2551394111356444e-05,0.0011025479577178032,cross_engine,1.8930569999895397,0
2948154,put,JPY,8.390861103512659,8.390861103512647,1.2434497875801753e-14,7.105427357601002e-15,nan,nan,analytic,0.09781800000041585,0
2948495,put,JPY,-4.423017718708376e-15,0.0,4.423017718708376e-15,1.4210854715202004e-14,4.423017718708376e-15,4.423017718708376e-15,cross_engine,1.8778499999996257,0
1346746,call,JPY,0.022856433167827706,0.022856433167827706,0.0,7.105427357601002e-15,nan,nan,analytic,0.0962209999784136,0
2480576,put,EUR,2.2106230666692657,2.210623066669246,1.9539925233402755e-14,7.105427357601002e-15,nan,nan,analytic,0.09136799999964751,0
2874115,put,EUR,0.00875396327524796,0.008753963275247953,6.938893903907228e-18,1.4210854715202004e-14,6.244905641091675e-05,4.726471389395956e-05,cross_engine,1.886660999986134,0
3108447,put,JPY,-8.305075856789372e-15,0.0,8.305075856789372e-15,0.0,8.305075856789372e-15,8.305075856789372e-15,cross_engine,1.9497920000048907,0
5154,call,USD,0.5634052436513377,0.5634052436513319,5.773159728050814e-15,1.4210854715202004e-14,nan,nan,analytic,0.10209399999894231,0
2877406,put,EUR,0.2834324946657736,0.28343249466577447,8.881784197001252e-16,2.4868995751603507e-14,nan,nan,analytic,0.08984699999814438,0
1453604,call,JPY,3.3781439886277054e-06,3.378143988627723e-06,1.7787691892340307e-20,7.105427357601002e-15,nan,nan,analytic,0.08820400000786321,0
2687597,put,EUR,11.086876919776374,11.086876919776365,8.881784197001252e-15,7.105427357601002e-15,0.0010276848253401027,0.001093137186856552,cross_engine,1.8933249999975033,0
593136,call,USD,20.38160873424324,20.38160873424323,1.0658141036401503e-14,3.552713678800501e-15,nan,nan,analytic,0.09754100000236576,0
1461706,call,JPY,0.1736328966297179,0.17363289662972137,3.469446951953614e-15,1.4210854715202004e-14,nan,nan,analytic,0.0878140000111216,0
1351356,call,JPY,4.278720520305275e-08,4.278720520305275e-08,0.0,1.4210854715202004e-14,nan,nan,analytic,0.08655999999973574,0
2823856,put,EUR,7.071042666571095e-06,7.071042660742439e-06,5.8286564797219685e-15,7.105427357601002e-15,nan,nan,analytic,0.08759799999324969,0
1663804,call,JPY,61.739591807865864,61.739591807865864,0.0,7.105427357601002e-15,nan,nan,analytic,0.08657399999378868,0
529323,call,USD,2.450103443322489e-44,0.0,2.450103443322489e-44,7.105427357601002e-15,2.415184551061001e-44,2.450103443322489e-44,cross_engine,1.8831820000002608,0
154037,call,USD,2.8707259739971254e-175,0.0,2.8707259739971254e-175,0.0,2.8707259739971254e-175,2.8707259739971254e-175,cross_engine,1.888221000001522,0
2101800,put,USD,49.384826580472186,49.38482658047231,1.2079226507921703e-13,7.105427357601002e-15,nan,nan,analytic,0.09647699999959514,0
2865827,put,EUR,1.151404194767593,1.1514041947675793,1.3766765505351941e-14,3.552713678800501e-15,0.00123183828160367,4.848358328124469e-05,cross_engine,1.8830710000088402,0
1072591,call,EUR,13.533921626747237,13.533921626747258,2.1316282072803006e-14,5.329070518200751e-15,0.0001267501261850157,0.0019462097478388785,cross_engine,1.892637999986846,0
2007677,put,USD,1.1074888606724144e-14,-1.3843610758404375e-15,1.2459249682564581e-14,1.7763568394002505e-14,1.0126730410152093e-14,1.1074888606724144e-14,cross_engine,1.88827400000946,0
1689603,put,USD,75.72074401533925,75.72074401533925,0.0,2.842170943040401e-14,0.0006743558419657347,0.005172319800735181,cross_engine,1.882320999982312,0
1770708,put,USD,48.557830011877314,48.557830011877314,0.0,0.0,nan,nan,analytic,0.09698799999569019,0
955340,call,EUR,74.70096190082054,74.70096190082054,0.0,0.0,nan,nan,analytic,0.08895900000993606,0
2491311,put,EUR,-7.133649481932087e-15,0.0,7.133649481932087e-15,0.0,7.133649593771719e-15,7.133649481932087e-15,cross_engine,1.8761110000014014,0
1285899,call,JPY,64.08851982651481,64.08851982651481,0.0,1.4210854715202004e-14,2.3513813573572406e-05,0.010351268856297224,cross_engine,1.8924830000059956,0
1104314,call,EUR,28.345648730435986,28.345648730435983,3.552713678800501e-15,3.552713678800501e-15,nan,nan,analytic,0.09711399999901005,0
2010481,put,USD,22.797157948395572,22.797157948395565,7.105427357601002e-15,7.105427357601002e-15,1.6538724597836563e-05,0.0016316818349011442,cross_engine,1.8994420000240098,0
118345,call,USD,25.000997189521357,25.000997189521357,0.0,7.105427357601002e-15,1.71583589079205e-05,0.003254744604817006,cross_engine,1.889060000024756,0
1481834,call,JPY,9.73930636881309,9.739306368813082,7.105427357601002e-15,7.105427357601002e-15,nan,nan,analytic,0.09584699998299584,0
3108737,put,JPY,-7.771561172376096e-15,0.0,7.771561172376096e-15,0.0,7.771561172376096e-15,7.771561172376096e-15,cross_engine,1.8687439999780509,0
830101,call,EUR,56.55585736971605,56.55585736971605,0.0,1.4210854715202004e-14,0.00031558418111643505,7.811459995110681e-05,cross_engine,1.8904249999991407,0
3201439,put,JPY,36.880272748886355,36.88027274888635,7.105427357601002e-15,1.4210854715202004e-14,0.012790827901653756,0.0003723794200354291,cross_engine,1.8995609999876706,0
1622493,call,JPY,49.97124115059929,49.971241150599305,1.4210854715202004e-14,7.105427357601002e-15,1.014335282434331e-09,5.928102410734937e-06,cross_engine,1.9135579999840502,0
152470,call,USD,2.0139627673408146e-06,2.013962767340795e-06,1.9481757786848908e-20,2.1316282072803006e-14,nan,nan,analytic,0.098151999992524,0
2632964,put,EUR,5.05904626957541,5.059046269575333,7.72715225139109e-14,6.750155989720952e-14,nan,nan,analytic,0.09663399998771638,0
3049288,put,JPY,53.33738150975242,53.33738150975242,0.0,0.0,nan,nan,analytic,0.09898600001179148,0
3250818,put,JPY,2.2134674581021874,2.213467458102187,4.440892098500626e-16,8.881784197001252e-16,nan,nan,analytic,0.0893250000046919,0
2058022,put,USD,15.154949385127967,15.154949385127956,1.0658141036401503e-14,1.2434497875801753e-14,nan,nan,analytic,0.08637700000235782,0
555875,call,USD,40.006423170223464,40.00642317022347,7.105427357601002e-15,0.0,0.00034411846568360716,6.040522120542846e-05,cross_engine,1.8867349999993621,0
65043,call,USD,15.38336745575171,15.38336745575171,0.0,3.552713678800501e-15,0.00022680758263149414,0.002383657597231803,cross_engine,1.8742770000130804,0
805056,call,EUR,10.772514444292561,10.772514444292561,0.0,2.1316282072803006e-14,nan,nan,analytic,0.10665400000675618,0
409916,call,USD,3.52543356133107e-71,0.0,3.52543356133107e-71,7.105427357601002e-15,nan,nan,analytic,0.08719400000245514,0
704111,call,EUR,64.13963133073338,64.13963133073337,1.4210854715202004e-14,1.4210854715202004e-14,0.0015991148199674399,0.01854930649220421,cross_engine,1.8830580000042119,0
1172209,call,EUR,61.803462369046606,61.80346236904663,2.1316282072803006e-14,1.4210854715202004e-14,0.00021491450019084368,0.01360942690397593,cross_engine,1.8801809999899888,0
1610986,call,JPY,45.55355631929371,45.55355631929371,0.0,7.105427357601002e-15,nan,nan,analytic,0.10657899997568165,0
326131,call,USD,65.0105403151369,65.0105403151369,0.0,1.4210854715202004e-14,9.804523415368749e-09,3.1589616753535665e-06,cross_engine,1.8767809999928886,0
921617,call,EUR,35.20933085589857,35.20933085589857,0.0,7.105427357601002e-15,4.1985747856188027e-07,9.952745863017753e-06,cross_engine,1.8757200000152352,0
3099336,put,JPY,16.32539642435828,16.325396424358274,7.105427357601002e-15,7.105427357601002e-15,nan,nan,analytic,0.09768000001031396,0
497206,call,USD,19.287930738913442,19.287930738913445,3.552713678800501e-15,3.552713678800501e-15,nan,nan,analytic,0.09020999999620471,0
3095525,put,JPY,25.1563148878018,25.1563148878018,0.0,0.0,0.004382638007193407,0.001850045550167323,cross_engine,1.8693480000138152,0
2172224,put,USD,19.88919566525078,19.889195665250796,1.4210854715202004e-14,1.4210854715202004e-14,nan,nan,analytic,0.09751400000368449,0
480637,call,USD,1.1996830569489923e-37,0.0,1.1996830569489923e-37,1.4210854715202004e-14,1.1354329074439844e-37,1.1996830569489923e-37,cross_engine,1.9125130000077206,0
1206231,call,JPY,2.1231661822290686e-07,2.123166182229124e-07,5.532183936754649e-21,7.105427357601002e-15,4.1291535913636184e-09,7.927490878462018e-09,cross_engine,1.8912379999846962,0
156881,call,USD,7.864553062285896,7.864553062285896,0.0,1.4210854715202004e-14,0.0033581908451347786,0.0009624304735229572,cross_engine,1.8716330000074777,0
2045642,put,USD,6.954900481278752,6.954900481278763,1.0658141036401503e-14,1.1546319456101628e-14,nan,nan,analytic,0.09765199999378638,0
1075858,call,EUR,65.25703987720482,65.25703987720482,0.0,1.4210854715202004e-14,nan,nan,analytic,0.08894900000200323,0
1787812,put,USD,18.286427589371783,18.286427589371797,1.4210854715202004e-14,0.0,nan,nan,analytic,0.09829900000113412,0
2898264,put,JPY,25.23436628054792,25.23436628054793,1.0658141036401503e-14,3.552713678800501e-15,nan,nan,analytic,0.0993519999781256,0
2331035,put,EUR,16.216319030516694,16.216319030516683,1.0658141036401503e-14,1.4210854715202004e-14,0.0059695740960208354,2.0659682988366512e-05,cross_engine,1.861246999993682,0
1920195,put,USD,14.307703674762323,14.307703674762323,0.0,5.329070518200751e-15,6.78618929708108e-05,0.0014773860804417893,cross_engine,1.885850999997274,0
2086841,put,USD,0.6817606965396545,0.6817606965396443,1.021405182655144e-14,2.842170943040401e-14,9.697665338503914e-05,2.2801593365429085e-05,cross_engine,1.8754940000178522,0
713333,call,EUR,7.107800420288792,7.107800420288783,9.769962616701378e-15,1.7763568394002505e-14,0.0003967184392328349,0.0008955885513266537,cross_engine,1.8861759999992955,0
3183898,put,JPY,0.0336459682593195,0.03364596825931976,2.5673907444456745e-16,1.5987211554602254e-14,nan,nan,analytic,0.09657900000092923,0
3290338,put,JPY,-5.1104284454127975e-15,0.0,5.1104284454127975e-15,7.105427357601002e-15,nan,nan,analytic,0.08779199998798504,0
215158,call,USD,9.848608037311699,9.848608037311621,7.815970093361102e-14,6.217248937900877e-14,nan,nan,analytic,0.08759199999985867,0
1541553,call,JPY,0.4877345208754094,0.4877345208754029,6.494804694057166e-15,7.105427357601002e-15,0.00017367288586256358,4.915915193676179e-05,cross_engine,1.8681589999971493,0
1064044,call,EUR,61.739591807865864,61.739591807865864,0.0,7.105427357601002e-15,nan,nan,analytic,0.09927399997877728,0
160927,call,USD,26.352080026634077,26.352080026634077,0.0,0.0,0.0013093822282606027,0.0065015085315280885,cross_engine,1.887081000006674,0
913590,call,EUR,5.363456171669419,5.363456171669416,3.552713678800501e-15,7.105427357601002e-15,nan,nan,analytic,0.09796099999448415,0
2381351,put,EUR,43.38105072381078,43.381050723810766,1.4210854715202004e-14,3.552713678800501e-15,0.008869355276111435,0.001655026001976978,cross_engine,1.879002999999102,0
1471880,call,JPY,1.151240613832184e-21,0.0,1.151240613832184e-21,1.4210854715202004e-14,nan,nan,analytic,0.09749599999508973,0
2948732,put,JPY,2.2689289456470854,2.2689289456470885,3.1086244689504383e-15,7.105427357601002e-15,nan,nan,analytic,0.08997599999815975,0
448601,call,USD,23.693503573511848,23.69350357351186,1.4210854715202004e-14,1.0658141036401503e-14,0.0007746626253535283,0.004117790731761772,cross_engine,1.8789370000149574,0
3022542,put,JPY,4.11466251176622,4.11466251176622,0.0,0.0,nan,nan,analytic,0.09614000001079148,0
2287335,put,EUR,41.17570489290917,41.17570489290917,0.0,0.0,1.3268626815943207e-05,4.609400328092761e-06,cross_engine,1.8717499999922893,0
2003572,put,USD,10.00952529192912,10.009525291929151,3.019806626980426e-14,2.842170943040401e-14,nan,nan,analytic,0.09799900001894457,0
643169,call,EUR,2.5459150515852955,2.545915051585302,6.661338147750939e-15,3.552713678800501e-15,0.0015556405792676031,3.423806050895095e-05,cross_engine,1.8841969999812136,0
442378,call,USD,25.99217049308531,25.992170493085297,1.4210854715202004e-14,1.4210854715202004e-14,nan,nan,analytic,0.09792299999844545,0
3063995,put,JPY,0.3231899689659832,0.32318996896597785,5.329070518200751e-15,7.105427357601002e-15,8.662182612551028e-05,7.046040396152531e-05,cross_engine,1.8769779999843195,0
1506264,call,JPY,5.551671506614188,5.551671506614184,3.552713678800501e-15,3.552713678800501e-15,nan,nan,analytic,0.10030899997559573,0
1833534,put,USD,81.95310807602863,81.95310807602858,4.263256414560601e-14,2.842170943040401e-14,nan,nan,analytic,0.08934600000998216,0
3241982,put,JPY,60.00380878378721,60.00380878378722,1.4210854715202004e-14,1.4210854715202004e-14,nan,nan,analytic,0.08993899999154564,0
803868,call,EUR,3.5482249322115678,3.548224932211575,7.105427357601002e-15,0.0,nan,nan,analytic,0.0992809999900146,0
2513505,put,EUR,-1.1102230246251565e-14,0.0,1.1102230246251565e-14,1.4210854715202004e-14,1.1102230246251565e-14,1.1102230246251565e-14,cross_engine,1.8580109999959404,0
1488521,call,JPY,0.005532088878381813,0.005532088878375752,6.061123825062964e-15,7.105427357601002e-15,5.987349469469515e-05,2.4305155011334137e-05,cross_engine,1.8754369999953724,0
2773954,put,EUR,53.73865884458526,53.73865884458525,7.105427357601002e-15,7.105427357601002e-15,nan,nan,analytic,0.0960769999949207,0
1399935,call,JPY,63.0272528888985,63.02725288889852,2.1316282072803006e-14,1.4210854715202004e-14,0.0022721629821091938,0.02309894120151057,cross_engine,1.8666590000009364,0
2502547,put,EUR,-1.9145967608173362e-15,5.8187332505046375e-15,7.733330011321974e-15,0.0,2.386483523119156e-15,1.9145967608173362e-15,cross_engine,1.8664700000101675,0
569668,call,USD,4.4737892639395245,4.473789263939523,1.7763568394002505e-15,2.398081733190338e-14,nan,nan,analytic,0.09647400000289963,0
2194810,put,USD,0.005142276369870513,0.005142276369870191,3.217912047936977e-16,1.7763568394002505e-15,nan,nan,analytic,0.08859000001848472,0
2146899,put,USD,0.7205319682255366,0.7205319682255293,7.216449660063518e-15,4.6629367034256575e-15,0.00024020824500126103,7.027266412840127e-05,cross_engine,1.8698899999947116,0
1453677,call,JPY,3.401781023018209e-05,3.401781023018233e-05,2.371692252312041e-19,0.0,1.03082493808311e-06,9.837655913507394e-07,cross_engine,1.8746060000012221,0
2775924,put,EUR,87.23207564542841,87.23207564542841,0.0,0.0,nan,nan,analytic,0.09598900001606125,0
2249390,put,USD,38.51687854949068,38.51687854949067,7.105427357601002e-15,0.0,nan,nan,analytic,0.0881290000052104,0
487832,call,USD,3.9877718015216624e-11,3.987656814021746e-11,1.1498749991653258e-15,1.7763568394002505e-14,nan,nan,analytic,0.08778500000516942,0
84942,call,USD,4.239633141582491,4.23963314158248,1.0658141036401503e-14,1.0658141036401503e-14,nan,nan,analytic,0.08585000000493892,0
616298,call,EUR,4.928226406615963,4.928226406615954,8.881784197001252e-15,1.4210854715202004e-14,nan,nan,analytic,0.09428999999272492,0
428047,call,USD,0.0009027696667059823,0.0009027696667059729,9.432558900623889e-18,1.4210854715202004e-14,1.211000786425988e-05,5.690620259447355e-06,cross_engine,2.5418660000013915,0
1683584,put,USD,75.0,75.0,0.0,0.0,nan,nan,analytic,0.12332500000411528,0
246753,call,USD,6.447880255175405e-09,6.447880255175446e-09,4.0531850015098356e-23,3.552713678800501e-15,6.912074045693037e-10,4.440914267975377e-09,cross_engine,2.3129489999860198,0
1850836,put,USD,1.1246129541201862e-09,1.1246129541201999e-09,1.3648480107124957e-23,0.0,nan,nan,analytic,0.12170400000854897,0
328317,call,USD,24.98562057529965,24.98562057529965,0.0,3.552713678800501e-15,1.2090062284642045e-09,7.057265147381031e-06,cross_engine,2.2694769999986875,0
2391578,put,EUR,1.8463095975621655,1.8463095975621577,7.771561172376096e-15,1.4210854715202004e-14,nan,nan,analytic,0.11627699998939534,0
2044819,put,USD,93.18192198765013,93.18192198765013,0.0,1.4210854715202004e-14,4.14728709188239e-05,0.0001739991367770699,cross_engine,2.6735540000117908,0
2600834,put,EUR,0.21768562093841848,0.2176856209384228,4.3298697960381105e-15,7.105427357601002e-15,nan,nan,analytic,0.1567070000021431,0
2020533,put,USD,5.9992713414019,5.999271341401908,7.993605777301127e-15,1.0658141036401503e-14,0.00270143792453581,0.0003730613719570286,cross_engine,2.3959960000183855,0
204964,call,USD,0.34710607474226796,0.34710607474226673,1.2212453270876722e-15,0.0,nan,nan,analytic,0.1062059999981102,0
2485289,put,EUR,-7.216449660063518e-15,0.0,7.216449660063518e-15,1.4210854715202004e-14,7.216449660063518e-15,7.216449660063518e-15,cross_engine,1.891346000007843,0
79935,call,USD,0.010420085083351238,0.010420085083351238,0.0,0.0,4.952714023569518e-05,5.653865655919424e-05,cross_engine,1.9903310000017882,0
2981069,put,JPY,47.72057902250357,47.72057902250357,0.0,2.1316282072803006e-14,0.0004491892403422071,0.0013481745965009395,cross_engine,2.4078149999979814,0
1017651,call,EUR,35.23277631953699,35.232776319536995,7.105427357601002e-15,1.4210854715202004e-14,1.1064584626296892e-06,7.438372425383477e-05,cross_engine,2.3627979999787385,0
703859,call,EUR,67.90347595072852,67.9034759507285,1.4210854715202004e-14,1.4210854715202004e-14,5.1829212381449e-05,0.009529946764288866,cross_engine,2.3063200000024153,0
2064883,put,USD,27.9087536325788,27.908753632578808,7.105427357601002e-15,7.105427357601002e-15,1.657167688051686e-05,1.33755095781396e-05,cross_engine,2.2683350000249902,0
2827270,put,EUR,44.958816897438474,44.95881689743847,7.105427357601002e-15,2.1316282072803006e-14,nan,nan,analytic,0.11825699999690187,0
2092589,put,USD,0.014409664918513108,0.014409664918513698,5.898059818321144e-16,1.0658141036401503e-14,4.677341380061699e-05,1.1299641745943917e-05,cross_engine,2.0737960000190014,0
1672045,call,JPY,20.018177110173987,20.018177110173994,7.105427357601002e-15,0.0,0.00015899476848701966,0.0029345301010081926,cross_engine,1.884695000001102,0
1351340,call,JPY,3.1486285241764147e-42,0.0,3.1486285241764147e-42,0.0,nan,nan,analytic,0.09669700000358716,0
2061375,put,USD,73.7957214355965,73.79572143559652,1.4210854715202004e-14,2.842170943040401e-14,1.0281247924126546e-05,0.003914494687904835,cross_engine,1.8567179999990913,0
2175026,put,USD,67.6087933214087,67.60879332140867,2.842170943040401e-14,1.4210854715202004e-14,nan,nan,analytic,0.09429199999999582,0
2560130,put,EUR,0.1641800116659326,0.16418001166593044,2.1649348980190553e-15,5.329070518200751e-15,nan,nan,analytic,0.08723999999915577,0
501186,call,USD,0.11833755145374728,0.11833755145375058,3.3029134982598407e-15,2.1316282072803006e-14,nan,nan,analytic,0.08750999998596853,0
3287975,put,JPY,25.10658752987157,25.106587529871618,4.618527782440651e-14,4.263256414560601e-14,0.00016005295255894225,0.0026183131271366733,cross_engine,1.8535940000106166,0
452398,call,USD,59.54128323374782,59.54128323374786,4.263256414560601e-14,3.552713678800501e-14,nan,nan,analytic,0.09543799998823488,0
229044,call,USD,84.92810508272701,84.92810508272709,7.105427357601002e-14,5.684341886080802e-14,nan,nan,analytic,0.08564800000954165,0
1278316,call,JPY,0.2642929140573311,0.26429291405732513,5.9396931817445875e-15,2.4868995751603507e-14,nan,nan,analytic,0.08852700000261393,0
1683227,put,USD,70.1231357975874,70.1231357975874,0.0,0.0,2.681618980204803e-07,1.6050744164886055e-05,cross_engine,1.8615800000247873,0
248313,call,USD,0.9477579075430471,0.9477579075430507,3.552713678800501e-15,0.0,0.00018666396889266412,0.0001906520514525223,cross_engine,1.8872350000265214,0
2412816,put,EUR,30.000000000000007,30.000000000000007,0.0,7.105427357601002e-15,nan,nan,analytic,0.09796099999448415,0
2368527,put,EUR,35.970992976387684,35.97099297638766,2.1316282072803006e-14,2.1316282072803006e-14,0.007957232371175849,0.0008230325352442946,cross_engine,1.8663479999929677,0
3345762,put,JPY,7.961376138963124,7.961376138963125,8.881784197001252e-16,3.552713678800501e-15,nan,nan,analytic,0.09696800000824624,0
3144766,put,JPY,42.66100780220553,42.661007802205525,7.105427357601002e-15,7.105427357601002e-15,nan,nan,analytic,0.0948130000040237,0
2236736,put,USD,0.004246722942407875,0.0042467229423953645,1.2510825708744733e-14,1.7763568394002505e-15,nan,nan,analytic,0.08643600000368679,0
1500096,call,JPY,2.307136432609606e-05,2.3071364326096144e-05,8.470329472543003e-20,7.105427357601002e-15,nan,nan,analytic,0.08770299999127928,0
1772909,put,USD,-4.432590626941367e-15,0.0,4.432590626941367e-15,7.105427357601002e-15,4.432590626941367e-15,4.432590626941367e-15,cross_engine,1.8772159999969062,0
2949836,put,JPY,36.181789099535834,36.181789099535834,0.0,7.105427357601002e-15,nan,nan,analytic,0.0973809999891273,0
2418685,put,EUR,30.160076585760535,30.160076585760535,0.0,3.552713678800501e-15,5.021198425936291e-07,0.0015106812197700492,cross_engine,1.8824169999902551,0
2337457,put,EUR,1.1783645386762327,1.1783645386762256,7.105427357601002e-15,7.105427357601002e-15,0.000572596028552752,9.940889473214476e-05,cross_engine,1.8864359999781755,0
419843,call,USD,5.183037658381968,5.183037658381963,5.329070518200751e-15,3.9968028886505635e-15,0.001210580989303267,0.0006581521636412901,cross_engine,1.8842059999997218,0
2710387,put,EUR,0.01847740524803677,0.01847740524804342,6.6509298068950784e-15,1.0658141036401503e-14,5.852255946556251e-06,1.1957801548417857e-05,cross_engine,1.8800550000150906,0
2760313,put,EUR,24.692413290236093,24.692413290236154,6.039613253960852e-14,3.552713678800501e-15,3.7530999463797343e-07,3.4378618032349095e-05,cross_engine,1.8878740000047856,0
3261679,put,JPY,2.651758954983931,2.651758954983933,1.7763568394002505e-15,7.105427357601002e-15,0.0014944909032679199,0.00011490118147339246,cross_engine,1.866239000008818,0
198800,call,USD,5.19508548588955,5.1950854858895426,7.105427357601002e-15,7.105427357601002e-15,nan,nan,analytic,0.1126399999975547,0
2233091,put,USD,19.580208199667275,19.58020819966731,3.552713678800501e-14,3.552713678800501e-14,0.004193873162492423,0.0024988446362037564,cross_engine,1.853021000016497,0
755231,call,EUR,9.589284627229027,9.589284627229013,1.4210854715202004e-14,1.4210854715202004e-14,0.0002256657796060324,0.0015166166327311714,cross_engine,1.889473000005637,0
3257076,put,JPY,5.920124088083221,5.920124088083213,7.993605777301127e-15,4.440892098500626e-15,nan,nan,analytic,0.09629999999560823,0
2596666,put,EUR,5.591846163478287,5.591846163478287,0.0,3.552713678800501e-15,nan,nan,analytic,0.08816999999794461,0
1399803,call,JPY,64.70447408579025,64.70447408579024,1.4210854715202004e-14,2.842170943040401e-14,6.435886064082297e-07,3.852178554097918e-05,cross_engine,1.8689870000230258,0
1682250,put,USD,50.51025522399224,50.51025522399224,0.0,0.0,nan,nan,analytic,0.09642399999165718,0
807245,call,EUR,55.79721379994358,55.79721379994358,0.0,0.0,0.0032246110275480078,0.018669706869410163,cross_engine,1.8849759999852722,0
701428,call,EUR,20.64328295561232,20.64328295561232,0.0,1.4210854715202004e-14,nan,nan,analytic,0.09478000001195142,0
1945804,put,USD,43.670049572173674,43.67004957217368,7.105427357601002e-15,7.105427357601002e-15,nan,nan,analytic,0.08834799999135612,0
3309698,put,JPY,-1.6690591071693745e-15,0.0,1.6690591071693745e-15,3.552713678800501e-15,nan,nan,analytic,0.10160499999756212,0
1970762,put,USD,0.5837547571723988,0.5837547571723931,5.662137425588298e-15,1.4210854715202004e-14,nan,nan,analytic,0.08890999998811822,0
2744014,put,EUR,0.2732411752341988,0.2732411752341939,4.884981308350689e-15,7.105427357601002e-15,nan,nan,analytic,0.08666599998718993,0
941776,call,EUR,8.693706248920188,8.693706248920194,5.329070518200751e-15,8.881784197001252e-15,nan,nan,analytic,0.08623600001556042,0
2624045,put,EUR,5.085673329359606e-10,5.085723248349621e-10,4.991899001543976e-15,2.1316282072803006e-14,7.351193665968566e-11,5.085673329359606e-10,cross_engine,1.8701449999980468,0
3240175,put,JPY,25.303662343416423,25.303662343416427,3.552713678800501e-15,7.105427357601002e-15,4.267270277580337e-06,0.0021245681168728936,cross_engine,1.882627000014736,0
684326,call,EUR,1.6020495213221169,1.6020495213221206,3.774758283725532e-15,1.0658141036401503e-14,nan,nan,analytic,0.09662400000820526,0
1281219,call,JPY,39.50697046240112,39.5069704624011,2.1316282072803006e-14,2.1316282072803006e-14,2.69455144064068e-06,0.0032664774456989676,cross_engine,1.8658310000034817,0
2110776,put,USD,1.0860545818416822,1.0860545818416902,7.993605777301127e-15,1.3322676295501878e-14,nan,nan,analytic,0.09516500000472661,0
3145875,put,JPY,54.45291911935822,54.45291911935823,7.105427357601002e-15,7.105427357601002e-15,2.833989434236628e-06,0.0037027265979503454,cross_engine,1.8644589999894379,0
63575,call,USD,37.90302284930707,37.90302284930707,0.0,7.105427357601002e-15,0.00037134241643599353,0.0060058724198981395,cross_engine,1.8668509999884009,0
2404005,put,EUR,90.1231357975874,90.1231357975874,0.0,0.0,9.745080404854889e-07,8.425269601275431e-05,cross_engine,1.874653000015769,0
1878991,put,USD,35.12551561570538,35.12551561570538,0.0,0.0,1.0790043347697065e-07,6.522126930974537e-06,cross_engine,1.9126180000057502,0
2642082,put,EUR,53.70397831626217,53.70397831626217,0.0,7.105427357601002e-15,nan,nan,analytic,0.10004999998614039,0
869277,call,EUR,8.20767710577362,8.20767710577364,2.1316282072803006e-14,2.3092638912203256e-14,0.000441014630094827,0.0013076296199248105,cross_engine,1.887882999994872,0
2865117,put,EUR,0.00037024960998899027,0.00037024961000260356,1.3613296687836618e-14,7.105427357601002e-15,7.079392262965549e-06,3.966696627941526e-06,cross_engine,1.8824459999962073,0
1928652,put,USD,61.01613785367136,61.01613785367134,2.1316282072803006e-14,1.4210854715202004e-14,nan,nan,analytic,0.09644700000421835,0
1740564,put,USD,25.15721094669827,25.157210946698257,1.4210854715202004e-14,1.7763568394002505e-14,nan,nan,analytic,0.08831200000258832,0
539618,call,USD,18.951357788752986,18.951357788752958,2.842170943040401e-14,1.0658141036401503e-14,nan,nan,analytic,0.08867200000395314,0
3064647,put,JPY,1.5207231755249495,1.5207231755249495,0.0,7.105427357601002e-15,0.000451352277465622,0.00014931546232710424,cross_engine,1.8683549999991556,0
213122,call,USD,49.75403597455535,49.754035974555336,1.4210854715202004e-14,7.105427357601002e-15,nan,nan,analytic,0.8495530000232066,0
3183044,put,JPY,5.789571980602823e-06,5.789571984755914e-06,4.153090631814349e-15,0.0,nan,nan,analytic,0.09126800000558433,0
2238786,put,USD,11.219171536827274,11.219171536827275,1.7763568394002505e-15,1.7763568394002505e-15,nan,nan,analytic,0.0935829999946236,0
2987964,put,JPY,-9.391773008902516e-15,0.0,9.391773008902516e-15,1.4210854715202004e-14,nan,nan,analytic,0.08673499999645173,0
973624,call,EUR,9.534951335259406e-11,9.535248121045679e-11,2.9678578627320995e-15,0.0,nan,nan,analytic,0.08762699999920187,0
718806,call,EUR,4.852540362262136,4.852540362262175,3.907985046680551e-14,3.907985046680551e-14,nan,nan,analytic,0.10484200001315003,0
1860780,put,USD,30.032589878415646,30.03258987841565,3.552713678800501e-15,0.0,nan,nan,analytic,0.0890789999914432,0
588209,call,USD,4.102955172917706,4.102955172917689,1.687538997430238e-14,3.4638958368304884e-14,8.564027934010454e-05,0.0005452887535506434,cross_engine,1.921299999992243,0
377167,call,USD,20.53332618931663,20.53332618931663,0.0,3.552713678800501e-15,0.0014162062590088453,0.005171922483970803,cross_engine,1.8702459999815346,0
2020050,put,USD,0.00023219908939294456,0.0002321990893991363,6.191743081793155e-15,1.4210854715202004e-14,nan,nan,analytic,0.10759799999959796,0
1118809,call,EUR,0.061311942975269665,0.06131194297526976,9.71445146547012e-17,2.1316282072803006e-14,0.0004483921145261513,8.703982147682116e-05,cross_engine,1.8623029999957907,0
3081174,put,JPY,0.045718669677710544,0.045718669677705215,5.329070518200751e-15,1.4210854715202004e-14,nan,nan,analytic,0.10697199999754048,0
1434979,call,JPY,78.5074750623752,78.50747506237522,1.4210854715202004e-14,0.0,1.0090949572827412e-05,4.824303650252659e-05,cross_engine,1.8723259999831043,0
2374671,put,EUR,5.106531757747028,5.106531757747035,7.105427357601002e-15,1.2434497875801753e-14,0.0016526419840818818,0.00040968311208100516,cross_engine,1.8799259999866536,0
1220863,call,JPY,0.6470769695773058,0.6470769695773049,8.881784197001252e-16,7.105427357601002e-15,0.0005522751196606057,0.00012163148037303007,cross_engine,1.8747879999807537,0
2254140,put,USD,5.06570000620295,5.0657000062029525,2.6645352591003757e-15,1.0658141036401503e-14,nan,nan,analytic,0.09681099999170328,0
1432333,call,JPY,24.692694076287324,24.692694076287324,0.0,1.4210854715202004e-14,0.004108053350748264,0.0043441410136395575,cross_engine,1.8743269999959011,0
863711,call,EUR,2.9421902936028816,2.942190293602877,4.440892098500626e-15,1.509903313490213e-14,0.0010390237291368898,0.00032530979006439864,cross_engine,1.8856800000150997,0
3018180,put,JPY,25.16552523145893,25.16552523145893,0.0,7.105427357601002e-15,nan,nan,analytic,0.09663699998441189,0
1563254,call,JPY,1.0144678956962816e-14,5.98880262424036e-15,4.155876332722456e-15,1.4210854715202004e-14,nan,nan,analytic,0.08853799999997136,0
3352541,put,JPY,4.0017824796117685,4.001782479611791,2.220446049250313e-14,1.4210854715202004e-14,0.0012482516300202917,0.00036826405517409455,cross_engine,1.9165459999896939,0
1589415,call,JPY,5.502489046478934,5.502489046478935,8.881784197001252e-16,2.042810365310288e-14,0.0018021538032675366,0.0007094943928365183,cross_engine,1.8734239999957936,0
2233380,put,USD,39.58601091671164,39.58601091671164,0.0,7.105427357601002e-15,nan,nan,analytic,0.09553300000675335,0
2086131,put,USD,1.9438658781670237,1.9438658781670277,3.9968028886505635e-15,7.105427357601002e-15,0.00029401415997609703,5.379085460277544e-05,cross_engine,1.8624279999812643,0
3244041,put,JPY,93.42244323072578,93.42244323072575,2.842170943040401e-14,2.842170943040401e-14,0.00033895847712983596,0.005811792077338396,cross_engine,1.8980210000165698,0
