schema,input_bit,plaintext_rank,cipher_hamming_fraction,tweak_hamming_fraction
permit,1,3396,0.5,0.3333333333333333
permit,10,13,0.4166666666666667,0.5
permit,4,3179,0.75,0.6666666666666666
permit,7,1911,0.5833333333333334,0.5
permit,0,2710,0.5833333333333334,0.4166666666666667
permit,2,2991,0.3333333333333333,0.6666666666666666
permit,1,3235,0.3333333333333333,0.5833333333333334
permit,1,2050,0.6666666666666666,0.5833333333333334
permit,6,2754,0.5833333333333334,0.3333333333333333
permit,6,1619,0.16666666666666666,0.5
permit,8,2761,0.5833333333333334,0.6666666666666666
permit,3,3072,0.25,0.6666666666666666
permit,9,3780,0.5,0.5
permit,7,653,0.25,0.4166666666666667
permit,11,2294,0.3333333333333333,0.5833333333333334
permit,4,2037,0.4166666666666667,0.3333333333333333
permit,2,354,0.75,0.5833333333333334
permit,3,1585,0.4166666666666667,0.5
permit,10,3833,0.4166666666666667,0.4166666666666667
permit,8,1757,0.3333333333333333,0.4166666666666667
permit,1,3153,0.5,0.4166666666666667
permit,4,3683,0.5,0.5833333333333334
permit,6,308,0.5833333333333334,0.5833333333333334
permit,3,1665,0.5,0.3333333333333333
permit,9,1296,0.4166666666666667,0.5833333333333334
permit,10,3491,0.3333333333333333,0.5
permit,0,1111,0.4166666666666667,0.5833333333333334
permit,11,850,0.5,0.4166666666666667
permit,0,777,0.5,0.4166666666666667
permit,6,664,0.5833333333333334,0.3333333333333333
permit,8,352,0.4166666666666667,0.08333333333333333
permit,0,1767,0.3333333333333333,0.5833333333333334
permit,2,228,0.6666666666666666,0.5833333333333334
permit,4,3693,0.6666666666666666,0.4166666666666667
permit,5,382,0.6666666666666666,0.5
permit,8,2962,0.3333333333333333,0.6666666666666666
permit,8,1754,0.5833333333333334,0.5833333333333334
permit,10,3403,0.6666666666666666,0.4166666666666667
permit,9,1393,0.5,0.4166666666666667
permit,5,1806,0.5,0.4166666666666667
permit,6,2310,0.4166666666666667,0.6666666666666666
permit,6,2172,0.6666666666666666,0.5
permit,2,3901,0.5,0.3333333333333333
permit,8,3492,0.4166666666666667,0.75
permit,10,1769,0.5833333333333334,0.6666666666666666
permit,10,545,0.4166666666666667,0.5833333333333334
permit,5,690,0.5,0.5833333333333334
permit,9,2004,0.5833333333333334,0.6666666666666666
permit,3,3581,0.4166666666666667,0.4166666666666667
permit,9,1307,0.5833333333333334,0.5833333333333334
permit,0,2416,0.5,0.25
permit,10,2712,0.5833333333333334,0.3333333333333333
permit,8,1547,0.5833333333333334,0.5
permit,5,3362,0.6666666666666666,0.4166666666666667
permit,8,3676,0.3333333333333333,0.5
permit,5,1471,0.25,0.75
permit,5,3067,0.6666666666666666,0.6666666666666666
permit,5,1928,0.5833333333333334,0.6666666666666666
permit,5,1956,0.4166666666666667,0.3333333333333333
permit,11,2430,0.4166666666666667,0.5833333333333334
permit,2,2710,0.5,0.4166666666666667
permit,5,3439,0.5833333333333334,0.4166666666666667
permit,7,3549,0.5833333333333334,0.6666666666666666
permit,5,759,0.3333333333333333,0.6666666666666666
permit,0,806,0.4166666666666667,0.4166666666666667
permit,1,3284,0.5,0.5
permit,1,3952,0.5833333333333334,0.4166666666666667
permit,0,2890,0.16666666666666666,0.75
permit,1,3517,0.6666666666666666,0.6666666666666666
permit,0,2130,0.6666666666666666,0.4166666666666667
permit,4,2259,0.5833333333333334,0.25
permit,8,1111,0.16666666666666666,0.5833333333333334
permit,0,2640,0.4166666666666667,0.5833333333333334
permit,7,17,0.5833333333333334,0.5833333333333334
permit,6,1319,0.5833333333333334,0.9166666666666666
permit,0,1738,0.5833333333333334,0.5
permit,6,285,0.3333333333333333,0.4166666666666667
permit,5,3049,0.5833333333333334,0.4166666666666667
permit,10,1039,0.6666666666666666,0.5
permit,6,158,0.4166666666666667,0.6666666666666666
permit,2,1153,0.4166666666666667,0.4166666666666667
permit,6,3021,0.4166666666666667,0.6666666666666666
permit,11,948,0.5833333333333334,0.5833333333333334
permit,8,1226,0.5,0.5833333333333334
permit,4,3156,0.5833333333333334,0.6666666666666666
permit,10,1600,0.25,0.5
permit,2,460,0.3333333333333333,0.5833333333333334
permit,8,421,0.3333333333333333,0.5
permit,9,721,0.3333333333333333,0.3333333333333333
permit,9,323,0.3333333333333333,0.5
permit,3,309,0.5,0.6666666666666666
permit,8,2567,0.16666666666666666,0.4166666666666667
permit,9,3596,0.4166666666666667,0.5
permit,5,992,0.5,0.5
permit,10,3577,0.5833333333333334,0.5
permit,2,1055,0.25,0.4166666666666667
permit,9,443,0.4166666666666667,0.75
permit,0,2900,0.5833333333333334,0.5
permit,1,2623,0.5,0.5
permit,9,2596,0.5833333333333334,0.6666666666666666
permit,8,2145,0.75,0.16666666666666666
permit,1,2222,0.5,0.5833333333333334
permit,7,2087,0.4166666666666667,0.4166666666666667
permit,2,1698,0.4166666666666667,0.5833333333333334
permit,11,666,0.5833333333333334,0.6666666666666666
permit,7,360,0.75,0.5833333333333334
permit,1,1468,0.3333333333333333,0.5833333333333334
permit,9,2367,0.75,0.5833333333333334
permit,7,800,0.5833333333333334,0.4166666666666667
permit,0,2592,0.5,0.5833333333333334
permit,7,1815,0.25,0.4166666666666667
permit,2,1131,0.4166666666666667,0.4166666666666667
permit,1,3201,0.4166666666666667,0.5833333333333334
permit,8,2676,0.5,0.5
permit,4,3640,0.08333333333333333,0.5833333333333334
permit,6,1840,0.3333333333333333,0.5
permit,11,3751,0.75,0.5833333333333334
permit,11,3411,0.3333333333333333,0.3333333333333333
permit,8,2009,0.5833333333333334,0.5833333333333334
permit,0,2261,0.4166666666666667,0.75
permit,8,1048,0.3333333333333333,0.6666666666666666
permit,8,2894,0.5833333333333334,0.5833333333333334
permit,4,1521,0.5,0.4166666666666667
permit,5,668,0.5,0.3333333333333333
permit,8,3614,0.5,0.4166666666666667
permit,3,973,0.4166666666666667,0.5
permit,5,3786,0.4166666666666667,0.6666666666666666
permit,6,3521,0.5833333333333334,0.3333333333333333
permit,0,3881,0.5,0.75
permit,8,941,0.5,0.75
permit,6,2337,0.4166666666666667,0.5
permit,2,2953,0.3333333333333333,0.3333333333333333
permit,2,2844,0.6666666666666666,0.4166666666666667
permit,7,3804,0.5,0.5833333333333334
permit,10,1132,0.3333333333333333,0.5
permit,9,3912,0.5833333333333334,0.5
permit,0,3696,0.5,0.4166666666666667
permit,11,547,0.5,0.5
permit,11,3186,0.5,0.4166666666666667
permit,0,2581,0.4166666666666667,0.5833333333333334
permit,7,764,0.6666666666666666,0.3333333333333333
permit,2,2305,0.5833333333333334,0.3333333333333333
permit,11,965,0.5833333333333334,0.4166666666666667
permit,8,1824,0.08333333333333333,0.4166666666666667
permit,10,3743,0.5,0.3333333333333333
permit,6,2330,0.5833333333333334,0.4166666666666667
permit,4,3527,0.5833333333333334,0.4166666666666667
permit,7,3661,0.3333333333333333,0.75
permit,6,828,0.5,0.25
permit,1,752,0.16666666666666666,0.6666666666666666
permit,11,1019,0.4166666666666667,0.4166666666666667
permit,4,2420,0.5,0.6666666666666666
permit,6,1173,0.5833333333333334,0.4166666666666667
permit,10,3509,0.4166666666666667,0.4166666666666667
permit,10,786,0.4166666666666667,0.5
permit,2,471,0.4166666666666667,0.75
permit,6,3098,0.6666666666666666,0.75
permit,7,2302,0.5,0.6666666666666666
permit,2,3858,0.5,0.6666666666666666
permit,7,2864,0.25,0.4166666666666667
permit,3,994,0.5833333333333334,0.5833333333333334
permit,4,38,0.3333333333333333,0.5833333333333334
permit,3,442,0.3333333333333333,0.5
permit,10,36,0.5833333333333334,0.5
permit,1,497,0.25,0.75
permit,10,1246,0.3333333333333333,0.6666666666666666
permit,0,992,0.75,0.5
permit,2,1155,0.4166666666666667,0.5
permit,1,393,0.3333333333333333,0.5833333333333334
permit,7,2458,0.4166666666666667,0.3333333333333333
permit,5,1681,0.75,0.3333333333333333
permit,7,26,0.5,0.6666666666666666
permit,2,3218,0.5833333333333334,0.3333333333333333
permit,2,1348,0.5833333333333334,0.6666666666666666
permit,8,3151,0.4166666666666667,0.25
permit,0,3033,0.5,0.6666666666666666
permit,8,2362,0.4166666666666667,0.4166666666666667
permit,4,693,0.3333333333333333,0.6666666666666666
permit,8,2059,0.4166666666666667,0.5
permit,8,2181,0.6666666666666666,0.75
permit,1,1977,0.5,0.4166666666666667
permit,3,2364,0.5,0.4166666666666667
permit,4,1071,0.4166666666666667,0.5
permit,10,3831,0.6666666666666666,0.5
permit,3,2028,0.5833333333333334,0.6666666666666666
permit,7,2132,0.5833333333333334,0.6666666666666666
permit,5,1939,0.4166666666666667,0.6666666666666666
permit,3,462,0.5,0.5833333333333334
permit,4,449,0.4166666666666667,0.5833333333333334
permit,6,1455,0.5,0.5
permit,2,1809,0.6666666666666666,0.25
permit,6,2758,0.6666666666666666,0.4166666666666667
permit,4,3798,0.4166666666666667,0.25
permit,1,1754,0.4166666666666667,0.5833333333333334
permit,9,558,0.5833333333333334,0.4166666666666667
permit,11,3397,0.5,0.75
permit,11,2658,0.4166666666666667,0.5833333333333334
permit,1,3696,0.6666666666666666,0.4166666666666667
permit,3,3376,0.6666666666666666,0.75
permit,5,743,0.25,0.6666666666666666
permit,11,3386,0.6666666666666666,0.5
permit,0,358,0.5,0.5
permit,8,221,0.5,0.5833333333333334
permit,5,2387,0.5833333333333334,0.5
permit,7,192,0.6666666666666666,0.3333333333333333
permit,6,1054,0.25,0.3333333333333333
permit,7,2629,0.5,0.5
permit,8,2803,0.5833333333333334,0.5
permit,7,2782,0.4166666666666667,0.5833333333333334
permit,4,3940,0.3333333333333333,0.6666666666666666
permit,3,2820,0.4166666666666667,0.4166666666666667
permit,11,3712,0.4166666666666667,0.3333333333333333
permit,4,568,0.5833333333333334,0.6666666666666666
permit,1,220,0.16666666666666666,0.25
permit,4,3761,0.4166666666666667,0.5833333333333334
permit,11,333,0.5,0.25
permit,0,923,0.5833333333333334,0.5
permit,6,3221,0.5833333333333334,0.3333333333333333
permit,11,473,0.75,0.5
permit,3,433,0.6666666666666666,0.6666666666666666
permit,8,3426,0.5,0.3333333333333333
permit,1,585,0.5,0.5833333333333334
permit,8,1048,0.3333333333333333,0.6666666666666666
permit,10,2126,0.5833333333333334,0.5833333333333334
permit,1,1116,0.5,0.5833333333333334
permit,1,3847,0.4166666666666667,0.3333333333333333
permit,10,588,0.4166666666666667,0.5
permit,4,3548,0.3333333333333333,0.4166666666666667
permit,11,2398,0.75,0.4166666666666667
permit,9,1250,0.4166666666666667,0.5833333333333334
permit,10,1180,0.5,0.5833333333333334
permit,4,1468,0.4166666666666667,0.5833333333333334
permit,10,3689,0.6666666666666666,0.5
permit,1,3410,0.3333333333333333,0.4166666666666667
permit,1,1895,0.6666666666666666,0.5
permit,3,1897,0.5833333333333334,0.3333333333333333
permit,6,3790,0.3333333333333333,0.4166666666666667
permit,8,974,0.5,0.25
permit,4,920,0.4166666666666667,0.5833333333333334
permit,2,3496,0.3333333333333333,0.3333333333333333
permit,9,2397,0.5833333333333334,0.3333333333333333
permit,10,268,0.75,0.5
permit,6,2303,0.5,0.6666666666666666
permit,6,709,0.5833333333333334,0.5833333333333334
permit,8,1607,0.6666666666666666,0.4166666666666667
permit,3,2605,0.5833333333333334,0.5833333333333334
permit,3,1650,0.5833333333333334,0.5
permit,1,3708,0.5833333333333334,0.3333333333333333
permit,2,3599,0.5,0.75
permit,7,2432,0.25,0.5
permit,11,79,0.5,0.5833333333333334
permit,7,1492,0.5,0.75
permit,10,2243,0.3333333333333333,0.5833333333333334
permit,5,688,0.4166666666666667,0.4166666666666667
permit,2,3990,0.5833333333333334,0.4166666666666667
permit,3,2089,0.25,0.4166666666666667
permit,8,3547,0.6666666666666666,0.5
permit,2,33,0.6666666666666666,0.4166666666666667
permit,9,3794,0.5,0.6666666666666666
permit,6,594,0.4166666666666667,0.3333333333333333
permit,1,1730,0.5,0.5
permit,1,225,0.6666666666666666,0.6666666666666666
permit,6,1760,0.6666666666666666,0.75
permit,4,3396,0.75,0.3333333333333333
permit,6,3923,0.5,0.5833333333333334
permit,3,737,0.5,0.5833333333333334
permit,8,305,0.4166666666666667,0.3333333333333333
permit,0,2073,0.25,0.5833333333333334
permit,2,3683,0.4166666666666667,0.5833333333333334
permit,3,1097,0.16666666666666666,0.6666666666666666
permit,3,1937,0.5,0.3333333333333333
permit,5,1871,0.6666666666666666,0.5833333333333334
permit,4,1189,0.6666666666666666,0.5
permit,7,2620,0.5833333333333334,0.6666666666666666
permit,8,2500,0.5,0.4166666666666667
permit,1,3814,0.4166666666666667,0.6666666666666666
permit,11,1557,0.5833333333333334,0.75
permit,11,3996,0.5833333333333334,0.5833333333333334
permit,1,2220,0.5,0.3333333333333333
permit,6,2288,0.5,0.6666666666666666
permit,2,2490,0.5833333333333334,0.8333333333333334
permit,11,2788,0.5833333333333334,0.4166666666666667
permit,8,915,0.5,0.3333333333333333
permit,3,2773,0.4166666666666667,0.3333333333333333
permit,2,3836,0.4166666666666667,0.6666666666666666
permit,1,3320,0.6666666666666666,0.4166666666666667
permit,8,137,0.3333333333333333,0.6666666666666666
permit,3,3810,0.4166666666666667,0.5
permit,4,2145,0.4166666666666667,0.16666666666666666
permit,0,3126,0.5,0.6666666666666666
permit,4,2074,0.8333333333333334,0.6666666666666666
permit,2,3928,0.5,0.6666666666666666
permit,9,1419,0.5,0.3333333333333333
permit,7,23,0.4166666666666667,0.6666666666666666
permit,2,1373,0.8333333333333334,0.6666666666666666
permit,4,464,0.5,0.8333333333333334
permit,4,1127,0.5,0.6666666666666666
permit,11,693,0.6666666666666666,0.6666666666666666
permit,8,3268,0.5833333333333334,0.5833333333333334
permit,4,1323,0.5833333333333334,0.5
permit,5,923,0.3333333333333333,0.5
permit,7,2858,0.5,0.4166666666666667
permit,6,921,0.3333333333333333,0.25
permit,3,2936,0.3333333333333333,0.75
permit,0,1884,0.25,0.4166666666666667
permit,11,721,0.6666666666666666,0.3333333333333333
permit,3,1234,0.3333333333333333,0.5
permit,2,3001,0.5833333333333334,0.4166666666666667
permit,2,3155,0.08333333333333333,0.75
permit,3,136,0.5833333333333334,0.5
permit,0,860,0.3333333333333333,0.4166666666666667
permit,8,611,0.4166666666666667,0.4166666666666667
permit,9,3416,0.4166666666666667,0.25
permit,5,1085,0.5,0.5833333333333334
permit,5,915,0.6666666666666666,0.3333333333333333
permit,7,501,0.6666666666666666,0.25
permit,3,3619,0.6666666666666666,0.5833333333333334
permit,11,3750,0.75,0.75
permit,7,2024,0.5,0.5
permit,1,382,0.4166666666666667,0.5
permit,2,3579,0.4166666666666667,0.8333333333333334
permit,8,122,0.4166666666666667,0.4166666666666667
permit,11,2997,0.5833333333333334,0.4166666666666667
permit,8,274,0.6666666666666666,0.5833333333333334
permit,3,2318,0.4166666666666667,0.4166666666666667
permit,3,2562,0.5,0.16666666666666666
permit,7,3310,0.4166666666666667,0.4166666666666667
permit,5,555,0.3333333333333333,0.75
permit,7,1381,0.5,0.4166666666666667
permit,10,1956,0.3333333333333333,0.3333333333333333
permit,2,753,0.16666666666666666,0.5833333333333334
permit,1,3488,0.6666666666666666,0.6666666666666666
permit,10,2094,0.4166666666666667,0.5833333333333334
permit,11,1405,0.4166666666666667,0.5
permit,3,1671,0.5,0.3333333333333333
permit,2,3230,0.5,0.5
permit,1,11,0.3333333333333333,0.6666666666666666
permit,7,3677,0.75,0.5
permit,1,3172,0.4166666666666667,0.4166666666666667
permit,8,2119,0.5833333333333334,0.4166666666666667
permit,7,437,0.5,0.4166666666666667
permit,7,593,0.8333333333333334,0.6666666666666666
permit,2,3880,0.3333333333333333,0.4166666666666667
permit,0,1973,0.4166666666666667,0.5
permit,10,558,0.3333333333333333,0.4166666666666667
permit,11,1183,0.3333333333333333,0.5
permit,2,910,0.5,0.3333333333333333
permit,8,1434,0.4166666666666667,0.5833333333333334
permit,3,729,0.5833333333333334,0.5
permit,9,871,0.5,0.5
permit,1,495,0.6666666666666666,0.3333333333333333
permit,0,1762,0.4166666666666667,0.3333333333333333
permit,7,1610,0.5,0.5
permit,0,1494,0.4166666666666667,0.3333333333333333
permit,9,715,0.5,0.5
permit,2,476,0.16666666666666666,0.6666666666666666
permit,1,1822,0.3333333333333333,0.4166666666666667
permit,6,3752,0.16666666666666666,0.5833333333333334
permit,7,633,0.5833333333333334,0.75
permit,7,2479,0.5833333333333334,0.5833333333333334
permit,6,30,0.5,0.3333333333333333
permit,11,1261,0.75,0.25
permit,9,79,0.5,0.5833333333333334
permit,10,2018,0.4166666666666667,0.3333333333333333
permit,1,2852,0.5,0.08333333333333333
permit,1,2638,0.4166666666666667,0.5
permit,11,2117,0.3333333333333333,0.4166666666666667
permit,6,3155,0.5833333333333334,0.75
permit,6,679,0.4166666666666667,0.5
permit,8,3028,0.5,0.3333333333333333
permit,0,2382,0.3333333333333333,0.4166666666666667
permit,11,308,0.3333333333333333,0.5833333333333334
permit,1,1776,0.5,0.3333333333333333
permit,6,2645,0.4166666666666667,0.3333333333333333
permit,1,1979,0.5,0.5
permit,3,3169,0.75,0.6666666666666666
permit,7,2122,0.5,0.5
permit,5,979,0.3333333333333333,0.4166666666666667
permit,0,3391,0.3333333333333333,0.25
permit,3,1288,0.3333333333333333,0.5
permit,2,934,0.5833333333333334,0.6666666666666666
permit,5,437,0.16666666666666666,0.4166666666666667
permit,10,1278,0.4166666666666667,0.6666666666666666
permit,3,3470,0.6666666666666666,0.75
permit,5,2556,0.5,0.5833333333333334
permit,2,654,0.5833333333333334,0.5
permit,8,793,0.3333333333333333,0.5
permit,4,1769,0.5833333333333334,0.6666666666666666
permit,2,1943,0.5,0.5
permit,7,742,0.5,0.4166666666666667
permit,3,2015,0.6666666666666666,0.75
permit,7,1244,0.5833333333333334,0.6666666666666666
permit,8,2693,0.9166666666666666,0.6666666666666666
permit,9,790,0.5833333333333334,0.3333333333333333
permit,11,1444,0.5,0.5833333333333334
permit,1,2209,0.5,0.6666666666666666
permit,7,2463,0.75,0.25
permit,6,3389,0.3333333333333333,0.75
permit,1,1715,0.4166666666666667,0.5833333333333334
permit,8,433,0.5833333333333334,0.6666666666666666
permit,2,3783,0.5,0.3333333333333333
permit,0,184,0.5833333333333334,0.5
permit,7,2506,0.5833333333333334,0.5
permit,10,2128,0.3333333333333333,0.6666666666666666
permit,10,1913,0.75,0.3333333333333333
permit,3,848,0.5,0.6666666666666666
permit,3,3942,0.3333333333333333,0.3333333333333333
permit,0,3406,0.5833333333333334,0.5
permit,11,1902,0.5,0.6666666666666666
permit,4,3581,0.16666666666666666,0.4166666666666667
permit,3,2950,0.75,0.5833333333333334
permit,7,31,0.5,0.4166666666666667
permit,8,925,0.5833333333333334,0.5833333333333334
permit,8,1273,0.5,0.5833333333333334
permit,11,2459,0.5,0.75
permit,2,270,0.6666666666666666,0.75
permit,6,528,0.6666666666666666,0.5833333333333334
permit,9,3431,0.5,0.3333333333333333
permit,2,2813,0.3333333333333333,0.25
permit,0,3911,0.75,0.4166666666666667
permit,7,296,0.4166666666666667,0.5
permit,1,3642,0.3333333333333333,0.4166666666666667
permit,5,2728,0.5833333333333334,0.5
permit,10,3833,0.4166666666666667,0.4166666666666667
permit,6,751,0.25,0.75
permit,2,2213,0.6666666666666666,0.6666666666666666
permit,5,235,0.6666666666666666,0.6666666666666666
permit,6,3458,0.4166666666666667,0.5833333333333334
permit,10,3965,0.25,0.5833333333333334
permit,5,1452,0.6666666666666666,0.6666666666666666
permit,9,2920,0.5833333333333334,0.75
permit,8,1717,0.75,0.75
permit,7,3491,0.4166666666666667,0.5
permit,11,2155,0.75,0.5
permit,9,609,0.5,0.75
permit,9,3599,0.4166666666666667,0.75
permit,2,2663,0.4166666666666667,0.4166666666666667
permit,1,160,0.4166666666666667,0.4166666666666667
permit,7,462,0.4166666666666667,0.5833333333333334
permit,1,1079,0.4166666666666667,0.5833333333333334
permit,3,2265,0.4166666666666667,0.5833333333333334
permit,0,226,0.4166666666666667,0.5833333333333334
permit,8,3001,0.6666666666666666,0.4166666666666667
permit,2,3162,0.3333333333333333,0.4166666666666667
permit,3,110,0.6666666666666666,0.4166666666666667
permit,3,2613,0.5833333333333334,0.6666666666666666
permit,11,3249,0.25,0.4166666666666667
permit,3,1465,0.5,0.4166666666666667
permit,2,3383,0.5833333333333334,0.5833333333333334
permit,8,3501,0.5833333333333334,0.4166666666666667
permit,6,1319,0.5833333333333334,0.9166666666666666
permit,7,3293,0.75,0.5833333333333334
permit,6,1576,0.5833333333333334,0.5833333333333334
permit,4,3931,0.5,0.5833333333333334
permit,11,1485,0.3333333333333333,0.3333333333333333
permit,10,3844,0.4166666666666667,0.5833333333333334
permit,5,625,0.3333333333333333,0.4166666666666667
permit,4,3747,0.4166666666666667,0.5
permit,6,2040,0.5,0.25
permit,9,1159,0.4166666666666667,0.5833333333333334
permit,11,1686,0.5833333333333334,0.5
permit,9,692,0.5,0.5
permit,8,1173,0.6666666666666666,0.4166666666666667
permit,8,2916,0.5,0.3333333333333333
permit,7,736,0.25,0.4166666666666667
permit,10,872,0.5833333333333334,0.3333333333333333
permit,0,3593,0.6666666666666666,0.8333333333333334
permit,1,2273,0.5,0.6666666666666666
permit,2,2940,0.4166666666666667,0.4166666666666667
permit,4,1002,0.5833333333333334,0.5833333333333334
permit,6,673,0.3333333333333333,0.4166666666666667
permit,1,2783,0.4166666666666667,0.5
permit,4,2077,0.5,0.5
permit,4,725,0.4166666666666667,0.4166666666666667
permit,1,689,0.75,0.16666666666666666
permit,11,1313,0.5,0.5833333333333334
permit,0,2354,0.75,0.4166666666666667
permit,2,2683,0.5,0.5833333333333334
permit,8,534,0.5,0.4166666666666667
permit,11,2453,0.3333333333333333,0.4166666666666667
permit,6,865,0.5833333333333334,0.3333333333333333
permit,0,2347,0.4166666666666667,0.4166666666666667
permit,5,3889,0.5833333333333334,0.5
permit,3,2808,0.3333333333333333,0.3333333333333333
permit,11,1905,0.75,0.5833333333333334
permit,10,3917,0.5833333333333334,0.4166666666666667
permit,3,3110,0.4166666666666667,0.25
permit,8,1258,0.3333333333333333,0.6666666666666666
permit,1,2819,0.4166666666666667,0.75
permit,8,1809,0.5833333333333334,0.25
permit,5,3897,0.5833333333333334,0.5833333333333334
permit,0,623,0.5,0.5833333333333334
permit,7,2854,0.5833333333333334,0.6666666666666666
permit,11,3063,0.4166666666666667,0.3333333333333333
permit,0,1342,0.4166666666666667,0.5
permit,1,61,0.5833333333333334,0.4166666666666667
permit,4,1104,0.6666666666666666,0.25
permit,1,984,0.75,0.4166666666666667
permit,5,3477,0.5,0.4166666666666667
permit,6,3295,0.3333333333333333,0.5
permit,1,454,0.75,0.5
permit,6,47,0.5833333333333334,0.75
permit,8,3099,0.8333333333333334,0.5
permit,10,892,0.5,0.4166666666666667
permit,10,1020,0.16666666666666666,0.5
permit,8,2422,0.4166666666666667,0.4166666666666667
permit,4,2380,0.5,0.5
permit,5,894,0.5,0.4166666666666667
permit,8,1912,0.4166666666666667,0.4166666666666667
permit,7,3623,0.6666666666666666,0.5833333333333334
permit,3,1124,0.5,0.5833333333333334
permit,10,35,0.5833333333333334,0.5833333333333334
permit,3,100,0.3333333333333333,0.5
permit,8,2095,0.8333333333333334,0.8333333333333334
permit,2,457,0.4166666666666667,0.5
permit,5,1363,0.5,0.5
permit,1,1750,0.3333333333333333,0.5833333333333334
permit,11,1603,0.3333333333333333,0.25
permit,2,2,0.4166666666666667,0.4166666666666667
permit,4,2160,0.5,0.3333333333333333
permit,4,1268,0.75,0.5833333333333334
permit,5,898,0.5,0.75
permit,9,1624,0.5833333333333334,0.3333333333333333
permit,6,108,0.5833333333333334,0.5
permit,9,2184,0.3333333333333333,0.6666666666666666
permit,4,2434,0.5,0.8333333333333334
permit,4,1493,0.5,0.4166666666666667
permit,2,3586,0.4166666666666667,0.5
permit,3,720,0.16666666666666666,0.5
permit,8,597,0.5833333333333334,0.4166666666666667
permit,9,1797,0.5,0.25
permit,0,3110,0.5833333333333334,0.25
permit,8,3660,0.16666666666666666,0.25
permit,1,1562,0.4166666666666667,0.3333333333333333
permit,11,2226,0.5,0.8333333333333334
permit,9,833,0.5833333333333334,0.4166666666666667
permit,0,2873,0.5,0.5
permit,6,3047,0.75,0.5
permit,4,3544,0.5833333333333334,0.5
permit,5,3505,0.3333333333333333,0.5833333333333334
permit,1,3813,0.5,0.3333333333333333
permit,4,2602,0.4166666666666667,0.25
permit,8,2156,0.5833333333333334,0.5833333333333334
permit,4,2400,0.5,0.25
permit,10,3365,0.6666666666666666,0.5833333333333334
permit,8,866,0.4166666666666667,0.4166666666666667
permit,8,3548,0.4166666666666667,0.4166666666666667
permit,10,3266,0.5,0.6666666666666666
permit,7,3654,0.5,0.25
permit,5,3206,0.4166666666666667,0.3333333333333333
permit,7,1675,0.4166666666666667,0.5833333333333334
permit,10,504,0.5,0.4166666666666667
permit,2,96,0.6666666666666666,0.16666666666666666
permit,3,3519,0.6666666666666666,0.5
permit,4,2953,0.3333333333333333,0.3333333333333333
permit,6,420,0.5,0.4166666666666667
permit,1,722,0.5,0.4166666666666667
permit,11,1126,0.5833333333333334,0.5
permit,2,3572,0.5,0.4166666666666667
permit,2,3025,0.5833333333333334,0.4166666666666667
permit,8,3993,0.3333333333333333,0.8333333333333334
permit,2,1679,0.5833333333333334,0.5833333333333334
permit,10,2160,0.75,0.3333333333333333
permit,10,2508,0.4166666666666667,0.4166666666666667
permit,7,1415,0.4166666666666667,0.5833333333333334
permit,9,2176,0.4166666666666667,0.4166666666666667
permit,1,463,0.3333333333333333,0.75
permit,3,2044,0.6666666666666666,0.5833333333333334
permit,5,3898,0.6666666666666666,0.4166666666666667
permit,9,3881,0.5833333333333334,0.75
permit,10,2498,0.5833333333333334,0.3333333333333333
permit,0,1662,0.5833333333333334,0.5833333333333334
permit,3,1517,0.25,0.5833333333333334
permit,10,1640,0.5,0.4166666666666667
permit,4,1004,0.5833333333333334,0.75
permit,4,223,0.5833333333333334,0.3333333333333333
permit,3,2994,0.5833333333333334,0.5
permit,7,787,0.25,0.3333333333333333
permit,0,632,0.5833333333333334,0.6666666666666666
permit,8,3420,0.5833333333333334,0.4166666666666667
permit,3,794,0.3333333333333333,0.5833333333333334
permit,5,3587,0.4166666666666667,0.6666666666666666
permit,3,1546,0.75,0.6666666666666666
permit,5,1830,0.5,0.5833333333333334
permit,4,3144,0.5,0.3333333333333333
permit,3,1210,0.75,0.5833333333333334
permit,4,713,0.75,0.5
permit,3,2277,0.4166666666666667,0.3333333333333333
permit,1,1619,0.5,0.5
permit,7,1897,0.5833333333333334,0.3333333333333333
permit,7,154,0.5,0.6666666666666666
permit,7,2283,0.25,0.4166666666666667
permit,0,3940,0.5833333333333334,0.6666666666666666
permit,11,3658,0.6666666666666666,0.5
permit,2,3751,0.6666666666666666,0.5833333333333334
permit,3,1100,0.25,0.3333333333333333
permit,3,1557,0.5,0.75
permit,11,3686,0.5833333333333334,0.4166666666666667
permit,0,2218,0.4166666666666667,0.5833333333333334
permit,7,156,0.5,0.75
permit,0,3483,0.8333333333333334,0.5
permit,4,3988,0.4166666666666667,0.5
permit,4,3965,0.5833333333333334,0.5833333333333334
permit,11,948,0.5833333333333334,0.5833333333333334
permit,10,3510,0.25,0.16666666666666666
permit,3,1890,0.6666666666666666,0.16666666666666666
permit,8,3207,0.5,0.5833333333333334
permit,2,222,0.3333333333333333,0.5833333333333334
permit,7,776,0.5833333333333334,0.6666666666666666
permit,6,1411,0.6666666666666666,0.3333333333333333
permit,2,3959,0.4166666666666667,0.5
permit,6,990,0.4166666666666667,0.4166666666666667
permit,3,1590,0.75,0.6666666666666666
permit,1,1631,0.5,0.3333333333333333
permit,9,630,0.6666666666666666,0.75
permit,7,1142,0.6666666666666666,0.25
permit,10,520,0.6666666666666666,0.4166666666666667
permit,0,913,0.3333333333333333,0.5
permit,8,902,0.5,0.5833333333333334
permit,11,3914,0.5833333333333334,0.3333333333333333
permit,10,3089,0.8333333333333334,0.4166666666666667
permit,8,3292,0.4166666666666667,0.6666666666666666
permit,10,1987,0.5833333333333334,0.5
permit,0,1152,0.4166666666666667,0.5833333333333334
permit,9,658,0.4166666666666667,0.4166666666666667
permit,1,721,0.4166666666666667,0.3333333333333333
permit,8,2914,0.6666666666666666,0.6666666666666666
permit,4,2643,0.5833333333333334,0.4166666666666667
permit,8,2140,0.5833333333333334,0.4166666666666667
permit,10,1353,0.5,0.75
permit,4,2178,0.5,0.5
permit,9,1375,0.3333333333333333,0.5
permit,3,3505,0.6666666666666666,0.5833333333333334
permit,5,2469,0.3333333333333333,0.5
permit,3,86,0.5833333333333334,0.6666666666666666
permit,3,3674,0.3333333333333333,0.3333333333333333
permit,10,710,0.5,0.4166666666666667
permit,0,118,0.3333333333333333,0.5833333333333334
permit,2,2002,0.5833333333333334,0.5833333333333334
permit,5,3742,0.25,0.4166666666666667
permit,9,843,0.6666666666666666,0.6666666666666666
permit,1,722,0.5,0.4166666666666667
permit,5,767,0.6666666666666666,0.75
permit,6,1137,0.3333333333333333,0.4166666666666667
permit,3,2572,0.4166666666666667,0.6666666666666666
permit,5,2795,0.3333333333333333,0.5833333333333334
permit,10,3086,0.5833333333333334,0.5
permit,11,1156,0.6666666666666666,0.5833333333333334
permit,8,1702,0.5833333333333334,0.25
permit,1,1144,0.4166666666666667,0.5
permit,2,1460,0.5,0.5833333333333334
permit,11,1367,0.4166666666666667,0.5833333333333334
permit,7,2941,0.6666666666666666,0.4166666666666667
permit,4,614,0.6666666666666666,0.5833333333333334
permit,3,42,0.6666666666666666,0.5
permit,2,3809,0.3333333333333333,0.4166666666666667
permit,3,682,0.4166666666666667,0.5833333333333334
permit,9,3239,0.5,0.5833333333333334
permit,7,678,0.5,0.5
permit,9,2163,0.5,0.5
permit,6,2043,0.5,0.3333333333333333
permit,5,2795,0.3333333333333333,0.5833333333333334
permit,0,2580,0.4166666666666667,0.4166666666666667
permit,1,534,0.5833333333333334,0.4166666666666667
permit,1,1088,0.5833333333333334,0.25
permit,8,2941,0.5,0.4166666666666667
permit,6,2062,0.5,0.3333333333333333
permit,8,3598,0.75,0.4166666666666667
permit,11,539,0.4166666666666667,0.5833333333333334
permit,5,2571,0.6666666666666666,0.4166666666666667
permit,0,3039,0.5833333333333334,0.5833333333333334
permit,3,1059,0.3333333333333333,0.3333333333333333
permit,5,2062,0.5,0.3333333333333333
permit,7,127,0.3333333333333333,0.6666666666666666
permit,2,129,0.5833333333333334,0.3333333333333333
permit,11,2578,0.4166666666666667,0.6666666666666666
permit,9,3773,0.5833333333333334,0.5
permit,10,2135,0.5833333333333334,0.4166666666666667
permit,5,2598,0.3333333333333333,0.4166666666666667
permit,11,1697,0.25,0.25
permit,8,1050,0.5,0.5
permit,7,3687,0.4166666666666667,0.5833333333333334
permit,4,1913,0.4166666666666667,0.3333333333333333
permit,10,3749,0.5,0.75
permit,2,1117,0.8333333333333334,0.4166666666666667
permit,11,2245,0.4166666666666667,0.4166666666666667
permit,4,3170,0.5,0.5
permit,0,2330,0.16666666666666666,0.4166666666666667
permit,0,497,0.5833333333333334,0.75
permit,9,2950,0.75,0.5833333333333334
permit,5,1743,0.5,0.25
permit,8,2126,0.5833333333333334,0.5833333333333334
permit,8,1636,0.5833333333333334,0.5
permit,9,2887,0.4166666666666667,0.4166666666666667
permit,9,262,0.3333333333333333,0.3333333333333333
permit,3,1308,0.5833333333333334,0.5833333333333334
permit,10,7,0.5833333333333334,0.6666666666666666
permit,2,2469,0.5,0.5
permit,8,1042,0.4166666666666667,0.25
permit,2,3019,0.25,0.5
permit,0,169,0.75,0.5
permit,1,797,0.16666666666666666,0.25
permit,0,2823,0.4166666666666667,0.4166666666666667
permit,10,2611,0.5833333333333334,0.5
permit,6,2209,0.3333333333333333,0.6666666666666666
permit,1,1689,0.5833333333333334,0.6666666666666666
permit,10,978,0.5,0.6666666666666666
permit,1,1383,0.4166666666666667,0.5
permit,1,2702,0.4166666666666667,0.3333333333333333
permit,6,3374,0.6666666666666666,0.5
permit,4,3001,0.3333333333333333,0.4166666666666667
permit,5,358,0.3333333333333333,0.5
permit,7,1187,0.5,0.4166666666666667
permit,0,606,0.5,0.5833333333333334
permit,0,3743,0.6666666666666666,0.3333333333333333
permit,3,2306,0.5833333333333334,0.5833333333333334
permit,7,1202,0.5,0.3333333333333333
permit,10,2245,0.6666666666666666,0.4166666666666667
permit,6,984,0.16666666666666666,0.4166666666666667
permit,8,1497,0.5833333333333334,0.5
permit,6,3197,0.25,0.4166666666666667
permit,1,3169,0.5,0.6666666666666666
permit,11,540,0.5833333333333334,0.5
permit,1,2528,0.5,0.5833333333333334
permit,2,2202,0.6666666666666666,0.3333333333333333
permit,2,3869,0.4166666666666667,0.6666666666666666
permit,8,1308,0.3333333333333333,0.5833333333333334
permit,2,1657,0.3333333333333333,0.75
permit,9,888,0.6666666666666666,0.5
permit,7,2531,0.3333333333333333,0.5
permit,8,2768,0.5833333333333334,0.6666666666666666
permit,8,2986,0.25,0.5
permit,11,1652,0.5,0.75
permit,7,1375,0.75,0.5
permit,3,1696,0.6666666666666666,0.5
permit,1,2073,0.5,0.5833333333333334
permit,2,2034,0.5833333333333334,0.5
permit,7,1239,0.4166666666666667,0.5
permit,7,3631,0.75,0.4166666666666667
permit,7,500,0.5833333333333334,0.5833333333333334
permit,7,3070,0.5,0.4166666666666667
permit,3,3288,0.4166666666666667,0.5
permit,7,3550,0.4166666666666667,0.5
permit,10,138,0.6666666666666666,0.6666666666666666
permit,7,3324,0.16666666666666666,0.3333333333333333
permit,6,3925,0.4166666666666667,0.5
permit,2,1363,0.6666666666666666,0.5
permit,1,3449,0.3333333333333333,0.3333333333333333
permit,4,703,0.3333333333333333,0.4166666666666667
permit,3,2298,0.25,0.6666666666666666
permit,10,3464,0.3333333333333333,0.5
permit,11,3515,0.5,0.4166666666666667
permit,9,2962,0.6666666666666666,0.6666666666666666
permit,10,2118,0.5,0.6666666666666666
permit,5,2957,0.3333333333333333,0.5
permit,0,3816,0.5,0.16666666666666666
permit,3,3024,0.5833333333333334,0.4166666666666667
permit,4,1426,0.5,0.4166666666666667
permit,9,3731,0.5833333333333334,0.25
permit,4,1623,0.6666666666666666,0.5
permit,5,3856,0.4166666666666667,0.6666666666666666
permit,2,3456,0.5,0.8333333333333334
permit,5,1151,0.5833333333333334,0.4166666666666667
permit,10,2013,0.5,0.5833333333333334
permit,1,2526,0.4166666666666667,0.5833333333333334
permit,4,17,0.4166666666666667,0.5833333333333334
permit,2,2219,0.25,0.6666666666666666
permit,0,2198,0.4166666666666667,0.8333333333333334
permit,11,1447,0.5,0.75
permit,11,2099,0.4166666666666667,0.4166666666666667
permit,6,1991,0.5833333333333334,0.3333333333333333
permit,2,1651,0.6666666666666666,0.4166666666666667
permit,6,2190,0.5,0.4166666666666667
permit,6,3494,0.8333333333333334,0.6666666666666666
permit,5,612,0.5833333333333334,0.5
permit,4,2286,0.5,0.6666666666666666
permit,10,3641,0.3333333333333333,0.4166666666666667
permit,5,3618,0.25,0.6666666666666666
permit,0,1732,0.4166666666666667,0.3333333333333333
permit,2,1463,0.5,0.4166666666666667
permit,6,2832,0.75,0.25
permit,7,1605,0.5,0.5
permit,0,1640,0.3333333333333333,0.4166666666666667
permit,6,3074,0.3333333333333333,0.5
permit,4,3614,0.5833333333333334,0.4166666666666667
permit,7,1458,0.5,0.5
permit,2,861,0.3333333333333333,0.5833333333333334
permit,8,746,0.75,0.5
permit,11,3349,0.6666666666666666,0.5
permit,3,2797,0.4166666666666667,0.6666666666666666
permit,1,866,0.6666666666666666,0.4166666666666667
permit,9,3600,0.5833333333333334,0.3333333333333333
permit,3,2811,0.25,0.5
permit,6,383,0.4166666666666667,0.5
permit,8,1794,0.5,0.5
permit,5,226,0.25,0.5833333333333334
permit,3,2153,0.75,0.5
permit,7,2193,0.4166666666666667,0.5
permit,8,3954,0.5833333333333334,0.4166666666666667
permit,3,558,0.75,0.4166666666666667
permit,7,3465,0.25,0.6666666666666666
permit,3,3779,0.5,0.6666666666666666
permit,1,3977,0.5833333333333334,0.4166666666666667
permit,5,820,0.5,0.6666666666666666
permit,10,922,0.8333333333333334,0.3333333333333333
permit,5,3345,0.3333333333333333,0.5
permit,3,1046,0.3333333333333333,0.4166666666666667
permit,2,2182,0.5,0.75
permit,9,3218,0.5833333333333334,0.3333333333333333
permit,10,1694,0.5,0.4166666666666667
permit,6,2399,0.5833333333333334,0.4166666666666667
permit,2,2171,0.5,0.5
permit,5,3197,0.75,0.4166666666666667
permit,9,2611,0.5,0.5
permit,10,575,0.5833333333333334,0.75
permit,8,2160,0.4166666666666667,0.3333333333333333
permit,9,1536,0.25,0.6666666666666666
permit,1,495,0.6666666666666666,0.3333333333333333
permit,7,759,0.16666666666666666,0.6666666666666666
permit,2,924,0.3333333333333333,0.5833333333333334
permit,2,2581,0.5833333333333334,0.5833333333333334
permit,9,2175,0.5833333333333334,0.8333333333333334
permit,2,1814,0.5,0.5833333333333334
permit,7,975,0.6666666666666666,0.5833333333333334
permit,8,2485,0.3333333333333333,0.5
permit,1,965,0.3333333333333333,0.4166666666666667
permit,4,1421,0.3333333333333333,0.6666666666666666
permit,10,2940,0.5833333333333334,0.4166666666666667
permit,7,995,0.08333333333333333,0.4166666666666667
permit,8,884,0.5833333333333334,0.3333333333333333
permit,10,3076,0.6666666666666666,0.4166666666666667
permit,0,1385,0.5,0.5833333333333334
permit,4,2860,0.3333333333333333,0.4166666666666667
permit,2,3769,0.4166666666666667,0.5
permit,0,147,0.5833333333333334,0.5
permit,4,2531,0.5833333333333334,0.5
permit,4,3993,0.3333333333333333,0.8333333333333334
permit,1,3647,0.4166666666666667,0.4166666666666667
permit,7,3406,0.5,0.5
permit,3,1481,0.6666666666666666,0.4166666666666667
permit,9,3271,0.4166666666666667,0.5833333333333334
permit,8,1469,0.5,0.5833333333333334
permit,6,1894,0.5833333333333334,0.4166666666666667
permit,8,3167,0.5,0.6666666666666666
permit,6,1095,0.3333333333333333,0.75
permit,11,3250,0.6666666666666666,0.5
permit,10,2375,0.25,0.4166666666666667
permit,0,140,0.3333333333333333,0.5833333333333334
permit,10,2530,0.3333333333333333,0.6666666666666666
permit,10,1104,0.3333333333333333,0.25
permit,5,741,0.5,0.75
permit,0,783,0.5833333333333334,0.6666666666666666
permit,5,3317,0.5,0.4166666666666667
permit,1,2792,0.6666666666666666,0.3333333333333333
permit,0,3530,0.4166666666666667,0.5833333333333334
permit,7,2194,0.5,0.6666666666666666
permit,7,1669,0.5,0.4166666666666667
permit,5,2597,0.25,0.5
permit,11,3827,0.6666666666666666,0.3333333333333333
permit,7,676,0.5833333333333334,0.5833333333333334
permit,2,1656,0.6666666666666666,0.5833333333333334
permit,0,2407,0.6666666666666666,0.75
permit,5,2716,0.25,0.3333333333333333
permit,6,1462,0.5,0.5833333333333334
permit,9,1964,0.6666666666666666,0.5833333333333334
permit,9,309,0.5833333333333334,0.6666666666666666
permit,5,3610,0.3333333333333333,0.5
permit,8,2748,0.3333333333333333,0.5833333333333334
permit,9,1631,0.4166666666666667,0.3333333333333333
permit,6,3731,0.3333333333333333,0.25
permit,10,1205,0.25,0.5833333333333334
permit,6,2800,0.4166666666666667,0.4166666666666667
permit,7,2166,0.25,0.3333333333333333
permit,0,819,0.6666666666666666,0.5
permit,5,440,0.6666666666666666,0.5833333333333334
permit,10,851,0.5833333333333334,0.5
permit,5,2119,0.3333333333333333,0.4166666666666667
permit,2,235,0.5,0.6666666666666666
permit,1,219,0.5833333333333334,0.3333333333333333
permit,8,2028,0.5833333333333334,0.6666666666666666
permit,0,1189,0.5,0.5
permit,1,822,0.5833333333333334,0.5
permit,3,2503,0.5833333333333334,0.3333333333333333
permit,9,3151,0.5,0.25
permit,10,3724,0.5,0.4166666666666667
permit,9,793,0.6666666666666666,0.5
permit,8,1052,0.3333333333333333,0.6666666666666666
permit,8,3911,0.5,0.4166666666666667
permit,0,2693,0.4166666666666667,0.6666666666666666
permit,0,2260,0.4166666666666667,0.6666666666666666
permit,11,113,0.5833333333333334,0.6666666666666666
permit,10,731,0.5833333333333334,0.5833333333333334
permit,6,1503,0.4166666666666667,0.5
permit,0,2945,0.6666666666666666,0.75
permit,6,2928,0.3333333333333333,0.4166666666666667
permit,2,1345,0.5,0.25
permit,9,2901,0.5833333333333334,0.4166666666666667
permit,2,7,0.4166666666666667,0.6666666666666666
permit,3,955,0.6666666666666666,0.6666666666666666
permit,10,1077,0.5,0.5
permit,7,2294,0.25,0.5833333333333334
permit,2,1036,0.4166666666666667,0.5833333333333334
permit,6,1636,0.4166666666666667,0.5
permit,5,2816,0.5833333333333334,0.5
permit,9,542,0.5,0.4166666666666667
permit,9,354,0.6666666666666666,0.5833333333333334
permit,4,1882,0.5,0.3333333333333333
permit,2,197,0.5833333333333334,0.6666666666666666
permit,9,1367,0.5,0.5833333333333334
permit,8,760,0.5833333333333334,0.3333333333333333
permit,1,2973,0.4166666666666667,0.3333333333333333
permit,7,2560,0.5833333333333334,0.4166666666666667
permit,11,275,0.6666666666666666,0.4166666666666667
permit,4,161,0.8333333333333334,0.5833333333333334
permit,8,782,0.6666666666666666,0.5833333333333334
permit,9,1718,0.3333333333333333,0.3333333333333333
permit,1,1010,0.3333333333333333,0.6666666666666666
permit,10,2839,0.5,0.5
permit,3,1178,0.4166666666666667,0.3333333333333333
permit,8,1910,0.75,0.5833333333333334
permit,0,2352,0.4166666666666667,0.5
permit,7,3301,0.5,0.16666666666666666
permit,2,3939,0.4166666666666667,0.5
permit,0,1569,0.5833333333333334,0.25
permit,7,3162,0.75,0.4166666666666667
permit,1,3719,0.5,0.25
permit,10,780,0.5,0.5833333333333334
permit,8,2758,0.25,0.4166666666666667
permit,3,1721,0.6666666666666666,0.5
permit,1,1573,0.4166666666666667,0.16666666666666666
permit,3,3881,0.6666666666666666,0.75
permit,4,1884,0.5,0.4166666666666667
permit,9,1160,0.5833333333333334,0.5
permit,5,1873,0.6666666666666666,0.3333333333333333
permit,10,749,0.25,0.9166666666666666
permit,10,360,0.5,0.5833333333333334
permit,0,3664,0.5,0.6666666666666666
permit,2,695,0.3333333333333333,0.4166666666666667
permit,6,348,0.3333333333333333,0.5833333333333334
permit,7,2843,0.6666666666666666,0.25
permit,11,2712,0.5833333333333334,0.3333333333333333
permit,8,594,0.3333333333333333,0.3333333333333333
permit,0,3813,0.4166666666666667,0.3333333333333333
permit,8,1222,0.5,0.4166666666666667
permit,6,3931,0.6666666666666666,0.5833333333333334
permit,7,1574,0.5833333333333334,0.3333333333333333
permit,9,3931,0.5,0.5833333333333334
permit,11,1111,0.75,0.5833333333333334
permit,10,1560,0.3333333333333333,1.0
permit,4,2590,0.5,0.5833333333333334
permit,6,2819,0.5,0.75
permit,6,410,0.3333333333333333,0.4166666666666667
permit,1,853,0.6666666666666666,0.3333333333333333
permit,2,1679,0.5833333333333334,0.5833333333333334
permit,1,2667,0.6666666666666666,0.5
permit,10,3719,0.3333333333333333,0.25
permit,11,1158,0.5833333333333334,0.4166666666666667
permit,4,2874,0.3333333333333333,0.3333333333333333
permit,10,884,0.5833333333333334,0.3333333333333333
permit,5,3709,0.5,0.5
permit,8,3388,0.3333333333333333,0.4166666666666667
permit,2,3859,0.3333333333333333,0.5
permit,11,2136,0.5,0.5
permit,8,3726,0.5833333333333334,0.6666666666666666
permit,4,1881,0.4166666666666667,0.5
permit,9,3893,0.5833333333333334,0.6666666666666666
permit,9,2028,0.5833333333333334,0.6666666666666666
permit,6,2573,0.6666666666666666,0.5833333333333334
permit,5,3148,0.3333333333333333,0.6666666666666666
permit,6,3652,0.4166666666666667,0.5833333333333334
permit,9,3446,0.4166666666666667,0.4166666666666667
permit,7,1962,0.4166666666666667,0.5833333333333334
permit,6,2526,0.3333333333333333,0.5833333333333334
permit,10,693,0.3333333333333333,0.6666666666666666
permit,6,1244,0.6666666666666666,0.6666666666666666
permit,0,1073,0.4166666666666667,0.4166666666666667
permit,6,172,0.6666666666666666,0.8333333333333334
permit,9,3703,0.3333333333333333,0.08333333333333333
permit,5,2128,0.5833333333333334,0.6666666666666666
permit,10,856,0.4166666666666667,0.75
permit,4,254,0.25,0.5833333333333334
permit,5,1109,0.4166666666666667,0.5
permit,5,2020,0.25,0.3333333333333333
permit,9,988,0.8333333333333334,0.5
permit,11,388,0.4166666666666667,0.3333333333333333
permit,9,2978,0.4166666666666667,0.5833333333333334
permit,3,1122,0.6666666666666666,0.3333333333333333
permit,6,915,0.4166666666666667,0.3333333333333333
permit,5,335,0.5833333333333334,0.5
permit,11,2060,0.25,0.5
permit,2,1131,0.4166666666666667,0.4166666666666667
permit,5,2304,0.5833333333333334,0.6666666666666666
permit,6,3026,0.75,0.6666666666666666
permit,7,3457,0.5833333333333334,0.4166666666666667
permit,7,86,0.4166666666666667,0.6666666666666666
permit,2,1553,0.4166666666666667,0.5833333333333334
permit,5,1680,0.4166666666666667,0.4166666666666667
permit,6,2458,0.5833333333333334,0.3333333333333333
permit,3,3093,0.4166666666666667,0.5
permit,11,3812,0.5,0.75
permit,3,326,0.5833333333333334,0.5
permit,10,3195,0.3333333333333333,0.4166666666666667
permit,5,311,0.5833333333333334,0.5
permit,10,1022,0.6666666666666666,0.4166666666666667
permit,11,894,0.3333333333333333,0.4166666666666667
permit,4,3839,0.16666666666666666,0.5
permit,10,841,0.25,0.3333333333333333
permit,0,590,0.5,0.25
permit,1,649,0.3333333333333333,0.6666666666666666
permit,6,1899,0.75,0.3333333333333333
permit,4,1226,0.25,0.5833333333333334
permit,5,2716,0.25,0.3333333333333333
permit,2,3803,0.6666666666666666,0.6666666666666666
permit,6,1064,0.3333333333333333,0.6666666666666666
permit,3,470,0.4166666666666667,0.5
permit,1,1343,0.5,0.5
permit,2,3143,0.6666666666666666,0.5
permit,1,2997,0.5,0.4166666666666667
permit,5,3289,0.4166666666666667,0.5
permit,8,473,0.25,0.5
permit,2,2684,0.4166666666666667,0.5833333333333334
permit,6,2668,0.5,0.5833333333333334
permit,11,155,0.4166666666666667,0.5
permit,6,3262,0.5833333333333334,0.4166666666666667
permit,10,3653,0.5833333333333334,0.5833333333333334
permit,7,1229,0.4166666666666667,0.25
permit,9,3318,0.8333333333333334,0.6666666666666666
permit,4,2954,0.4166666666666667,0.3333333333333333
permit,0,2156,0.5833333333333334,0.5833333333333334
permit,8,1482,0.5,0.4166666666666667
permit,10,528,0.3333333333333333,0.5833333333333334
permit,5,402,0.6666666666666666,0.5833333333333334
permit,7,2133,0.4166666666666667,0.3333333333333333
permit,10,1048,0.5,0.6666666666666666
permit,3,374,0.5,0.5
permit,5,1059,0.75,0.3333333333333333
permit,0,1714,0.5,0.6666666666666666
permit,7,2884,0.5,0.5
permit,1,161,0.3333333333333333,0.5833333333333334
permit,0,2465,0.4166666666666667,0.5
permit,0,1561,0.5833333333333334,0.4166666666666667
permit,6,3467,0.25,0.4166666666666667
permit,9,3178,0.6666666666666666,0.5
permit,4,753,0.3333333333333333,0.5833333333333334
permit,2,679,0.4166666666666667,0.5
permit,2,1508,0.5833333333333334,0.5833333333333334
permit,1,508,0.4166666666666667,0.5833333333333334
permit,9,2741,0.5833333333333334,0.3333333333333333
permit,2,1347,0.6666666666666666,0.5833333333333334
permit,5,1837,0.4166666666666667,0.6666666666666666
permit,0,258,0.6666666666666666,0.16666666666666666
permit,0,1873,0.5833333333333334,0.3333333333333333
permit,1,800,0.5833333333333334,0.4166666666666667
permit,6,2579,0.6666666666666666,0.5833333333333334
permit,9,1536,0.25,0.6666666666666666
permit,11,1343,0.5,0.5
permit,1,2441,0.5833333333333334,0.5833333333333334
permit,1,3026,0.3333333333333333,0.6666666666666666
permit,1,7,0.5833333333333334,0.6666666666666666
permit,9,1929,0.4166666666666667,0.6666666666666666
permit,11,2400,0.6666666666666666,0.25
permit,2,855,0.5833333333333334,0.5
permit,7,1055,0.3333333333333333,0.4166666666666667
permit,5,53,0.6666666666666666,0.3333333333333333
permit,3,2666,0.4166666666666667,0.5833333333333334
permit,10,824,0.4166666666666667,0.5
permit,9,3637,0.6666666666666666,0.5833333333333334
permit,6,3756,0.6666666666666666,0.4166666666666667
permit,9,510,0.75,0.6666666666666666
permit,2,285,0.25,0.4166666666666667
permit,2,2664,0.6666666666666666,0.6666666666666666
permit,3,3622,0.5,0.75
permit,3,3196,0.25,0.6666666666666666
permit,0,3304,0.5833333333333334,0.5
permit,5,2111,0.5833333333333334,0.8333333333333334
permit,0,1762,0.4166666666666667,0.3333333333333333
permit,3,3073,0.5833333333333334,0.5833333333333334
permit,6,2770,0.6666666666666666,0.3333333333333333
permit,3,2178,0.5,0.5
permit,9,408,0.5,0.5833333333333334
permit,7,2885,0.5833333333333334,0.75
permit,10,465,0.4166666666666667,0.5
permit,5,3156,0.4166666666666667,0.6666666666666666
permit,1,348,0.5833333333333334,0.5833333333333334
permit,8,3033,0.6666666666666666,0.6666666666666666
permit,3,1519,0.5,0.5833333333333334
permit,8,1508,0.5833333333333334,0.5833333333333334
permit,11,3710,0.5,0.5
permit,3,3960,0.25,0.3333333333333333
permit,0,2906,0.4166666666666667,0.4166666666666667
permit,3,487,0.5,0.5833333333333334
permit,11,3981,0.5833333333333334,0.4166666666666667
permit,2,3509,0.75,0.4166666666666667
permit,0,137,0.5,0.6666666666666666
permit,7,1301,0.25,0.4166666666666667
permit,3,499,0.6666666666666666,0.5833333333333334
permit,4,2066,0.3333333333333333,0.4166666666666667
permit,0,339,0.6666666666666666,0.5
permit,7,1816,0.5,0.4166666666666667
permit,0,241,0.5,0.6666666666666666
permit,8,547,0.6666666666666666,0.5
permit,5,2924,0.5,0.3333333333333333
permit,2,2772,0.5,0.6666666666666666
permit,7,2761,0.75,0.6666666666666666
permit,10,3088,0.6666666666666666,0.5833333333333334
permit,2,1881,0.4166666666666667,0.5
permit,5,1952,0.5,0.4166666666666667
permit,4,1683,0.25,0.75
permit,6,241,0.5,0.6666666666666666
permit,10,7,0.5833333333333334,0.6666666666666666
permit,1,35,0.5,0.5833333333333334
permit,10,2512,0.25,0.6666666666666666
permit,4,14,0.5,0.25
permit,1,2680,0.25,0.25
permit,8,841,0.5833333333333334,0.3333333333333333
permit,9,1301,0.5833333333333334,0.4166666666666667
permit,10,609,0.5833333333333334,0.75
permit,11,3348,0.25,0.75
permit,1,2782,0.5833333333333334,0.5833333333333334
permit,0,3527,0.4166666666666667,0.4166666666666667
permit,0,502,0.25,0.5
permit,5,1857,0.5833333333333334,0.5833333333333334
permit,6,2956,0.5,0.4166666666666667
permit,9,983,0.5,0.6666666666666666
permit,9,3598,0.4166666666666667,0.4166666666666667
permit,6,1143,0.4166666666666667,0.5
permit,11,357,0.6666666666666666,0.25
permit,4,3767,0.3333333333333333,0.75
permit,2,3421,0.5833333333333334,0.75
permit,1,107,0.6666666666666666,0.5833333333333334
permit,9,3176,0.4166666666666667,0.5833333333333334
permit,7,444,0.3333333333333333,0.6666666666666666
permit,3,2878,0.4166666666666667,0.8333333333333334
permit,6,3925,0.4166666666666667,0.5
permit,4,2241,0.4166666666666667,0.5
permit,11,1577,0.75,0.25
permit,3,3713,0.5,0.5833333333333334
permit,5,2374,0.4166666666666667,0.3333333333333333
permit,1,897,0.3333333333333333,0.5
permit,6,605,0.4166666666666667,0.3333333333333333
permit,2,2594,0.6666666666666666,0.6666666666666666
permit,4,81,0.6666666666666666,0.75
permit,8,2688,0.5,0.4166666666666667
permit,8,2240,0.3333333333333333,0.16666666666666666
permit,3,961,0.3333333333333333,0.6666666666666666
permit,10,586,0.8333333333333334,0.16666666666666666
permit,11,3216,0.9166666666666666,0.3333333333333333
permit,10,3718,0.4166666666666667,0.5
permit,7,1401,0.5,0.4166666666666667
permit,10,684,0.5833333333333334,0.5
permit,1,1611,0.4166666666666667,0.5833333333333334
permit,5,601,0.6666666666666666,0.5833333333333334
permit,0,3062,0.3333333333333333,0.5833333333333334
permit,2,492,0.4166666666666667,0.5833333333333334
permit,11,1935,0.5,0.4166666666666667
permit,4,1988,0.75,0.4166666666666667
permit,2,1440,0.25,0.4166666666666667
permit,10,2056,0.25,0.4166666666666667
permit,8,2314,0.8333333333333334,0.6666666666666666
permit,0,617,0.3333333333333333,0.3333333333333333
permit,11,3170,0.25,0.5
permit,8,1300,0.3333333333333333,0.25
permit,9,1228,0.5,0.6666666666666666
permit,1,3841,0.5,0.5
permit,8,2030,0.6666666666666666,0.5833333333333334
permit,1,493,0.6666666666666666,0.5
permit,8,601,0.5,0.5833333333333334
permit,2,2967,0.5833333333333334,0.5
permit,5,1906,0.4166666666666667,0.5
permit,11,2778,0.5,0.5
permit,8,787,0.4166666666666667,0.3333333333333333
permit,2,3005,0.5833333333333334,0.25
permit,2,1870,0.6666666666666666,0.75
permit,9,2669,0.5,0.3333333333333333
permit,5,3614,0.5833333333333334,0.4166666666666667
permit,1,1325,0.5,0.5
permit,11,3389,0.6666666666666666,0.75
permit,7,1285,0.5833333333333334,0.5833333333333334
permit,7,2960,0.75,0.6666666666666666
permit,3,659,0.4166666666666667,0.4166666666666667
permit,10,3589,0.5,0.6666666666666666
permit,9,681,0.3333333333333333,0.5
permit,3,2244,0.5,0.5
permit,6,525,0.5833333333333334,0.3333333333333333
permit,10,59,0.5,0.75
permit,0,2759,0.5833333333333334,0.5
permit,10,3894,0.4166666666666667,0.4166666666666667
permit,4,1838,0.3333333333333333,0.16666666666666666
permit,2,2261,0.5833333333333334,0.75
permit,5,1804,0.5,0.16666666666666666
permit,2,3542,0.5,0.5
permit,3,762,0.75,0.5833333333333334
permit,6,1728,0.3333333333333333,0.5833333333333334
permit,4,2034,0.5833333333333334,0.5
permit,6,585,0.4166666666666667,0.5833333333333334
permit,1,1500,0.4166666666666667,0.4166666666666667
permit,9,2583,0.75,0.4166666666666667
permit,8,1148,0.5833333333333334,0.5833333333333334
permit,6,251,0.8333333333333334,0.5833333333333334
permit,8,3982,0.5833333333333334,0.6666666666666666
permit,10,2026,0.5,0.5833333333333334
permit,0,1086,0.4166666666666667,0.5833333333333334
permit,6,3206,0.4166666666666667,0.3333333333333333
permit,6,3604,0.5833333333333334,0.4166666666666667
permit,6,1362,0.5,0.8333333333333334
permit,5,206,0.5,0.3333333333333333
permit,2,3431,0.4166666666666667,0.3333333333333333
permit,6,1535,0.5833333333333334,0.5833333333333334
permit,3,1103,0.5,0.5
permit,4,3025,0.4166666666666667,0.4166666666666667
permit,0,2534,0.25,0.4166666666666667
permit,3,3443,0.5,0.25
permit,2,3371,0.4166666666666667,0.25
permit,2,3261,0.75,0.5833333333333334
permit,9,2796,0.8333333333333334,0.3333333333333333
permit,4,2337,0.5,0.5
permit,9,2135,0.4166666666666667,0.4166666666666667
permit,6,602,0.4166666666666667,0.5833333333333334
permit,5,1742,0.5833333333333334,0.3333333333333333
permit,1,2363,0.5,0.75
permit,5,1617,0.5833333333333334,0.25
permit,6,248,0.5833333333333334,0.5
permit,3,3376,0.6666666666666666,0.75
permit,1,651,0.3333333333333333,0.5833333333333334
permit,6,386,0.4166666666666667,0.5833333333333334
permit,1,3223,0.16666666666666666,0.6666666666666666
permit,8,2070,0.6666666666666666,0.5
permit,5,1378,0.25,0.5833333333333334
permit,1,1024,0.6666666666666666,0.5
permit,8,3412,0.5,0.4166666666666667
permit,1,3108,0.5833333333333334,0.5
permit,5,3035,0.6666666666666666,0.6666666666666666
permit,5,1328,0.5,0.5
permit,6,768,0.5,0.6666666666666666
permit,4,272,0.4166666666666667,0.4166666666666667
permit,0,769,0.3333333333333333,0.5
permit,9,3111,0.4166666666666667,0.5
permit,0,1937,0.5833333333333334,0.3333333333333333
permit,2,2093,0.5,0.6666666666666666
permit,9,2217,0.3333333333333333,0.5
permit,6,3475,0.3333333333333333,0.5
permit,11,663,0.6666666666666666,0.5833333333333334
permit,5,224,0.4166666666666667,0.6666666666666666
permit,9,2302,0.4166666666666667,0.6666666666666666
permit,5,2469,0.3333333333333333,0.5
permit,2,1441,0.6666666666666666,0.5
permit,2,2896,0.5,0.4166666666666667
permit,9,2617,0.25,0.6666666666666666
permit,8,1263,0.5,0.4166666666666667
permit,0,2797,0.5,0.6666666666666666
permit,1,2963,0.5,0.5833333333333334
permit,3,3324,0.3333333333333333,0.3333333333333333
permit,10,3124,0.4166666666666667,0.6666666666666666
permit,10,3610,0.3333333333333333,0.5
permit,3,3229,0.25,0.6666666666666666
permit,4,3984,0.6666666666666666,0.25
permit,8,1023,0.3333333333333333,0.5
permit,9,1341,0.3333333333333333,0.3333333333333333
permit,4,1449,0.6666666666666666,0.16666666666666666
permit,4,524,0.4166666666666667,0.5833333333333334
permit,7,1607,0.5,0.4166666666666667
permit,0,1834,0.5,0.5
permit,10,2064,0.6666666666666666,0.6666666666666666
permit,10,2313,0.4166666666666667,0.5833333333333334
permit,4,2089,0.5,0.4166666666666667
permit,6,2215,0.6666666666666666,0.5
permit,7,1656,0.5,0.5833333333333334
permit,4,3025,0.4166666666666667,0.4166666666666667
permit,9,1491,0.6666666666666666,0.6666666666666666
permit,10,1845,0.6666666666666666,0.4166666666666667
permit,8,3517,0.6666666666666666,0.6666666666666666
permit,5,2411,0.4166666666666667,0.4166666666666667
permit,11,1450,0.75,0.5833333333333334
permit,11,140,0.3333333333333333,0.5833333333333334
permit,8,752,0.4166666666666667,0.6666666666666666
permit,8,3672,0.5,0.5833333333333334
permit,6,609,0.3333333333333333,0.75
permit,4,1358,0.5,0.4166666666666667
permit,5,1346,0.25,0.4166666666666667
permit,6,2733,0.6666666666666666,0.6666666666666666
permit,8,1613,0.5,0.5
permit,10,1871,0.5,0.5833333333333334
permit,8,3602,0.3333333333333333,0.5
permit,2,539,0.3333333333333333,0.5833333333333334
permit,11,1560,0.5833333333333334,1.0
permit,0,1092,0.5,0.5833333333333334
permit,1,1145,0.3333333333333333,0.5
permit,1,2671,0.5833333333333334,0.5
permit,0,3222,0.5833333333333334,0.4166666666666667
permit,5,3624,0.5,0.4166666666666667
permit,2,793,0.4166666666666667,0.5
permit,5,2489,0.5833333333333334,0.5833333333333334
permit,11,293,0.75,0.5833333333333334
permit,3,557,0.5,0.6666666666666666
permit,10,3660,0.5833333333333334,0.25
permit,8,2625,0.5,0.5833333333333334
permit,10,3332,0.5833333333333334,0.5833333333333334
permit,2,3302,0.5,0.4166666666666667
permit,4,1461,0.5,0.6666666666666666
permit,4,2517,0.6666666666666666,0.5833333333333334
permit,3,263,0.5833333333333334,0.5833333333333334
permit,3,1532,0.3333333333333333,0.4166666666666667
permit,8,998,0.4166666666666667,0.3333333333333333
permit,2,2827,0.5,0.5833333333333334
permit,4,2683,0.6666666666666666,0.5833333333333334
permit,1,1024,0.6666666666666666,0.5
permit,6,2785,0.5833333333333334,0.6666666666666666
permit,7,1596,0.5833333333333334,0.5833333333333334
permit,10,2215,0.6666666666666666,0.5
permit,9,2393,0.5833333333333334,0.3333333333333333
permit,1,1961,0.5833333333333334,0.6666666666666666
permit,10,3916,0.5833333333333334,0.6666666666666666
permit,4,1956,0.4166666666666667,0.3333333333333333
permit,4,1568,0.5833333333333334,0.4166666666666667
permit,9,2595,0.5,0.3333333333333333
permit,7,3832,0.4166666666666667,0.3333333333333333
permit,3,376,0.3333333333333333,0.3333333333333333
permit,6,3141,0.75,0.3333333333333333
permit,5,351,0.5833333333333334,0.4166666666666667
permit,9,2761,0.5,0.6666666666666666
permit,10,183,0.5,0.8333333333333334
permit,8,2346,0.4166666666666667,0.4166666666666667
permit,10,1142,0.3333333333333333,0.25
permit,0,505,0.5,0.4166666666666667
permit,2,2827,0.5,0.5833333333333334
permit,10,1967,0.5,0.4166666666666667
permit,5,259,0.4166666666666667,0.5
permit,6,1011,0.25,0.5
permit,1,2814,0.3333333333333333,0.75
permit,7,1049,0.16666666666666666,0.5
permit,9,3450,0.4166666666666667,0.4166666666666667
permit,10,1945,0.5833333333333334,0.5
permit,10,2967,0.25,0.5
permit,8,3307,0.5833333333333334,0.4166666666666667
permit,3,3065,0.6666666666666666,0.75
permit,1,299,0.4166666666666667,0.3333333333333333
permit,2,3840,0.5,0.3333333333333333
permit,2,571,0.3333333333333333,0.4166666666666667
permit,5,780,0.75,0.5833333333333334
permit,7,2056,0.5,0.4166666666666667
permit,9,1851,0.25,0.3333333333333333
permit,4,3532,0.3333333333333333,0.5
permit,7,3395,0.4166666666666667,0.6666666666666666
permit,2,1840,0.3333333333333333,0.5
permit,1,1402,0.5833333333333334,0.5833333333333334
permit,5,2775,0.4166666666666667,0.6666666666666666
permit,3,1596,0.4166666666666667,0.5833333333333334
permit,3,3928,0.5,0.6666666666666666
permit,5,1204,0.3333333333333333,0.5833333333333334
permit,0,3332,0.3333333333333333,0.5833333333333334
permit,5,3532,0.6666666666666666,0.5
permit,6,712,0.6666666666666666,0.5
permit,3,2003,0.5,0.5833333333333334
permit,11,3118,0.5833333333333334,0.6666666666666666
permit,10,2390,0.5833333333333334,0.3333333333333333
permit,2,2818,0.16666666666666666,0.4166666666666667
permit,3,95,0.75,0.4166666666666667
permit,1,1940,0.6666666666666666,0.6666666666666666
permit,5,1414,0.5833333333333334,0.6666666666666666
permit,0,3264,0.6666666666666666,0.5
permit,8,653,0.5833333333333334,0.4166666666666667
permit,1,2091,0.4166666666666667,0.5
permit,11,3251,0.6666666666666666,0.4166666666666667
permit,5,1830,0.5,0.5833333333333334
permit,8,2023,0.75,0.4166666666666667
permit,4,3005,0.5,0.25
permit,6,2044,0.16666666666666666,0.5833333333333334
permit,9,2064,0.5,0.6666666666666666
permit,7,1868,0.3333333333333333,0.4166666666666667
permit,7,3661,0.3333333333333333,0.75
permit,4,2347,0.3333333333333333,0.4166666666666667
permit,6,1386,0.5,0.5
permit,11,3246,0.5,0.5
permit,3,3091,0.6666666666666666,0.5833333333333334
permit,1,3327,0.4166666666666667,0.4166666666666667
permit,8,3896,0.5,0.8333333333333334
permit,11,819,0.4166666666666667,0.5
permit,2,1539,0.5,0.4166666666666667
permit,4,1231,0.5,0.4166666666666667
permit,2,2068,0.3333333333333333,0.4166666666666667
permit,4,968,0.5,0.3333333333333333
permit,7,2701,0.5,0.5833333333333334
permit,7,3974,0.5,0.5
permit,3,2501,0.4166666666666667,0.4166666666666667
permit,7,3664,0.3333333333333333,0.6666666666666666
permit,11,2806,0.4166666666666667,0.5
permit,10,1337,0.4166666666666667,0.3333333333333333
permit,2,2287,0.5,0.4166666666666667
permit,1,419,0.5833333333333334,0.5
permit,6,767,0.4166666666666667,0.75
permit,7,315,0.5,0.5833333333333334
permit,8,3402,0.5833333333333334,0.5
permit,7,1268,0.5,0.5833333333333334
permit,10,883,0.5833333333333334,0.6666666666666666
permit,3,2193,0.75,0.5
permit,10,2047,0.4166666666666667,0.6666666666666666
permit,4,2838,0.75,0.25
permit,1,3144,0.5833333333333334,0.3333333333333333
permit,3,3447,0.5,0.3333333333333333
permit,0,1826,0.3333333333333333,0.4166666666666667
permit,7,2587,0.5833333333333334,0.3333333333333333
permit,5,2516,0.3333333333333333,0.3333333333333333
permit,11,586,0.4166666666666667,0.16666666666666666
permit,0,2879,0.5,0.4166666666666667
permit,6,2903,0.16666666666666666,0.5833333333333334
permit,10,840,0.4166666666666667,0.6666666666666666
permit,8,3326,0.5,0.5
permit,2,3510,0.5833333333333334,0.16666666666666666
permit,11,1771,0.6666666666666666,0.5
permit,2,3934,0.6666666666666666,0.5
permit,9,1740,0.5,0.6666666666666666
permit,9,1874,0.4166666666666667,0.5833333333333334
permit,9,531,0.8333333333333334,0.6666666666666666
permit,7,3461,0.5833333333333334,0.4166666666666667
permit,3,1268,0.4166666666666667,0.5833333333333334
permit,10,2094,0.4166666666666667,0.5833333333333334
permit,3,1773,0.5833333333333334,0.5
permit,0,438,0.6666666666666666,0.5
permit,3,2416,0.4166666666666667,0.25
permit,5,3755,0.4166666666666667,0.6666666666666666
permit,4,2316,0.4166666666666667,0.5
permit,6,548,0.5833333333333334,0.75
permit,0,98,0.75,0.75
permit,4,64,0.4166666666666667,0.4166666666666667
permit,0,1926,0.5,0.4166666666666667
permit,10,610,0.6666666666666666,0.25
permit,3,1993,0.75,0.5
permit,8,1371,0.25,0.5
permit,5,2615,0.5,0.16666666666666666
permit,4,431,0.5,0.4166666666666667
permit,8,973,0.6666666666666666,0.5
permit,8,680,0.4166666666666667,0.5833333333333334
permit,6,1657,0.4166666666666667,0.75
permit,0,286,0.5833333333333334,0.4166666666666667
permit,1,2280,0.5,0.5833333333333334
permit,2,3353,0.5,0.5833333333333334
permit,7,3131,0.5,0.5
permit,0,602,0.25,0.5833333333333334
permit,9,2761,0.5,0.6666666666666666
permit,8,2051,0.5,0.16666666666666666
permit,6,716,0.5833333333333334,0.5833333333333334
permit,11,978,0.6666666666666666,0.6666666666666666
permit,9,767,0.75,0.75
permit,8,2445,0.5833333333333334,0.5
permit,1,2513,0.6666666666666666,0.3333333333333333
permit,2,1997,0.5833333333333334,0.4166666666666667
permit,3,3987,0.5833333333333334,0.3333333333333333
permit,3,406,0.5,0.5833333333333334
permit,11,2569,0.6666666666666666,0.6666666666666666
permit,2,2881,0.25,0.5833333333333334
permit,1,3354,0.5833333333333334,0.5833333333333334
permit,9,1955,0.25,0.4166666666666667
permit,1,1621,0.25,0.5
permit,0,3940,0.5833333333333334,0.6666666666666666
permit,5,2053,0.5833333333333334,0.3333333333333333
permit,6,3103,0.25,0.75
permit,4,3369,0.4166666666666667,0.5833333333333334
permit,9,1826,0.4166666666666667,0.4166666666666667
permit,5,1720,0.5,0.5833333333333334
permit,2,1885,0.4166666666666667,0.5
permit,8,2196,0.25,0.6666666666666666
permit,0,3077,0.5833333333333334,0.4166666666666667
permit,1,3810,0.5,0.5
permit,2,2257,0.5833333333333334,0.5
permit,11,2079,1.0,0.4166666666666667
permit,7,145,0.5833333333333334,0.4166666666666667
permit,11,890,0.3333333333333333,0.4166666666666667
permit,10,1510,0.6666666666666666,0.5
permit,8,1388,0.3333333333333333,0.25
permit,2,3652,0.5833333333333334,0.5833333333333334
permit,8,3596,0.4166666666666667,0.5
permit,3,581,0.5833333333333334,0.5833333333333334
permit,5,2185,0.25,0.5
permit,2,3211,0.5833333333333334,0.6666666666666666
permit,6,1257,0.6666666666666666,0.3333333333333333
permit,8,1594,0.4166666666666667,0.16666666666666666
permit,9,2961,0.4166666666666667,0.3333333333333333
permit,9,766,0.5833333333333334,0.5833333333333334
telecom,8,4858,0.21428571428571427,0.5
telecom,10,2274,0.5,0.6428571428571429
telecom,4,4407,0.5,0.2857142857142857
telecom,7,766,0.35714285714285715,0.42857142857142855
telecom,2,4699,0.5,0.5
telecom,6,4593,0.2857142857142857,0.42857142857142855
telecom,2,5340,0.35714285714285715,0.35714285714285715
telecom,0,3634,0.42857142857142855,0.5714285714285714
telecom,0,1125,0.35714285714285715,0.5714285714285714
telecom,7,803,0.35714285714285715,0.5
telecom,5,5359,0.6428571428571429,0.42857142857142855
telecom,1,2840,0.42857142857142855,0.5
telecom,2,897,0.5,0.42857142857142855
telecom,0,1708,0.35714285714285715,0.2857142857142857
telecom,4,3802,0.5714285714285714,0.42857142857142855
telecom,1,1163,0.21428571428571427,0.5
telecom,11,580,0.2857142857142857,0.5714285714285714
telecom,2,5309,0.35714285714285715,0.21428571428571427
telecom,1,3902,0.42857142857142855,0.5714285714285714
telecom,1,3321,0.2857142857142857,0.5714285714285714
telecom,7,638,0.35714285714285715,0.7142857142857143
telecom,7,648,0.42857142857142855,0.35714285714285715
telecom,4,5235,0.7142857142857143,0.35714285714285715
telecom,9,3556,0.35714285714285715,0.5
telecom,10,2783,0.42857142857142855,0.42857142857142855
telecom,7,4068,0.6428571428571429,0.42857142857142855
telecom,2,3548,0.7142857142857143,0.5714285714285714
telecom,4,1123,0.5714285714285714,0.35714285714285715
telecom,10,1036,0.35714285714285715,0.6428571428571429
telecom,5,4336,0.6428571428571429,0.5
telecom,5,1293,0.35714285714285715,0.5714285714285714
telecom,9,1310,0.2857142857142857,0.5714285714285714
telecom,6,4268,0.14285714285714285,0.2857142857142857
telecom,10,1006,0.5,0.6428571428571429
telecom,8,3837,0.21428571428571427,0.42857142857142855
telecom,0,797,0.5714285714285714,0.42857142857142855
telecom,8,1484,0.5,0.42857142857142855
telecom,7,452,0.5714285714285714,0.35714285714285715
telecom,6,4943,0.5,0.6428571428571429
telecom,8,4837,0.5,0.35714285714285715
telecom,6,3189,0.5,0.6428571428571429
telecom,8,10,0.21428571428571427,0.5
telecom,11,1826,0.42857142857142855,0.14285714285714285
telecom,8,1293,0.2857142857142857,0.5714285714285714
telecom,6,5079,0.5,0.5
telecom,6,4368,0.5,0.5
telecom,2,4622,0.5,0.5714285714285714
telecom,7,1206,0.6428571428571429,0.5714285714285714
telecom,0,4893,0.2857142857142857,0.42857142857142855
telecom,5,1895,0.42857142857142855,0.5
telecom,3,3904,0.5,0.5714285714285714
telecom,0,179,0.6428571428571429,0.5
telecom,8,4938,0.35714285714285715,0.5
telecom,11,3337,0.5,0.5
telecom,6,4761,0.2857142857142857,0.5
telecom,8,1073,0.42857142857142855,0.5714285714285714
telecom,8,2636,0.35714285714285715,0.42857142857142855
telecom,12,1177,0.14285714285714285,0.35714285714285715
telecom,9,1549,0.42857142857142855,0.42857142857142855
telecom,4,3921,0.5,0.42857142857142855
telecom,5,3272,0.35714285714285715,0.5
telecom,2,467,0.35714285714285715,0.21428571428571427
telecom,3,754,0.35714285714285715,0.5
telecom,1,2579,0.42857142857142855,0.5
telecom,2,2479,0.42857142857142855,0.35714285714285715
telecom,5,3769,0.2857142857142857,0.35714285714285715
telecom,6,4459,0.42857142857142855,0.35714285714285715
telecom,0,1929,0.42857142857142855,0.42857142857142855
telecom,8,2019,0.35714285714285715,0.35714285714285715
telecom,9,813,0.2857142857142857,0.5
telecom,11,961,0.42857142857142855,0.42857142857142855
telecom,6,3216,0.42857142857142855,0.35714285714285715
telecom,9,647,0.5,0.35714285714285715
telecom,0,3857,0.35714285714285715,0.5
telecom,1,4564,0.6428571428571429,0.35714285714285715
telecom,8,4395,0.42857142857142855,0.5714285714285714
telecom,4,1037,0.35714285714285715,0.5
telecom,4,1611,0.5714285714285714,0.42857142857142855
telecom,3,1336,0.5714285714285714,0.7142857142857143
telecom,6,4290,0.5714285714285714,0.5
telecom,11,2667,0.6428571428571429,0.6428571428571429
telecom,4,3400,0.5714285714285714,0.6428571428571429
telecom,5,1178,0.42857142857142855,0.6428571428571429
telecom,9,4491,0.5,0.5
telecom,5,2636,0.5,0.42857142857142855
telecom,7,3863,0.2857142857142857,0.35714285714285715
telecom,10,5428,0.42857142857142855,0.42857142857142855
telecom,4,2328,0.5714285714285714,0.42857142857142855
telecom,11,1419,0.7142857142857143,0.42857142857142855
telecom,2,1453,0.5,0.5714285714285714
telecom,0,3297,0.2857142857142857,0.6428571428571429
telecom,0,1270,0.42857142857142855,0.42857142857142855
telecom,12,991,0.42857142857142855,0.2857142857142857
telecom,10,90,0.7142857142857143,0.5714285714285714
telecom,6,3912,0.2857142857142857,0.35714285714285715
telecom,1,3164,0.2857142857142857,0.35714285714285715
telecom,9,3272,0.35714285714285715,0.5
telecom,5,951,0.5,0.5714285714285714
telecom,2,4204,0.42857142857142855,0.42857142857142855
telecom,9,3475,0.5,0.6428571428571429
telecom,0,5095,0.42857142857142855,0.5
telecom,9,2868,0.5,0.2857142857142857
telecom,7,3295,0.7142857142857143,0.5714285714285714
telecom,12,5128,0.6428571428571429,0.5
telecom,10,3548,0.35714285714285715,0.5714285714285714
telecom,7,3923,0.42857142857142855,0.42857142857142855
telecom,2,728,0.5,0.21428571428571427
telecom,9,2186,0.07142857142857142,0.5714285714285714
telecom,9,3177,0.35714285714285715,0.35714285714285715
telecom,9,4644,0.6428571428571429,0.5714285714285714
telecom,4,4288,0.6428571428571429,0.5714285714285714
telecom,11,1373,0.35714285714285715,0.42857142857142855
telecom,6,2180,0.21428571428571427,0.42857142857142855
telecom,8,4183,0.5,0.35714285714285715
telecom,1,984,0.42857142857142855,0.5714285714285714
telecom,11,448,0.5,0.5
telecom,12,467,0.2857142857142857,0.21428571428571427
telecom,4,600,0.5,0.5
telecom,9,3517,0.2857142857142857,0.42857142857142855
telecom,7,1255,0.5,0.5
telecom,2,40,0.5,0.5
telecom,8,582,0.35714285714285715,0.6428571428571429
telecom,7,598,0.42857142857142855,0.6428571428571429
telecom,6,2447,0.5714285714285714,0.42857142857142855
telecom,6,2936,0.6428571428571429,0.2857142857142857
telecom,4,542,0.6428571428571429,0.42857142857142855
telecom,11,565,0.35714285714285715,0.35714285714285715
telecom,3,3380,0.5714285714285714,0.35714285714285715
telecom,8,2052,0.5714285714285714,0.7142857142857143
telecom,9,1393,0.5,0.5714285714285714
telecom,3,3113,0.42857142857142855,0.5
telecom,0,3445,0.42857142857142855,0.35714285714285715
telecom,2,5202,0.2857142857142857,0.5
telecom,6,4261,0.35714285714285715,0.7142857142857143
telecom,4,4203,0.35714285714285715,0.5714285714285714
telecom,1,5449,0.6428571428571429,0.5
telecom,5,1202,0.5,0.5
telecom,6,3241,0.5714285714285714,0.6428571428571429
telecom,2,409,0.5714285714285714,0.2857142857142857
telecom,6,5242,0.5714285714285714,0.42857142857142855
telecom,6,499,0.5,0.2857142857142857
telecom,2,3339,0.42857142857142855,0.14285714285714285
telecom,11,853,0.42857142857142855,0.7142857142857143
telecom,0,4478,0.5714285714285714,0.35714285714285715
telecom,4,3084,0.5714285714285714,0.7142857142857143
telecom,8,4499,0.5714285714285714,0.5
telecom,8,3306,0.5,0.2857142857142857
telecom,11,1386,0.35714285714285715,0.21428571428571427
telecom,0,900,0.6428571428571429,0.42857142857142855
telecom,6,3081,0.5714285714285714,0.35714285714285715
telecom,3,5519,0.5714285714285714,0.5714285714285714
telecom,3,3836,0.5714285714285714,0.42857142857142855
telecom,2,3493,0.35714285714285715,0.5
telecom,8,4078,0.42857142857142855,0.35714285714285715
telecom,4,3716,0.5,0.5714285714285714
telecom,1,1777,0.35714285714285715,0.42857142857142855
telecom,6,5502,0.5,0.5714285714285714
telecom,2,2031,0.35714285714285715,0.5714285714285714
telecom,12,4693,0.35714285714285715,0.5
telecom,10,3810,0.5,0.42857142857142855
telecom,9,800,0.35714285714285715,0.35714285714285715
telecom,4,5547,0.5,0.5714285714285714
telecom,3,4076,0.5,0.35714285714285715
telecom,9,735,0.6428571428571429,0.5
telecom,8,5089,0.5,0.2857142857142857
telecom,7,3845,0.7142857142857143,0.5714285714285714
telecom,10,1150,0.7142857142857143,0.5
telecom,5,3947,0.42857142857142855,0.5
telecom,9,1876,0.5714285714285714,0.6428571428571429
telecom,0,1809,0.7142857142857143,0.35714285714285715
telecom,8,2170,0.5714285714285714,0.35714285714285715
telecom,5,1659,0.5,0.5714285714285714
telecom,0,5115,0.5714285714285714,0.5
telecom,7,806,0.2857142857142857,0.7142857142857143
telecom,1,1469,0.7857142857142857,0.42857142857142855
telecom,5,3839,0.42857142857142855,0.5714285714285714
telecom,9,702,0.5,0.35714285714285715
telecom,5,3997,0.35714285714285715,0.42857142857142855
telecom,8,3272,0.5714285714285714,0.5
telecom,6,4950,0.42857142857142855,0.5714285714285714
telecom,5,3931,0.42857142857142855,0.42857142857142855
telecom,11,1342,0.5714285714285714,0.7142857142857143
telecom,1,3731,0.35714285714285715,0.5
telecom,4,2432,0.35714285714285715,0.42857142857142855
telecom,9,964,0.2857142857142857,0.2857142857142857
telecom,12,5310,0.2857142857142857,0.6428571428571429
telecom,4,4741,0.42857142857142855,0.5714285714285714
telecom,12,1444,0.2857142857142857,0.5714285714285714
telecom,12,4983,0.2857142857142857,0.7142857142857143
telecom,12,5203,0.35714285714285715,0.5
telecom,11,3469,0.2857142857142857,0.2857142857142857
telecom,4,3323,0.5714285714285714,0.35714285714285715
telecom,4,4535,0.6428571428571429,0.35714285714285715
telecom,0,3369,0.42857142857142855,0.21428571428571427
telecom,7,4534,0.7142857142857143,0.42857142857142855
telecom,8,5020,0.5714285714285714,0.21428571428571427
telecom,11,3735,0.5714285714285714,0.42857142857142855
telecom,12,4298,0.5,0.35714285714285715
telecom,12,72,0.5,0.35714285714285715
telecom,0,873,0.35714285714285715,0.2857142857142857
telecom,9,1388,0.14285714285714285,0.5
telecom,1,1898,0.42857142857142855,0.7142857142857143
telecom,10,3946,0.6428571428571429,0.5
telecom,4,3749,0.5,0.42857142857142855
telecom,1,3389,0.35714285714285715,0.2857142857142857
telecom,10,1232,0.5,0.7142857142857143
telecom,5,740,0.21428571428571427,0.42857142857142855
telecom,5,2194,0.42857142857142855,0.35714285714285715
telecom,5,3735,0.35714285714285715,0.42857142857142855
telecom,9,3537,0.42857142857142855,0.7142857142857143
telecom,0,2538,0.35714285714285715,0.2857142857142857
telecom,4,3244,0.2857142857142857,0.2857142857142857
telecom,3,1029,0.5714285714285714,0.6428571428571429
telecom,9,250,0.21428571428571427,0.35714285714285715
telecom,3,1963,0.2857142857142857,0.5714285714285714
telecom,10,616,0.42857142857142855,0.5714285714285714
telecom,1,5114,0.6428571428571429,0.6428571428571429
telecom,0,1376,0.5,0.42857142857142855
telecom,4,4697,0.5714285714285714,0.5714285714285714
telecom,10,2932,0.42857142857142855,0.42857142857142855
telecom,6,1759,0.42857142857142855,0.2857142857142857
telecom,2,1477,0.35714285714285715,0.35714285714285715
telecom,12,342,0.42857142857142855,0.2857142857142857
telecom,9,1674,0.35714285714285715,0.5714285714285714
telecom,1,4679,0.42857142857142855,0.6428571428571429
telecom,6,1599,0.35714285714285715,0.5
telecom,11,2494,0.21428571428571427,0.5714285714285714
telecom,10,5249,0.42857142857142855,0.6428571428571429
telecom,7,5308,0.2857142857142857,0.42857142857142855
telecom,0,2415,0.42857142857142855,0.5
telecom,3,2135,0.5,0.35714285714285715
telecom,3,4458,0.5714285714285714,0.5714285714285714
telecom,1,2404,0.42857142857142855,0.42857142857142855
telecom,10,482,0.5,0.5714285714285714
telecom,2,3159,0.5,0.5714285714285714
telecom,3,371,0.6428571428571429,0.42857142857142855
telecom,7,1494,0.6428571428571429,0.42857142857142855
telecom,10,5560,0.42857142857142855,0.7142857142857143
telecom,4,1430,0.42857142857142855,0.42857142857142855
telecom,3,4021,0.42857142857142855,0.35714285714285715
telecom,9,421,0.2857142857142857,0.5
telecom,3,500,0.42857142857142855,0.7142857142857143
telecom,9,5109,0.42857142857142855,0.6428571428571429
telecom,10,2108,0.42857142857142855,0.5714285714285714
telecom,4,2988,0.35714285714285715,0.2857142857142857
telecom,5,686,0.35714285714285715,0.42857142857142855
telecom,10,1241,0.2857142857142857,0.35714285714285715
telecom,9,4608,0.42857142857142855,0.6428571428571429
telecom,4,2209,0.5,0.5
telecom,5,4450,0.21428571428571427,0.5
telecom,2,2512,0.5,0.35714285714285715
telecom,12,5187,0.5714285714285714,0.42857142857142855
telecom,5,3433,0.42857142857142855,0.21428571428571427
telecom,1,4155,0.5,0.5
telecom,4,5045,0.5,0.8571428571428571
telecom,2,366,0.35714285714285715,0.42857142857142855
telecom,3,2557,0.6428571428571429,0.42857142857142855
telecom,0,2314,0.6428571428571429,0.5
telecom,5,1445,0.2857142857142857,0.5714285714285714
telecom,10,1650,0.5714285714285714,0.7142857142857143
telecom,4,974,0.5,0.2857142857142857
telecom,4,3139,0.35714285714285715,0.5714285714285714
telecom,1,4371,0.5714285714285714,0.35714285714285715
telecom,4,3256,0.35714285714285715,0.35714285714285715
telecom,11,1244,0.5,0.35714285714285715
telecom,3,4747,0.5,0.42857142857142855
telecom,9,1163,0.42857142857142855,0.5
telecom,11,3912,0.21428571428571427,0.35714285714285715
telecom,2,880,0.5714285714285714,0.5
telecom,1,1446,0.35714285714285715,0.5714285714285714
telecom,10,187,0.42857142857142855,0.42857142857142855
telecom,0,333,0.6428571428571429,0.6428571428571429
telecom,1,4069,0.21428571428571427,0.5
telecom,11,439,0.35714285714285715,0.5714285714285714
telecom,2,5156,0.5,0.2857142857142857
telecom,9,3739,0.5714285714285714,0.42857142857142855
telecom,6,3917,0.35714285714285715,0.42857142857142855
telecom,0,4023,0.5714285714285714,0.42857142857142855
telecom,9,3762,0.35714285714285715,0.35714285714285715
telecom,2,418,0.5,0.35714285714285715
telecom,11,3006,0.5714285714285714,0.21428571428571427
telecom,3,4364,0.42857142857142855,0.5714285714285714
telecom,8,4668,0.5714285714285714,0.5714285714285714
telecom,3,780,0.5,0.6428571428571429
telecom,2,5381,0.5,0.5
telecom,0,5174,0.42857142857142855,0.35714285714285715
telecom,8,2587,0.21428571428571427,0.5714285714285714
telecom,9,1433,0.42857142857142855,0.2857142857142857
telecom,5,1047,0.5714285714285714,0.5
telecom,9,2248,0.5714285714285714,0.35714285714285715
telecom,9,4928,0.21428571428571427,0.5714285714285714
telecom,4,237,0.5,0.5714285714285714
telecom,3,4634,0.7142857142857143,0.5
telecom,9,1417,0.42857142857142855,0.42857142857142855
telecom,3,5244,0.5,0.35714285714285715
telecom,5,3073,0.35714285714285715,0.5
telecom,7,1451,0.42857142857142855,0.7857142857142857
telecom,6,853,0.7142857142857143,0.7142857142857143
telecom,7,3694,0.35714285714285715,0.35714285714285715
telecom,1,3178,0.42857142857142855,0.2857142857142857
telecom,11,3121,0.5714285714285714,0.42857142857142855
telecom,8,4736,0.6428571428571429,0.35714285714285715
telecom,3,3491,0.2857142857142857,0.5714285714285714
telecom,1,3211,0.2857142857142857,0.7142857142857143
telecom,3,4041,0.42857142857142855,0.42857142857142855
telecom,8,3166,0.35714285714285715,0.42857142857142855
telecom,3,2916,0.21428571428571427,0.42857142857142855
telecom,2,2835,0.2857142857142857,0.5714285714285714
telecom,11,3743,0.42857142857142855,0.5
telecom,3,1906,0.21428571428571427,0.5
telecom,11,1232,0.6428571428571429,0.7142857142857143
telecom,12,5561,0.6428571428571429,0.5714285714285714
telecom,11,1000,0.2857142857142857,0.7142857142857143
telecom,5,3855,0.5714285714285714,0.5714285714285714
telecom,2,1401,0.42857142857142855,0.7142857142857143
telecom,12,4484,0.42857142857142855,0.21428571428571427
telecom,9,289,0.5,0.35714285714285715
telecom,0,762,0.42857142857142855,0.5
telecom,0,3855,0.5,0.5714285714285714
telecom,4,1898,0.42857142857142855,0.7142857142857143
telecom,10,111,0.6428571428571429,0.14285714285714285
telecom,12,1256,0.5,0.21428571428571427
telecom,8,4691,0.14285714285714285,0.42857142857142855
telecom,11,2649,0.42857142857142855,0.5
telecom,12,140,0.7142857142857143,0.42857142857142855
telecom,7,2216,0.7142857142857143,0.42857142857142855
telecom,1,4974,0.35714285714285715,0.7142857142857143
telecom,5,4246,0.35714285714285715,0.35714285714285715
telecom,2,425,0.35714285714285715,0.35714285714285715
telecom,11,44,0.35714285714285715,0.5714285714285714
telecom,7,229,0.21428571428571427,0.42857142857142855
telecom,1,3041,0.35714285714285715,0.35714285714285715
telecom,9,5097,0.5,0.42857142857142855
telecom,6,1144,0.42857142857142855,0.2857142857142857
telecom,9,98,0.14285714285714285,0.2857142857142857
telecom,7,1522,0.5714285714285714,0.35714285714285715
telecom,6,1714,0.6428571428571429,0.6428571428571429
telecom,5,953,0.5,0.42857142857142855
telecom,2,3881,0.5,0.2857142857142857
telecom,2,3124,0.2857142857142857,0.42857142857142855
telecom,5,2032,0.35714285714285715,0.5
telecom,8,911,0.42857142857142855,0.42857142857142855
telecom,0,4614,0.42857142857142855,0.42857142857142855
telecom,3,983,0.42857142857142855,0.42857142857142855
telecom,8,4583,0.5714285714285714,0.5714285714285714
telecom,3,1570,0.21428571428571427,0.35714285714285715
telecom,2,1815,0.35714285714285715,0.5
telecom,1,4839,0.42857142857142855,0.21428571428571427
telecom,5,1877,0.42857142857142855,0.42857142857142855
telecom,1,1952,0.6428571428571429,0.21428571428571427
telecom,6,4745,0.35714285714285715,0.7142857142857143
telecom,0,161,0.6428571428571429,0.42857142857142855
telecom,8,1257,0.2857142857142857,0.7142857142857143
telecom,5,2361,0.21428571428571427,0.2857142857142857
telecom,11,3626,0.5,0.5
telecom,2,3562,0.6428571428571429,0.07142857142857142
telecom,0,3277,0.5,0.35714285714285715
telecom,3,2023,0.35714285714285715,0.21428571428571427
telecom,9,2222,0.42857142857142855,0.6428571428571429
telecom,11,3781,0.5714285714285714,0.5714285714285714
telecom,8,302,0.5714285714285714,0.6428571428571429
telecom,1,2872,0.21428571428571427,0.35714285714285715
telecom,7,2387,0.2857142857142857,0.7142857142857143
telecom,2,3690,0.5,0.5714285714285714
telecom,5,370,0.5,0.42857142857142855
telecom,5,2495,0.7142857142857143,0.6428571428571429
telecom,1,850,0.5,0.5714285714285714
telecom,7,1190,0.42857142857142855,0.42857142857142855
telecom,7,2643,0.42857142857142855,0.35714285714285715
telecom,6,1219,0.2857142857142857,0.5
telecom,4,1330,0.6428571428571429,0.5714285714285714
telecom,7,2555,0.35714285714285715,0.35714285714285715
telecom,7,3883,0.35714285714285715,0.5714285714285714
telecom,0,5337,0.35714285714285715,0.35714285714285715
telecom,8,4758,0.5714285714285714,0.42857142857142855
telecom,2,1061,0.5,0.35714285714285715
telecom,6,286,0.5,0.5714285714285714
telecom,1,3236,0.5714285714285714,0.35714285714285715
telecom,6,5116,0.5714285714285714,0.7142857142857143
telecom,1,3315,0.21428571428571427,0.2857142857142857
telecom,9,158,0.5,0.6428571428571429
telecom,9,2373,0.35714285714285715,0.7142857142857143
telecom,10,603,0.5714285714285714,0.5
telecom,9,3522,0.5,0.5714285714285714
telecom,8,5378,0.5,0.42857142857142855
telecom,9,4787,0.42857142857142855,0.5
telecom,10,3549,0.6428571428571429,0.35714285714285715
telecom,0,3163,0.42857142857142855,0.5
telecom,9,2540,0.35714285714285715,0.5714285714285714
telecom,3,5550,0.35714285714285715,0.35714285714285715
telecom,9,2143,0.5714285714285714,0.5714285714285714
telecom,2,396,0.5,0.35714285714285715
telecom,8,1717,0.6428571428571429,0.14285714285714285
telecom,9,3465,0.35714285714285715,0.42857142857142855
telecom,7,2142,0.5714285714285714,0.35714285714285715
telecom,11,2233,0.42857142857142855,0.5714285714285714
telecom,2,2951,0.5714285714285714,0.5714285714285714
telecom,4,1690,0.21428571428571427,0.5
telecom,9,1238,0.35714285714285715,0.42857142857142855
telecom,9,4437,0.42857142857142855,0.5
telecom,7,3951,0.35714285714285715,0.35714285714285715
telecom,3,1972,0.5714285714285714,0.5714285714285714
telecom,0,2374,0.5,0.42857142857142855
telecom,5,5310,0.21428571428571427,0.6428571428571429
telecom,8,1175,0.6428571428571429,0.5
telecom,10,3528,0.42857142857142855,0.42857142857142855
telecom,11,2788,0.5714285714285714,0.5
telecom,2,1328,0.42857142857142855,0.5
telecom,11,1679,0.5,0.21428571428571427
telecom,1,4126,0.5714285714285714,0.6428571428571429
telecom,10,4484,0.42857142857142855,0.21428571428571427
telecom,7,2007,0.35714285714285715,0.42857142857142855
telecom,4,5046,0.5,0.7142857142857143
telecom,11,287,0.5,0.21428571428571427
telecom,2,5122,0.5,0.35714285714285715
telecom,10,3409,0.42857142857142855,0.5714285714285714
telecom,2,298,0.42857142857142855,0.5714285714285714
telecom,3,3501,0.42857142857142855,0.5
telecom,0,2747,0.5,0.6428571428571429
telecom,7,1143,0.5,0.7142857142857143
telecom,6,5355,0.42857142857142855,0.35714285714285715
telecom,1,4247,0.5,0.42857142857142855
telecom,7,1398,0.2857142857142857,0.5714285714285714
telecom,2,932,0.5,0.5
telecom,7,2501,0.21428571428571427,0.6428571428571429
telecom,0,2357,0.42857142857142855,0.35714285714285715
telecom,11,2168,0.5714285714285714,0.5
telecom,0,3608,0.5,0.5
telecom,0,2447,0.35714285714285715,0.42857142857142855
telecom,0,4999,0.7142857142857143,0.5
telecom,2,4321,0.5,0.42857142857142855
telecom,3,465,0.42857142857142855,0.35714285714285715
telecom,4,1778,0.21428571428571427,0.6428571428571429
telecom,12,4218,0.6428571428571429,0.5714285714285714
telecom,9,1198,0.5,0.5714285714285714
telecom,4,3837,0.7142857142857143,0.42857142857142855
telecom,6,2976,0.5,0.42857142857142855
telecom,11,974,0.5,0.2857142857142857
telecom,1,347,0.5,0.5
telecom,7,3595,0.35714285714285715,0.42857142857142855
telecom,1,4484,0.5,0.21428571428571427
telecom,3,2117,0.5714285714285714,0.2857142857142857
telecom,8,3195,0.2857142857142857,0.6428571428571429
telecom,8,4709,0.6428571428571429,0.7142857142857143
telecom,11,3689,0.2857142857142857,0.5714285714285714
telecom,0,3679,0.2857142857142857,0.35714285714285715
telecom,8,5146,0.5,0.42857142857142855
telecom,6,5318,0.5,0.5714285714285714
telecom,0,5461,0.2857142857142857,0.5
telecom,5,2769,0.5,0.35714285714285715
telecom,8,3476,0.35714285714285715,0.35714285714285715
telecom,12,939,0.5,0.35714285714285715
telecom,3,4923,0.42857142857142855,0.35714285714285715
telecom,12,5419,0.42857142857142855,0.5
telecom,6,3129,0.35714285714285715,0.35714285714285715
telecom,3,2060,0.6428571428571429,0.35714285714285715
telecom,11,3260,0.2857142857142857,0.2857142857142857
telecom,9,427,0.42857142857142855,0.6428571428571429
telecom,8,1195,0.7857142857142857,0.7142857142857143
telecom,9,1001,0.2857142857142857,0.42857142857142855
telecom,6,4713,0.42857142857142855,0.5
telecom,9,2078,0.42857142857142855,0.35714285714285715
telecom,4,3634,0.6428571428571429,0.5714285714285714
telecom,6,5049,0.7142857142857143,0.5714285714285714
telecom,0,5256,0.2857142857142857,0.2857142857142857
telecom,5,775,0.35714285714285715,0.42857142857142855
telecom,3,1129,0.5714285714285714,0.35714285714285715
telecom,9,1003,0.5,0.5
telecom,4,3934,0.42857142857142855,0.42857142857142855
telecom,3,3242,0.5,0.35714285714285715
telecom,4,2363,0.5714285714285714,0.42857142857142855
telecom,1,2129,0.35714285714285715,0.6428571428571429
telecom,4,2730,0.42857142857142855,0.5
telecom,0,5065,0.42857142857142855,0.6428571428571429
telecom,5,3057,0.42857142857142855,0.7142857142857143
telecom,9,5027,0.5,0.5
telecom,4,187,0.42857142857142855,0.42857142857142855
telecom,9,4181,0.42857142857142855,0.21428571428571427
telecom,11,3328,0.6428571428571429,0.42857142857142855
telecom,1,4829,0.5,0.5714285714285714
telecom,2,793,0.2857142857142857,0.5714285714285714
telecom,6,1449,0.5,0.35714285714285715
telecom,7,594,0.42857142857142855,0.35714285714285715
telecom,5,4638,0.35714285714285715,0.35714285714285715
telecom,6,3469,0.2857142857142857,0.2857142857142857
telecom,1,1946,0.6428571428571429,0.35714285714285715
telecom,0,285,0.35714285714285715,0.5714285714285714
telecom,1,3964,0.35714285714285715,0.2857142857142857
telecom,8,3392,0.5,0.35714285714285715
telecom,7,3444,0.35714285714285715,0.2857142857142857
telecom,8,5209,0.5,0.5
telecom,1,4898,0.42857142857142855,0.42857142857142855
telecom,7,1272,0.5,0.42857142857142855
telecom,11,2688,0.5714285714285714,0.21428571428571427
telecom,6,561,0.35714285714285715,0.6428571428571429
telecom,12,980,0.42857142857142855,0.35714285714285715
telecom,1,4587,0.35714285714285715,0.42857142857142855
telecom,3,769,0.35714285714285715,0.35714285714285715
telecom,2,2792,0.35714285714285715,0.35714285714285715
telecom,1,4559,0.5,0.5
telecom,5,4692,0.2857142857142857,0.42857142857142855
telecom,8,5233,0.5714285714285714,0.7857142857142857
telecom,7,1501,0.42857142857142855,0.6428571428571429
telecom,11,3379,0.35714285714285715,0.2857142857142857
telecom,10,1245,0.2857142857142857,0.5
telecom,1,4412,0.2857142857142857,0.6428571428571429
telecom,6,3923,0.42857142857142855,0.42857142857142855
telecom,9,2652,0.42857142857142855,0.5
telecom,6,3080,0.42857142857142855,0.5
telecom,3,3454,0.42857142857142855,0.5714285714285714
telecom,1,4221,0.42857142857142855,0.6428571428571429
telecom,8,1951,0.5714285714285714,0.2857142857142857
telecom,10,6,0.35714285714285715,0.5714285714285714
telecom,8,2889,0.14285714285714285,0.35714285714285715
telecom,11,3978,0.35714285714285715,0.5714285714285714
telecom,2,5120,0.35714285714285715,0.5
telecom,2,4397,0.21428571428571427,0.2857142857142857
telecom,11,1654,0.21428571428571427,0.5
telecom,1,5360,0.42857142857142855,0.42857142857142855
telecom,8,537,0.5714285714285714,0.6428571428571429
telecom,3,299,0.21428571428571427,0.6428571428571429
telecom,10,1484,0.2857142857142857,0.42857142857142855
telecom,5,4291,0.5,0.35714285714285715
telecom,1,4320,0.42857142857142855,0.5
telecom,8,685,0.35714285714285715,0.42857142857142855
telecom,1,4995,0.42857142857142855,0.2857142857142857
telecom,10,652,0.35714285714285715,0.2857142857142857
telecom,3,2971,0.5,0.35714285714285715
telecom,3,542,0.42857142857142855,0.42857142857142855
telecom,5,3564,0.5714285714285714,0.2857142857142857
telecom,3,1016,0.07142857142857142,0.2857142857142857
telecom,2,4560,0.5,0.5
telecom,1,1416,0.2857142857142857,0.2857142857142857
telecom,7,633,0.2857142857142857,0.35714285714285715
telecom,3,3219,0.42857142857142855,0.5
telecom,5,2404,0.7142857142857143,0.42857142857142855
telecom,3,2925,0.6428571428571429,0.42857142857142855
telecom,10,3790,0.42857142857142855,0.42857142857142855
telecom,3,322,0.6428571428571429,0.6428571428571429
telecom,0,3636,0.42857142857142855,0.5
telecom,8,4591,0.6428571428571429,0.5
telecom,0,3942,0.14285714285714285,0.5714285714285714
telecom,0,1597,0.42857142857142855,0.42857142857142855
telecom,4,3364,0.42857142857142855,0.5
telecom,11,1594,0.5714285714285714,0.2857142857142857
telecom,6,1123,0.42857142857142855,0.35714285714285715
telecom,4,1807,0.42857142857142855,0.5714285714285714
telecom,4,485,0.5,0.2857142857142857
telecom,10,4322,0.6428571428571429,0.42857142857142855
telecom,12,4521,0.5714285714285714,0.42857142857142855
telecom,0,3855,0.5,0.5714285714285714
telecom,2,4180,0.21428571428571427,0.14285714285714285
telecom,6,193,0.5,0.6428571428571429
telecom,2,1418,0.35714285714285715,0.5
telecom,2,572,0.6428571428571429,0.35714285714285715
telecom,9,4252,0.35714285714285715,0.42857142857142855
telecom,0,2463,0.2857142857142857,0.5
telecom,3,797,0.14285714285714285,0.42857142857142855
telecom,4,4815,0.5714285714285714,0.5
telecom,6,2614,0.35714285714285715,0.6428571428571429
telecom,6,1069,0.5714285714285714,0.5
telecom,2,4723,0.5714285714285714,0.5
telecom,11,2115,0.35714285714285715,0.35714285714285715
telecom,10,2558,0.14285714285714285,0.5
telecom,11,3343,0.5,0.42857142857142855
telecom,6,2591,0.2857142857142857,0.5
telecom,8,3312,0.5,0.35714285714285715
telecom,3,3667,0.42857142857142855,0.35714285714285715
telecom,6,2192,0.42857142857142855,0.6428571428571429
telecom,8,835,0.42857142857142855,0.5714285714285714
telecom,1,3462,0.6428571428571429,0.5714285714285714
telecom,4,3534,0.2857142857142857,0.5
telecom,9,175,0.6428571428571429,0.5
telecom,4,3450,0.42857142857142855,0.2857142857142857
telecom,10,912,0.5,0.5
telecom,6,3279,0.5,0.42857142857142855
telecom,2,184,0.6428571428571429,0.2857142857142857
telecom,10,2143,0.42857142857142855,0.5714285714285714
telecom,9,5,0.5,0.2857142857142857
telecom,2,4208,0.35714285714285715,0.6428571428571429
telecom,8,3069,0.5714285714285714,0.42857142857142855
telecom,11,678,0.42857142857142855,0.5
telecom,3,1126,0.35714285714285715,0.5
telecom,9,3168,0.5714285714285714,0.6428571428571429
telecom,6,5502,0.5,0.5714285714285714
telecom,6,2054,0.5,0.21428571428571427
telecom,0,1460,0.5,0.5
telecom,1,42,0.35714285714285715,0.42857142857142855
telecom,1,713,0.5714285714285714,0.5714285714285714
telecom,5,1493,0.5,0.21428571428571427
telecom,7,4279,0.5714285714285714,0.5714285714285714
telecom,4,4083,0.42857142857142855,0.5
telecom,7,5225,0.6428571428571429,0.2857142857142857
telecom,8,4458,0.35714285714285715,0.5714285714285714
telecom,6,2889,0.2857142857142857,0.35714285714285715
telecom,5,4638,0.35714285714285715,0.35714285714285715
telecom,8,3627,0.5,0.5714285714285714
telecom,2,2640,0.21428571428571427,0.42857142857142855
telecom,5,1500,0.5,0.6428571428571429
telecom,2,2439,0.21428571428571427,0.2857142857142857
telecom,10,783,0.6428571428571429,0.35714285714285715
telecom,3,2374,0.35714285714285715,0.42857142857142855
telecom,11,2917,0.5714285714285714,0.42857142857142855
telecom,6,4877,0.5714285714285714,0.5
telecom,9,4719,0.35714285714285715,0.42857142857142855
telecom,6,3164,0.2857142857142857,0.35714285714285715
telecom,0,3152,0.42857142857142855,0.21428571428571427
telecom,11,1709,0.5,0.5
telecom,8,4673,0.8571428571428571,0.35714285714285715
telecom,0,5315,0.7142857142857143,0.21428571428571427
telecom,6,1941,0.5714285714285714,0.6428571428571429
telecom,7,5526,0.2857142857142857,0.42857142857142855
telecom,6,3504,0.5,0.5714285714285714
telecom,9,4968,0.5714285714285714,0.42857142857142855
telecom,5,4127,0.5714285714285714,0.2857142857142857
telecom,6,1784,0.5714285714285714,0.42857142857142855
telecom,7,4817,0.42857142857142855,0.5
telecom,5,1454,0.42857142857142855,0.5714285714285714
telecom,1,3366,0.6428571428571429,0.5
telecom,11,691,0.5,0.35714285714285715
telecom,0,4611,0.42857142857142855,0.5714285714285714
telecom,1,85,0.35714285714285715,0.35714285714285715
telecom,1,2668,0.5,0.7142857142857143
telecom,1,2111,0.6428571428571429,0.2857142857142857
telecom,10,1608,0.7142857142857143,0.8571428571428571
telecom,8,802,0.2857142857142857,0.6428571428571429
telecom,0,2974,0.35714285714285715,0.35714285714285715
telecom,12,5394,0.35714285714285715,0.2857142857142857
telecom,11,3436,0.2857142857142857,0.35714285714285715
telecom,6,4197,0.7142857142857143,0.5
telecom,4,10,0.5,0.5
telecom,10,1179,0.42857142857142855,0.14285714285714285
telecom,5,1949,0.42857142857142855,0.42857142857142855
telecom,8,3152,0.35714285714285715,0.21428571428571427
telecom,6,353,0.21428571428571427,0.5
telecom,1,5195,0.42857142857142855,0.5
telecom,1,5221,0.42857142857142855,0.6428571428571429
telecom,5,3231,0.5,0.35714285714285715
telecom,9,4618,0.5,0.5
telecom,4,802,0.42857142857142855,0.6428571428571429
telecom,1,3090,0.42857142857142855,0.42857142857142855
telecom,4,3082,0.5,0.35714285714285715
telecom,0,3563,0.5,0.35714285714285715
telecom,8,3358,0.5714285714285714,0.5
telecom,7,3988,0.5,0.42857142857142855
telecom,5,1447,0.5,0.42857142857142855
telecom,0,1167,0.5714285714285714,0.5
telecom,4,5185,0.35714285714285715,0.2857142857142857
telecom,8,1314,0.35714285714285715,0.35714285714285715
telecom,5,911,0.5,0.42857142857142855
telecom,4,1625,0.42857142857142855,0.42857142857142855
telecom,8,662,0.2857142857142857,0.5714285714285714
telecom,10,3419,0.2857142857142857,0.2857142857142857
telecom,7,4895,0.42857142857142855,0.42857142857142855
telecom,9,4527,0.7857142857142857,0.5714285714285714
telecom,9,4672,0.35714285714285715,0.42857142857142855
telecom,0,700,0.5,0.2857142857142857
telecom,7,1419,0.35714285714285715,0.42857142857142855
telecom,7,999,0.2857142857142857,0.35714285714285715
telecom,5,1879,0.5,0.42857142857142855
telecom,6,1612,0.42857142857142855,0.5714285714285714
telecom,12,5225,0.5,0.2857142857142857
telecom,4,2814,0.5,0.42857142857142855
telecom,3,3200,0.5,0.5
telecom,4,5385,0.42857142857142855,0.5714285714285714
telecom,5,2709,0.2857142857142857,0.35714285714285715
telecom,5,1574,0.7142857142857143,0.5714285714285714
telecom,9,1294,0.42857142857142855,0.14285714285714285
telecom,0,5483,0.5,0.42857142857142855
telecom,6,1657,0.42857142857142855,0.5
telecom,10,3563,0.35714285714285715,0.35714285714285715
telecom,2,621,0.5714285714285714,0.35714285714285715
telecom,8,2026,0.35714285714285715,0.5714285714285714
telecom,10,2506,0.35714285714285715,0.42857142857142855
telecom,12,1417,0.42857142857142855,0.42857142857142855
telecom,4,3939,0.42857142857142855,0.42857142857142855
telecom,11,2435,0.35714285714285715,0.5
telecom,6,565,0.7142857142857143,0.35714285714285715
telecom,2,5461,0.7142857142857143,0.5
telecom,5,386,0.21428571428571427,0.35714285714285715
telecom,6,3314,0.42857142857142855,0.2857142857142857
telecom,0,2505,0.5714285714285714,0.5
telecom,6,1304,0.35714285714285715,0.42857142857142855
telecom,10,3084,0.2857142857142857,0.7142857142857143
telecom,5,1307,0.2857142857142857,0.5714285714285714
telecom,4,20,0.5714285714285714,0.42857142857142855
telecom,5,2480,0.7142857142857143,0.42857142857142855
telecom,7,166,0.5,0.2857142857142857
telecom,0,4276,0.42857142857142855,0.35714285714285715
telecom,3,3066,0.2857142857142857,0.35714285714285715
telecom,10,136,0.5,0.5
telecom,8,932,0.5714285714285714,0.5
telecom,11,2218,0.5714285714285714,0.6428571428571429
telecom,4,3088,0.35714285714285715,0.42857142857142855
telecom,4,4639,0.35714285714285715,0.6428571428571429
telecom,10,2571,0.2857142857142857,0.5
telecom,12,804,0.5,0.5714285714285714
telecom,2,1169,0.5714285714285714,0.5
telecom,7,5404,0.6428571428571429,0.35714285714285715
telecom,1,1241,0.2857142857142857,0.35714285714285715
telecom,1,2653,0.5,0.2857142857142857
telecom,5,327,0.35714285714285715,0.7142857142857143
telecom,7,225,0.5,0.5
telecom,6,180,0.2857142857142857,0.35714285714285715
telecom,5,2101,0.42857142857142855,0.35714285714285715
telecom,9,4590,0.5714285714285714,0.35714285714285715
telecom,0,321,0.35714285714285715,0.35714285714285715
telecom,3,3983,0.14285714285714285,0.14285714285714285
telecom,4,3463,0.6428571428571429,0.5
telecom,5,41,0.42857142857142855,0.2857142857142857
telecom,8,101,0.35714285714285715,0.42857142857142855
telecom,6,86,0.5714285714285714,0.5
telecom,11,3303,0.42857142857142855,0.6428571428571429
telecom,9,2784,0.6428571428571429,0.5
telecom,12,100,0.42857142857142855,0.5
telecom,2,86,0.35714285714285715,0.5
telecom,10,5510,0.5,0.42857142857142855
telecom,5,5090,0.2857142857142857,0.5
telecom,2,5343,0.5714285714285714,0.35714285714285715
telecom,6,2660,0.5714285714285714,0.14285714285714285
telecom,5,901,0.5,0.6428571428571429
telecom,12,378,0.42857142857142855,0.42857142857142855
telecom,8,4975,0.42857142857142855,0.14285714285714285
telecom,2,403,0.5,0.35714285714285715
telecom,10,1378,0.5714285714285714,0.42857142857142855
telecom,2,1542,0.2857142857142857,0.5
telecom,10,2840,0.5,0.5
telecom,4,3320,0.42857142857142855,0.42857142857142855
telecom,10,18,0.5714285714285714,0.5
telecom,5,4189,0.35714285714285715,0.5714285714285714
telecom,3,3574,0.35714285714285715,0.2857142857142857
telecom,9,2719,0.42857142857142855,0.35714285714285715
telecom,9,4226,0.35714285714285715,0.5
telecom,10,5369,0.8571428571428571,0.42857142857142855
telecom,6,886,0.5,0.5
telecom,4,2870,0.7142857142857143,0.5
telecom,3,4889,0.5714285714285714,0.5
telecom,7,3317,0.21428571428571427,0.5
telecom,0,113,0.42857142857142855,0.42857142857142855
telecom,5,708,0.21428571428571427,0.42857142857142855
telecom,7,5234,0.6428571428571429,0.5714285714285714
telecom,11,2661,0.5,0.35714285714285715
telecom,11,113,0.42857142857142855,0.42857142857142855
telecom,3,4006,0.2857142857142857,0.2857142857142857
telecom,6,3408,0.6428571428571429,0.5
telecom,0,4344,0.5,0.5
telecom,3,2059,0.6428571428571429,0.35714285714285715
telecom,6,1970,0.35714285714285715,0.42857142857142855
telecom,8,3264,0.2857142857142857,0.6428571428571429
telecom,5,1707,0.5,0.6428571428571429
telecom,11,1759,0.42857142857142855,0.2857142857142857
telecom,0,4316,0.6428571428571429,0.35714285714285715
telecom,8,671,0.5,0.2857142857142857
telecom,8,5243,0.35714285714285715,0.21428571428571427
telecom,5,5500,0.5714285714285714,0.35714285714285715
telecom,8,4282,0.2857142857142857,0.14285714285714285
telecom,11,1150,0.2857142857142857,0.5
telecom,6,3539,0.14285714285714285,0.35714285714285715
telecom,8,3647,0.7142857142857143,0.7857142857142857
telecom,2,5500,0.35714285714285715,0.35714285714285715
telecom,7,5250,0.5,0.42857142857142855
telecom,3,980,0.42857142857142855,0.35714285714285715
telecom,1,362,0.6428571428571429,0.35714285714285715
telecom,8,4533,0.35714285714285715,0.21428571428571427
telecom,0,2481,0.21428571428571427,0.2857142857142857
telecom,9,3958,0.42857142857142855,0.7142857142857143
telecom,5,382,0.5714285714285714,0.5
telecom,9,1597,0.5714285714285714,0.42857142857142855
telecom,0,2557,0.21428571428571427,0.42857142857142855
telecom,6,373,0.2857142857142857,0.2857142857142857
telecom,11,967,0.2857142857142857,0.7857142857142857
telecom,3,1482,0.35714285714285715,0.5714285714285714
telecom,10,1273,0.5714285714285714,0.42857142857142855
telecom,6,3483,0.35714285714285715,0.35714285714285715
telecom,6,5118,0.5,0.5
telecom,11,1869,0.5,0.2857142857142857
telecom,5,1289,0.35714285714285715,0.42857142857142855
telecom,4,3924,0.42857142857142855,0.35714285714285715
telecom,10,4127,0.5714285714285714,0.2857142857142857
telecom,0,504,0.42857142857142855,0.5714285714285714
telecom,5,1846,0.42857142857142855,0.35714285714285715
telecom,2,4127,0.5714285714285714,0.2857142857142857
telecom,0,4292,0.35714285714285715,0.7142857142857143
telecom,10,3090,0.35714285714285715,0.42857142857142855
telecom,2,3150,0.5714285714285714,0.42857142857142855
telecom,4,3344,0.7857142857142857,0.6428571428571429
telecom,7,3318,0.35714285714285715,0.35714285714285715
telecom,5,3958,0.42857142857142855,0.7142857142857143
telecom,2,2116,0.14285714285714285,0.35714285714285715
telecom,11,3392,0.6428571428571429,0.35714285714285715
telecom,1,3628,0.5,0.7142857142857143
telecom,10,2026,0.5,0.5714285714285714
telecom,0,3470,0.5,0.2857142857142857
telecom,5,4939,0.35714285714285715,0.35714285714285715
telecom,6,719,0.42857142857142855,0.42857142857142855
telecom,5,4833,0.5,0.5
telecom,9,3983,0.2857142857142857,0.14285714285714285
telecom,11,3777,0.6428571428571429,0.21428571428571427
telecom,3,4027,0.35714285714285715,0.21428571428571427
telecom,5,3895,0.42857142857142855,0.5
telecom,4,1390,0.2857142857142857,0.42857142857142855
telecom,2,4228,0.35714285714285715,0.42857142857142855
telecom,6,213,0.5,0.5714285714285714
telecom,1,3630,0.5,0.2857142857142857
telecom,5,5367,0.5,0.6428571428571429
telecom,5,2994,0.2857142857142857,0.35714285714285715
telecom,10,2597,0.35714285714285715,0.42857142857142855
telecom,2,2338,0.5714285714285714,0.42857142857142855
telecom,9,2033,0.42857142857142855,0.42857142857142855
telecom,3,1204,0.5,0.42857142857142855
telecom,8,727,0.42857142857142855,0.5
telecom,10,795,0.5714285714285714,0.5
telecom,9,364,0.42857142857142855,0.5
telecom,11,2099,0.5,0.5714285714285714
telecom,7,5541,0.5714285714285714,0.35714285714285715
telecom,9,4092,0.6428571428571429,0.2857142857142857
telecom,3,5184,0.2857142857142857,0.35714285714285715
telecom,1,2060,0.35714285714285715,0.35714285714285715
telecom,4,2,0.14285714285714285,0.5
telecom,10,632,0.5714285714285714,0.5
telecom,10,1110,0.5714285714285714,0.5
telecom,0,700,0.5,0.2857142857142857
telecom,1,3526,0.6428571428571429,0.5714285714285714
telecom,1,5506,0.5,0.5
telecom,8,2367,0.2857142857142857,0.42857142857142855
telecom,10,1780,0.5,0.21428571428571427
telecom,6,2554,0.5714285714285714,0.2857142857142857
telecom,5,3077,0.6428571428571429,0.35714285714285715
telecom,10,1503,0.35714285714285715,0.42857142857142855
telecom,3,4718,0.21428571428571427,0.42857142857142855
telecom,5,2962,0.2857142857142857,0.35714285714285715
telecom,2,3194,0.35714285714285715,0.5714285714285714
telecom,9,4464,0.42857142857142855,0.5714285714285714
telecom,8,1259,0.42857142857142855,0.42857142857142855
telecom,9,62,0.42857142857142855,0.35714285714285715
telecom,12,5310,0.2857142857142857,0.6428571428571429
telecom,3,5321,0.7142857142857143,0.5
telecom,8,738,0.21428571428571427,0.5714285714285714
telecom,0,3112,0.2857142857142857,0.5714285714285714
telecom,7,1180,0.42857142857142855,0.35714285714285715
telecom,6,1280,0.5714285714285714,0.42857142857142855
telecom,10,1398,0.42857142857142855,0.5714285714285714
telecom,9,2894,0.5,0.42857142857142855
telecom,7,5189,0.5714285714285714,0.5714285714285714
telecom,9,2767,0.5,0.5
telecom,4,162,0.5,0.2857142857142857
telecom,5,169,0.5714285714285714,0.5
telecom,10,4029,0.2857142857142857,0.5714285714285714
telecom,3,4429,0.5,0.5
telecom,3,3918,0.5714285714285714,0.35714285714285715
telecom,0,4679,0.35714285714285715,0.6428571428571429
telecom,10,2475,0.5714285714285714,0.5
telecom,1,666,0.5,0.21428571428571427
telecom,5,1753,0.5,0.2857142857142857
telecom,4,3332,0.42857142857142855,0.2857142857142857
telecom,7,4556,0.42857142857142855,0.35714285714285715
telecom,7,706,0.21428571428571427,0.5
telecom,9,4359,0.42857142857142855,0.21428571428571427
telecom,5,4485,0.5,0.42857142857142855
telecom,9,4414,0.5714285714285714,0.5714285714285714
telecom,10,3594,0.6428571428571429,0.5
telecom,1,2419,0.5,0.5
telecom,3,2866,0.35714285714285715,0.42857142857142855
telecom,2,4008,0.42857142857142855,0.2857142857142857
telecom,8,3379,0.5,0.2857142857142857
telecom,8,1060,0.5714285714285714,0.5
telecom,1,1188,0.5,0.5714285714285714
telecom,0,2808,0.2857142857142857,0.42857142857142855
telecom,11,3546,0.35714285714285715,0.5714285714285714
telecom,9,2810,0.21428571428571427,0.5
telecom,4,881,0.7142857142857143,0.14285714285714285
telecom,9,1227,0.5714285714285714,0.42857142857142855
telecom,10,3835,0.6428571428571429,0.5
telecom,10,2942,0.6428571428571429,0.42857142857142855
telecom,10,2667,0.6428571428571429,0.6428571428571429
telecom,11,3002,0.6428571428571429,0.5714285714285714
telecom,3,729,0.5714285714285714,0.5714285714285714
telecom,1,2546,0.35714285714285715,0.35714285714285715
telecom,8,1581,0.5,0.5714285714285714
telecom,3,4947,0.42857142857142855,0.35714285714285715
telecom,8,1039,0.5714285714285714,0.5
telecom,1,565,0.5714285714285714,0.35714285714285715
telecom,0,1219,0.6428571428571429,0.5
telecom,9,1781,0.6428571428571429,0.5714285714285714
telecom,8,612,0.5714285714285714,0.5
telecom,6,2094,0.42857142857142855,0.5
telecom,9,968,0.5714285714285714,0.35714285714285715
telecom,9,1436,0.7142857142857143,0.8571428571428571
telecom,7,1898,0.42857142857142855,0.7142857142857143
telecom,1,3869,0.5714285714285714,0.5
telecom,8,4806,0.14285714285714285,0.5
telecom,7,3278,0.35714285714285715,0.5714285714285714
telecom,0,1133,0.42857142857142855,0.5
telecom,12,418,0.5714285714285714,0.35714285714285715
telecom,5,229,0.5,0.42857142857142855
telecom,0,4808,0.35714285714285715,0.2857142857142857
telecom,0,405,0.42857142857142855,0.5
telecom,5,1073,0.5714285714285714,0.5714285714285714
telecom,1,1112,0.2857142857142857,0.5
telecom,8,1164,0.35714285714285715,0.35714285714285715
telecom,9,2900,0.5,0.5714285714285714
telecom,1,3247,0.42857142857142855,0.5714285714285714
telecom,5,3785,0.2857142857142857,0.5714285714285714
telecom,3,2278,0.42857142857142855,0.42857142857142855
telecom,3,1521,0.6428571428571429,0.5
telecom,8,1534,0.5,0.2857142857142857
telecom,4,4326,0.35714285714285715,0.35714285714285715
telecom,9,1701,0.5714285714285714,0.5
telecom,3,4337,0.7142857142857143,0.35714285714285715
telecom,4,2047,0.5714285714285714,0.42857142857142855
telecom,12,4952,0.42857142857142855,0.42857142857142855
telecom,8,5477,0.21428571428571427,0.5
telecom,8,3247,0.42857142857142855,0.5714285714285714
telecom,4,1939,0.35714285714285715,0.35714285714285715
telecom,4,760,0.35714285714285715,0.5714285714285714
telecom,6,3366,0.5714285714285714,0.5
telecom,3,2877,0.5,0.5714285714285714
telecom,8,4254,0.42857142857142855,0.35714285714285715
telecom,10,3796,0.21428571428571427,0.5
telecom,3,5181,0.5,0.2857142857142857
telecom,0,4232,0.42857142857142855,0.6428571428571429
telecom,2,4096,0.2857142857142857,0.5
telecom,8,3884,0.35714285714285715,0.5714285714285714
telecom,8,4796,0.35714285714285715,0.42857142857142855
telecom,7,3616,0.5,0.5
telecom,8,2066,0.5,0.5
telecom,5,119,0.5,0.5714285714285714
telecom,0,5022,0.42857142857142855,0.42857142857142855
telecom,5,398,0.5714285714285714,0.5
telecom,9,77,0.2857142857142857,0.5
telecom,9,3942,0.5714285714285714,0.5714285714285714
telecom,1,1524,0.5,0.6428571428571429
telecom,10,2399,0.42857142857142855,0.2857142857142857
telecom,7,4022,0.35714285714285715,0.6428571428571429
telecom,5,4826,0.14285714285714285,0.42857142857142855
telecom,10,462,0.35714285714285715,0.42857142857142855
telecom,4,92,0.5714285714285714,0.5714285714285714
telecom,5,4630,0.2857142857142857,0.2857142857142857
telecom,0,183,0.42857142857142855,0.6428571428571429
telecom,5,4985,0.42857142857142855,0.35714285714285715
telecom,1,3480,0.5714285714285714,0.42857142857142855
telecom,11,3337,0.5,0.5
telecom,7,4746,0.35714285714285715,0.21428571428571427
telecom,1,1879,0.5714285714285714,0.42857142857142855
telecom,9,1084,0.42857142857142855,0.35714285714285715
telecom,3,1716,0.35714285714285715,0.2857142857142857
telecom,6,1329,0.5,0.2857142857142857
telecom,4,5426,0.42857142857142855,0.2857142857142857
telecom,0,3369,0.42857142857142855,0.21428571428571427
telecom,7,915,0.5,0.42857142857142855
telecom,5,2300,0.5714285714285714,0.42857142857142855
telecom,9,2508,0.35714285714285715,0.5714285714285714
telecom,11,1699,0.5714285714285714,0.7142857142857143
telecom,2,1466,0.7142857142857143,0.2857142857142857
telecom,5,3825,0.35714285714285715,0.7857142857142857
telecom,2,5509,0.21428571428571427,0.5
telecom,11,1378,0.42857142857142855,0.42857142857142855
telecom,0,517,0.5,0.5
telecom,9,3017,0.42857142857142855,0.35714285714285715
telecom,6,1992,0.5714285714285714,0.42857142857142855
telecom,4,725,0.5714285714285714,0.35714285714285715
telecom,2,1243,0.5,0.5714285714285714
telecom,1,4900,0.6428571428571429,0.2857142857142857
telecom,5,2444,0.35714285714285715,0.42857142857142855
telecom,10,3405,0.6428571428571429,0.5714285714285714
telecom,10,2797,0.6428571428571429,0.35714285714285715
telecom,10,2365,0.5,0.2857142857142857
telecom,12,321,0.35714285714285715,0.35714285714285715
telecom,11,318,0.42857142857142855,0.42857142857142855
telecom,10,5347,0.8571428571428571,0.5
telecom,11,11,0.5714285714285714,0.35714285714285715
telecom,4,4644,0.6428571428571429,0.5714285714285714
telecom,6,5120,0.5714285714285714,0.5
telecom,4,3341,0.6428571428571429,0.5
telecom,4,2998,0.42857142857142855,0.2857142857142857
telecom,3,685,0.35714285714285715,0.42857142857142855
telecom,8,1767,0.5714285714285714,0.35714285714285715
telecom,8,658,0.6428571428571429,0.6428571428571429
telecom,8,3389,0.2857142857142857,0.2857142857142857
telecom,1,690,0.6428571428571429,0.8571428571428571
telecom,6,5118,0.5,0.5
telecom,5,4071,0.5,0.5
telecom,12,668,0.5714285714285714,0.2857142857142857
telecom,10,1782,0.42857142857142855,0.42857142857142855
telecom,6,1110,0.42857142857142855,0.5
telecom,0,404,0.42857142857142855,0.21428571428571427
telecom,5,3882,0.5714285714285714,0.7142857142857143
telecom,5,1408,0.5,0.35714285714285715
telecom,0,601,0.21428571428571427,0.35714285714285715
telecom,7,876,0.42857142857142855,0.5714285714285714
telecom,2,5035,0.35714285714285715,0.6428571428571429
telecom,6,1017,0.5,0.2857142857142857
telecom,2,4671,0.42857142857142855,0.35714285714285715
telecom,8,246,0.5,0.42857142857142855
telecom,11,1787,0.35714285714285715,0.5
telecom,12,4667,0.6428571428571429,0.35714285714285715
telecom,4,3197,0.42857142857142855,0.35714285714285715
telecom,10,3549,0.6428571428571429,0.35714285714285715
telecom,5,1010,0.5,0.42857142857142855
telecom,8,4493,0.42857142857142855,0.5
telecom,5,4678,0.7857142857142857,0.5714285714285714
telecom,6,2927,0.14285714285714285,0.5
telecom,1,5533,0.35714285714285715,0.6428571428571429
telecom,1,1861,0.2857142857142857,0.2857142857142857
telecom,2,2310,0.5714285714285714,0.5714285714285714
telecom,6,3223,0.2857142857142857,0.5
telecom,4,5251,0.2857142857142857,0.5
telecom,5,1149,0.5,0.5714285714285714
telecom,7,485,0.5,0.2857142857142857
telecom,6,5071,0.5,0.21428571428571427
telecom,9,1290,0.5,0.21428571428571427
telecom,8,779,0.42857142857142855,0.5
telecom,3,941,0.42857142857142855,0.2857142857142857
telecom,6,4263,0.42857142857142855,0.42857142857142855
telecom,8,406,0.35714285714285715,0.35714285714285715
telecom,5,70,0.5714285714285714,0.5
telecom,3,199,0.35714285714285715,0.42857142857142855
telecom,3,3204,0.42857142857142855,0.5
telecom,6,4769,0.21428571428571427,0.7142857142857143
telecom,4,2780,0.42857142857142855,0.5
telecom,12,1454,0.42857142857142855,0.5714285714285714
telecom,3,1435,0.42857142857142855,0.2857142857142857
telecom,10,2690,0.35714285714285715,0.14285714285714285
telecom,9,4638,0.35714285714285715,0.35714285714285715
telecom,3,2257,0.5,0.6428571428571429
telecom,7,4399,0.42857142857142855,0.2857142857142857
telecom,10,1078,0.21428571428571427,0.42857142857142855
telecom,3,2594,0.6428571428571429,0.35714285714285715
telecom,9,3327,0.35714285714285715,0.2857142857142857
telecom,3,2200,0.42857142857142855,0.2857142857142857
telecom,11,481,0.42857142857142855,0.5714285714285714
telecom,5,2878,0.6428571428571429,0.5714285714285714
telecom,11,873,0.5,0.2857142857142857
telecom,10,3006,0.6428571428571429,0.21428571428571427
telecom,3,2906,0.5,0.5
telecom,12,4153,0.5714285714285714,0.42857142857142855
telecom,0,3107,0.42857142857142855,0.5714285714285714
telecom,0,324,0.5714285714285714,0.5
telecom,4,2885,0.7142857142857143,0.2857142857142857
telecom,1,2084,0.6428571428571429,0.5714285714285714
telecom,10,3308,0.2857142857142857,0.5
telecom,10,1870,0.5,0.5714285714285714
telecom,2,1189,0.35714285714285715,0.5
telecom,12,64,0.35714285714285715,0.35714285714285715
telecom,2,3471,0.6428571428571429,0.42857142857142855
telecom,10,697,0.42857142857142855,0.2857142857142857
telecom,5,136,0.6428571428571429,0.5
telecom,6,3039,0.35714285714285715,0.42857142857142855
telecom,2,834,0.6428571428571429,0.5714285714285714
telecom,10,2507,0.5,0.5
telecom,7,2669,0.35714285714285715,0.5
telecom,3,236,0.42857142857142855,0.35714285714285715
telecom,2,5042,0.5,0.35714285714285715
telecom,8,3891,0.2857142857142857,0.35714285714285715
telecom,4,3490,0.35714285714285715,0.42857142857142855
telecom,4,3113,0.2857142857142857,0.5
telecom,3,215,0.14285714285714285,0.6428571428571429
telecom,3,3651,0.5714285714285714,0.5
telecom,0,100,0.42857142857142855,0.5
telecom,0,2361,0.2857142857142857,0.2857142857142857
telecom,12,591,0.2857142857142857,0.35714285714285715
telecom,12,5514,0.2857142857142857,0.5
telecom,5,5253,0.35714285714285715,0.42857142857142855
telecom,0,1665,0.5,0.5
telecom,5,3147,0.5714285714285714,0.42857142857142855
telecom,1,2970,0.42857142857142855,0.42857142857142855
telecom,0,2898,0.35714285714285715,0.35714285714285715
telecom,10,144,0.42857142857142855,0.35714285714285715
telecom,7,3477,0.2857142857142857,0.5714285714285714
telecom,8,1985,0.6428571428571429,0.5
telecom,3,2552,0.42857142857142855,0.2857142857142857
telecom,3,3785,0.6428571428571429,0.5714285714285714
telecom,9,248,0.35714285714285715,0.21428571428571427
telecom,8,3750,0.35714285714285715,0.7142857142857143
telecom,2,1808,0.5,0.6428571428571429
telecom,2,2217,0.5,0.35714285714285715
telecom,3,4921,0.42857142857142855,0.5
telecom,7,1493,0.2857142857142857,0.21428571428571427
telecom,7,2315,0.5714285714285714,0.5
telecom,5,2437,0.6428571428571429,0.42857142857142855
telecom,10,320,0.5714285714285714,0.42857142857142855
telecom,3,4471,0.2857142857142857,0.2857142857142857
telecom,2,2650,0.35714285714285715,0.5714285714285714
telecom,0,1797,0.2857142857142857,0.6428571428571429
telecom,2,3396,0.5714285714285714,0.6428571428571429
telecom,10,1140,0.35714285714285715,0.5714285714285714
telecom,9,1613,0.5,0.42857142857142855
telecom,1,2662,0.5,0.5714285714285714
telecom,12,1273,0.5,0.42857142857142855
telecom,1,1068,0.5,0.2857142857142857
telecom,5,3061,0.14285714285714285,0.35714285714285715
telecom,3,3349,0.5,0.2857142857142857
telecom,7,1569,0.5,0.5
telecom,12,5413,0.21428571428571427,0.42857142857142855
telecom,3,5009,0.7142857142857143,0.35714285714285715
telecom,8,5136,0.2857142857142857,0.2857142857142857
telecom,3,3310,0.5,0.42857142857142855
telecom,0,1982,0.5,0.2857142857142857
telecom,8,3374,0.2857142857142857,0.35714285714285715
telecom,4,5069,0.2857142857142857,0.42857142857142855
telecom,1,80,0.5714285714285714,0.5714285714285714
telecom,7,4455,0.42857142857142855,0.5714285714285714
telecom,5,3689,0.5,0.5714285714285714
telecom,6,5239,0.6428571428571429,0.21428571428571427
telecom,3,4224,0.5,0.35714285714285715
telecom,7,371,0.42857142857142855,0.42857142857142855
telecom,7,4890,0.42857142857142855,0.42857142857142855
telecom,2,3283,0.5,0.5
telecom,2,4254,0.42857142857142855,0.35714285714285715
telecom,9,4087,0.5,0.35714285714285715
telecom,4,2265,0.2857142857142857,0.2857142857142857
telecom,0,1162,0.2857142857142857,0.42857142857142855
telecom,12,4229,0.5,0.2857142857142857
telecom,4,1127,0.5714285714285714,0.6428571428571429
telecom,3,2222,0.42857142857142855,0.6428571428571429
telecom,2,3979,0.5,0.7142857142857143
telecom,5,4406,0.5714285714285714,0.5
telecom,7,1631,0.5,0.5714285714285714
telecom,12,796,0.2857142857142857,0.35714285714285715
telecom,6,3691,0.5714285714285714,0.5
telecom,11,1305,0.42857142857142855,0.2857142857142857
telecom,9,2423,0.42857142857142855,0.5714285714285714
telecom,4,3706,0.35714285714285715,0.42857142857142855
telecom,9,733,0.5,0.5
telecom,12,1176,0.42857142857142855,0.5
telecom,6,5436,0.42857142857142855,0.2857142857142857
telecom,7,973,0.42857142857142855,0.2857142857142857
telecom,3,1671,0.42857142857142855,0.35714285714285715
telecom,9,1436,0.7142857142857143,0.8571428571428571
telecom,3,920,0.6428571428571429,0.35714285714285715
telecom,5,5242,0.7857142857142857,0.42857142857142855
telecom,1,1813,0.5,0.14285714285714285
telecom,10,3834,0.5,0.6428571428571429
telecom,12,1032,0.6428571428571429,0.2857142857142857
telecom,4,2632,0.5,0.6428571428571429
telecom,0,469,0.35714285714285715,0.5
telecom,6,3768,0.35714285714285715,0.35714285714285715
telecom,9,3608,0.5714285714285714,0.5
telecom,2,1883,0.5714285714285714,0.5714285714285714
telecom,10,2458,0.5714285714285714,0.5
telecom,0,4892,0.2857142857142857,0.5
telecom,3,4557,0.42857142857142855,0.35714285714285715
telecom,1,179,0.5714285714285714,0.5
telecom,2,2391,0.2857142857142857,0.35714285714285715
telecom,3,4167,0.5,0.35714285714285715
telecom,1,4272,0.42857142857142855,0.35714285714285715
telecom,1,4644,0.42857142857142855,0.5714285714285714
telecom,5,997,0.35714285714285715,0.5
telecom,11,2380,0.5,0.42857142857142855
telecom,2,485,0.35714285714285715,0.2857142857142857
telecom,8,2299,0.5,0.21428571428571427
telecom,3,4712,0.42857142857142855,0.35714285714285715
telecom,7,1755,0.5,0.2857142857142857
telecom,0,2795,0.5,0.2857142857142857
telecom,0,2103,0.6428571428571429,0.42857142857142855
telecom,11,2189,0.7142857142857143,0.42857142857142855
telecom,7,2301,0.5,0.2857142857142857
telecom,4,3402,0.42857142857142855,0.5
telecom,1,641,0.5714285714285714,0.7142857142857143
telecom,5,3029,0.14285714285714285,0.7142857142857143
telecom,11,791,0.6428571428571429,0.42857142857142855
telecom,5,3896,0.2857142857142857,0.5
telecom,7,351,0.14285714285714285,0.5
telecom,9,2574,0.42857142857142855,0.42857142857142855
telecom,6,4265,0.42857142857142855,0.35714285714285715
telecom,10,704,0.6428571428571429,0.5
telecom,11,1446,0.42857142857142855,0.5714285714285714
telecom,2,4709,0.5714285714285714,0.7142857142857143
telecom,3,5002,0.5714285714285714,0.5714285714285714
telecom,6,2425,0.5,0.5714285714285714
telecom,11,2871,0.5,0.5
telecom,11,3922,0.5714285714285714,0.42857142857142855
telecom,0,1028,0.5,0.35714285714285715
telecom,0,3069,0.35714285714285715,0.42857142857142855
telecom,8,4936,0.42857142857142855,0.35714285714285715
telecom,2,1759,0.42857142857142855,0.2857142857142857
telecom,4,4883,0.5714285714285714,0.21428571428571427
telecom,7,3536,0.5714285714285714,0.2857142857142857
telecom,4,5242,0.5,0.42857142857142855
telecom,10,1656,0.5714285714285714,0.5714285714285714
telecom,4,3098,0.5,0.42857142857142855
telecom,12,362,0.5,0.35714285714285715
telecom,10,4000,0.2857142857142857,0.42857142857142855
telecom,9,4325,0.6428571428571429,0.35714285714285715
telecom,2,2380,0.7142857142857143,0.42857142857142855
telecom,12,4311,0.42857142857142855,0.2857142857142857
telecom,11,1243,0.7142857142857143,0.5714285714285714
telecom,1,1966,0.5,0.6428571428571429
telecom,3,2769,0.42857142857142855,0.35714285714285715
telecom,9,3087,0.35714285714285715,0.2857142857142857
telecom,6,5394,0.2857142857142857,0.2857142857142857
telecom,8,1586,0.21428571428571427,0.35714285714285715
telecom,12,175,0.42857142857142855,0.5
telecom,12,1289,0.5714285714285714,0.42857142857142855
telecom,0,3748,0.5714285714285714,0.5
telecom,8,2212,0.42857142857142855,0.5
telecom,10,2544,0.5714285714285714,0.5
telecom,7,1912,0.5714285714285714,0.42857142857142855
telecom,6,1448,0.35714285714285715,0.35714285714285715
telecom,3,2906,0.5,0.5
telecom,7,172,0.5714285714285714,0.35714285714285715
telecom,10,4502,0.35714285714285715,0.35714285714285715
telecom,0,2851,0.42857142857142855,0.42857142857142855
telecom,8,2506,0.35714285714285715,0.42857142857142855
telecom,2,832,0.2857142857142857,0.42857142857142855
telecom,7,677,0.2857142857142857,0.42857142857142855
telecom,6,4920,0.2857142857142857,0.42857142857142855
telecom,5,4973,0.2857142857142857,0.5714285714285714
telecom,10,3807,0.42857142857142855,0.21428571428571427
telecom,8,3120,0.35714285714285715,0.42857142857142855
telecom,2,2764,0.42857142857142855,0.42857142857142855
telecom,10,2675,0.42857142857142855,0.2857142857142857
telecom,0,4014,0.42857142857142855,0.35714285714285715
telecom,5,3830,0.21428571428571427,0.42857142857142855
telecom,5,4274,0.42857142857142855,0.42857142857142855
telecom,10,5550,0.5,0.35714285714285715
telecom,6,3989,0.6428571428571429,0.5714285714285714
telecom,0,1231,0.5714285714285714,0.5
telecom,2,3715,0.6428571428571429,0.5714285714285714
telecom,1,3190,0.14285714285714285,0.5
telecom,1,3308,0.35714285714285715,0.5
telecom,10,3870,0.5,0.2857142857142857
telecom,3,5008,0.42857142857142855,0.2857142857142857
telecom,4,3279,0.5714285714285714,0.42857142857142855
telecom,5,3595,0.2857142857142857,0.42857142857142855
telecom,2,1594,0.5714285714285714,0.2857142857142857
telecom,11,293,0.5,0.6428571428571429
telecom,7,1909,0.5714285714285714,0.5
telecom,5,4496,0.2857142857142857,0.42857142857142855
telecom,0,2581,0.35714285714285715,0.5
telecom,0,4248,0.42857142857142855,0.6428571428571429
telecom,1,4628,0.5,0.5
telecom,9,1287,0.35714285714285715,0.5
telecom,7,4031,0.42857142857142855,0.5714285714285714
telecom,2,2166,0.5714285714285714,0.2857142857142857
telecom,5,2663,0.35714285714285715,0.5
telecom,7,17,0.5,0.5714285714285714
telecom,1,779,0.2857142857142857,0.5
telecom,3,4388,0.42857142857142855,0.42857142857142855
telecom,10,3314,0.5,0.2857142857142857
telecom,7,1599,0.6428571428571429,0.5
telecom,3,2127,0.35714285714285715,0.2857142857142857
telecom,12,5518,0.5,0.35714285714285715
telecom,5,1274,0.42857142857142855,0.35714285714285715
telecom,0,2739,0.42857142857142855,0.42857142857142855
telecom,2,4613,0.5,0.5
telecom,8,1171,0.5714285714285714,0.42857142857142855
telecom,3,1330,0.5,0.5714285714285714
telecom,6,642,0.5714285714285714,0.6428571428571429
telecom,8,3250,0.2857142857142857,0.5
telecom,12,5382,0.5,0.35714285714285715
telecom,8,3936,0.5,0.5714285714285714
telecom,8,183,0.5,0.6428571428571429
telecom,5,5126,0.35714285714285715,0.35714285714285715
telecom,1,3564,0.21428571428571427,0.2857142857142857
telecom,5,4295,0.42857142857142855,0.5
telecom,7,3083,0.7142857142857143,0.35714285714285715
telecom,6,4283,0.5,0.5
telecom,2,3490,0.5,0.42857142857142855
telecom,7,4711,0.7142857142857143,0.2857142857142857
telecom,8,4119,0.42857142857142855,0.6428571428571429
telecom,9,4189,0.2857142857142857,0.5714285714285714
telecom,5,795,0.2857142857142857,0.5
telecom,3,5347,0.6428571428571429,0.5
telecom,9,724,0.42857142857142855,0.2857142857142857
telecom,4,3231,0.35714285714285715,0.35714285714285715
telecom,0,1001,0.2857142857142857,0.42857142857142855
telecom,7,121,0.5,0.5
telecom,2,4918,0.5,0.42857142857142855
telecom,1,525,0.42857142857142855,0.6428571428571429
telecom,3,959,0.5,0.5714285714285714
telecom,5,3048,0.5,0.2857142857142857
telecom,8,1606,0.42857142857142855,0.42857142857142855
telecom,4,1117,0.5,0.42857142857142855
telecom,3,4903,0.2857142857142857,0.35714285714285715
telecom,4,705,0.42857142857142855,0.2857142857142857
telecom,0,5447,0.5714285714285714,0.42857142857142855
telecom,10,2271,0.6428571428571429,0.42857142857142855
telecom,4,65,0.42857142857142855,0.35714285714285715
telecom,11,700,0.42857142857142855,0.2857142857142857
telecom,10,152,0.6428571428571429,0.5714285714285714
telecom,8,3617,0.35714285714285715,0.42857142857142855
telecom,8,994,0.21428571428571427,0.2857142857142857
telecom,8,3275,0.6428571428571429,0.6428571428571429
telecom,0,1788,0.35714285714285715,0.6428571428571429
telecom,6,4267,0.6428571428571429,0.21428571428571427
telecom,4,4553,0.2857142857142857,0.35714285714285715
telecom,9,2112,0.5,0.5714285714285714
telecom,11,2002,0.2857142857142857,0.5
telecom,4,170,0.35714285714285715,0.35714285714285715
telecom,10,3832,0.5,0.2857142857142857
telecom,11,1077,0.2857142857142857,0.5714285714285714
telecom,4,3803,0.2857142857142857,0.5714285714285714
telecom,7,620,0.5714285714285714,0.5
telecom,8,1418,0.5,0.5
telecom,4,1498,0.7142857142857143,0.42857142857142855
telecom,6,729,0.21428571428571427,0.5714285714285714
telecom,9,1964,0.42857142857142855,0.5
telecom,4,818,0.42857142857142855,0.5
telecom,2,2921,0.35714285714285715,0.35714285714285715
telecom,11,2989,0.2857142857142857,0.35714285714285715
telecom,10,1086,0.42857142857142855,0.5
telecom,3,4005,0.5714285714285714,0.6428571428571429
telecom,3,444,0.42857142857142855,0.5714285714285714
telecom,8,2015,0.5714285714285714,0.5
telecom,3,1152,0.5714285714285714,0.21428571428571427
telecom,3,5494,0.5714285714285714,0.5714285714285714
telecom,3,522,0.5,0.6428571428571429
telecom,3,1831,0.2857142857142857,0.21428571428571427
telecom,5,67,0.35714285714285715,0.5
telecom,8,1465,0.5714285714285714,0.42857142857142855
telecom,0,4880,0.42857142857142855,0.35714285714285715
telecom,3,1713,0.5714285714285714,0.6428571428571429
telecom,10,4520,0.5,0.5
telecom,9,2962,0.2857142857142857,0.35714285714285715
telecom,2,1184,0.2857142857142857,0.42857142857142855
telecom,12,5062,0.21428571428571427,0.5
telecom,12,4249,0.7142857142857143,0.5
telecom,4,1822,0.6428571428571429,0.5
telecom,1,4698,0.5,0.35714285714285715
telecom,5,944,0.5714285714285714,0.5
telecom,10,562,0.42857142857142855,0.5
telecom,1,2725,0.42857142857142855,0.2857142857142857
telecom,12,1108,0.35714285714285715,0.5
telecom,4,1593,0.5,0.35714285714285715
telecom,3,3776,0.2857142857142857,0.5
telecom,1,4508,0.2857142857142857,0.7857142857142857
telecom,9,4703,0.5,0.5
telecom,1,3122,0.2857142857142857,0.6428571428571429
telecom,8,3208,0.2857142857142857,0.2857142857142857
telecom,1,3635,0.35714285714285715,0.5
telecom,7,3546,0.42857142857142855,0.5714285714285714
telecom,3,5422,0.5,0.5
telecom,9,3946,0.42857142857142855,0.5
telecom,8,523,0.42857142857142855,0.35714285714285715
telecom,8,1829,0.2857142857142857,0.5714285714285714
telecom,7,2240,0.42857142857142855,0.7142857142857143
telecom,0,3076,0.42857142857142855,0.2857142857142857
telecom,7,4308,0.5,0.5
telecom,3,2286,0.42857142857142855,0.5714285714285714
telecom,0,3485,0.5,0.7142857142857143
telecom,6,4700,0.14285714285714285,0.42857142857142855
telecom,6,3667,0.14285714285714285,0.35714285714285715
telecom,1,1827,0.35714285714285715,0.35714285714285715
telecom,7,5073,0.7142857142857143,0.5
telecom,8,3129,0.5714285714285714,0.35714285714285715
telecom,5,981,0.42857142857142855,0.42857142857142855
telecom,12,894,0.42857142857142855,0.5714285714285714
telecom,7,4410,0.5714285714285714,0.5
telecom,11,381,0.5714285714285714,0.42857142857142855
telecom,1,2745,0.42857142857142855,0.2857142857142857
telecom,5,1503,0.2857142857142857,0.42857142857142855
telecom,11,1361,0.21428571428571427,0.42857142857142855
telecom,9,4029,0.2857142857142857,0.5714285714285714
telecom,9,2488,0.6428571428571429,0.2857142857142857
telecom,6,1157,0.42857142857142855,0.21428571428571427
telecom,7,562,0.42857142857142855,0.5
telecom,9,3138,0.5,0.42857142857142855
telecom,10,2967,0.35714285714285715,0.5
telecom,3,4608,0.5714285714285714,0.6428571428571429
telecom,0,1175,0.42857142857142855,0.5
telecom,11,2104,0.5,0.5714285714285714
telecom,0,876,0.35714285714285715,0.5714285714285714
telecom,8,3449,0.42857142857142855,0.2857142857142857
telecom,11,2595,0.07142857142857142,0.5714285714285714
telecom,2,1770,0.2857142857142857,0.2857142857142857
telecom,4,3706,0.35714285714285715,0.42857142857142855
telecom,0,1312,0.35714285714285715,0.5
telecom,10,136,0.5,0.5
telecom,12,4675,0.5,0.2857142857142857
telecom,7,1265,0.35714285714285715,0.42857142857142855
telecom,7,220,0.6428571428571429,0.5
telecom,10,5432,0.2857142857142857,0.7142857142857143
telecom,10,838,0.42857142857142855,0.42857142857142855
telecom,2,1104,0.42857142857142855,0.35714285714285715
telecom,8,1731,0.2857142857142857,0.42857142857142855
telecom,11,2982,0.5714285714285714,0.35714285714285715
telecom,12,1410,0.5,0.42857142857142855
telecom,10,1886,0.5,0.6428571428571429
telecom,8,1238,0.42857142857142855,0.42857142857142855
telecom,6,1837,0.42857142857142855,0.21428571428571427
telecom,0,4507,0.5,0.5714285714285714
telecom,10,1868,0.6428571428571429,0.35714285714285715
telecom,10,1895,0.6428571428571429,0.5
telecom,7,3379,0.5,0.2857142857142857
telecom,7,5405,0.42857142857142855,0.5
telecom,10,1772,0.5,0.42857142857142855
telecom,2,4434,0.5714285714285714,0.42857142857142855
telecom,2,4232,0.5,0.6428571428571429
telecom,9,2749,0.5714285714285714,0.21428571428571427
fuzz_target,7,4368,0.5714285714285714,0.6428571428571429
fuzz_target,4,6923,0.6428571428571429,0.5
fuzz_target,7,5616,0.5,0.35714285714285715
fuzz_target,6,8926,0.5,0.35714285714285715
fuzz_target,4,3242,0.35714285714285715,0.42857142857142855
fuzz_target,3,7875,0.5,0.42857142857142855
fuzz_target,5,1344,0.5714285714285714,0.5
fuzz_target,3,4145,0.2857142857142857,0.42857142857142855
fuzz_target,6,8619,0.5714285714285714,0.5714285714285714
fuzz_target,12,7033,0.5,0.5714285714285714
fuzz_target,0,1655,0.5714285714285714,0.6428571428571429
fuzz_target,2,6268,0.5,0.5714285714285714
fuzz_target,2,5762,0.5714285714285714,0.5
fuzz_target,10,5786,0.35714285714285715,0.5714285714285714
fuzz_target,10,3106,0.7857142857142857,0.6428571428571429
fuzz_target,7,5624,0.5714285714285714,0.35714285714285715
fuzz_target,9,5256,0.42857142857142855,0.6428571428571429
fuzz_target,1,7098,0.5714285714285714,0.42857142857142855
fuzz_target,4,7470,0.42857142857142855,0.5
fuzz_target,8,1886,0.5714285714285714,0.6428571428571429
fuzz_target,1,9172,0.42857142857142855,0.42857142857142855
fuzz_target,2,8030,0.35714285714285715,0.5
fuzz_target,12,7933,0.5714285714285714,0.6428571428571429
fuzz_target,7,3370,0.42857142857142855,0.35714285714285715
fuzz_target,2,5825,0.35714285714285715,0.42857142857142855
fuzz_target,5,5310,0.7857142857142857,0.6428571428571429
fuzz_target,5,7252,0.5,0.5
fuzz_target,0,1471,0.35714285714285715,0.35714285714285715
fuzz_target,5,8373,0.5714285714285714,0.7142857142857143
fuzz_target,1,699,0.35714285714285715,0.5714285714285714
fuzz_target,11,3690,0.42857142857142855,0.5714285714285714
fuzz_target,7,3529,0.35714285714285715,0.5714285714285714
fuzz_target,6,2267,0.7142857142857143,0.2857142857142857
fuzz_target,11,6274,0.42857142857142855,0.5714285714285714
fuzz_target,7,4681,0.2857142857142857,0.5714285714285714
fuzz_target,9,7953,0.42857142857142855,0.5
fuzz_target,7,3210,0.5714285714285714,0.5714285714285714
fuzz_target,7,3184,0.14285714285714285,0.5714285714285714
fuzz_target,0,2923,0.42857142857142855,0.5
fuzz_target,2,2249,0.5714285714285714,0.35714285714285715
fuzz_target,12,5991,0.5,0.5
fuzz_target,9,8378,0.35714285714285715,0.42857142857142855
fuzz_target,13,8386,0.6428571428571429,0.5
fuzz_target,9,7558,0.42857142857142855,0.5
fuzz_target,10,2562,0.5,0.5714285714285714
fuzz_target,2,1609,0.6428571428571429,0.5714285714285714
fuzz_target,9,7468,0.35714285714285715,0.5714285714285714
fuzz_target,1,4995,0.6428571428571429,0.6428571428571429
fuzz_target,6,552,0.42857142857142855,0.5714285714285714
fuzz_target,9,927,0.42857142857142855,0.6428571428571429
fuzz_target,2,7743,0.42857142857142855,0.7142857142857143
fuzz_target,9,7262,0.5714285714285714,0.7857142857142857
fuzz_target,8,7068,0.42857142857142855,0.6428571428571429
fuzz_target,0,7513,0.42857142857142855,0.2857142857142857
fuzz_target,11,7173,0.6428571428571429,0.7142857142857143
fuzz_target,0,9156,0.6428571428571429,0.6428571428571429
fuzz_target,8,7476,0.5714285714285714,0.42857142857142855
fuzz_target,3,5881,0.21428571428571427,0.5714285714285714
fuzz_target,0,4442,0.35714285714285715,0.35714285714285715
fuzz_target,0,9032,0.7142857142857143,0.5714285714285714
fuzz_target,10,833,0.5,0.42857142857142855
fuzz_target,10,8506,0.42857142857142855,0.5
fuzz_target,6,1714,0.21428571428571427,0.35714285714285715
fuzz_target,5,2129,0.35714285714285715,0.6428571428571429
fuzz_target,6,8300,0.42857142857142855,0.5
fuzz_target,11,4743,0.5714285714285714,0.21428571428571427
fuzz_target,1,8434,0.35714285714285715,0.5714285714285714
fuzz_target,5,9520,0.2857142857142857,0.5
fuzz_target,5,1155,0.5,0.42857142857142855
fuzz_target,4,3237,0.5,0.35714285714285715
fuzz_target,1,8623,0.35714285714285715,0.42857142857142855
fuzz_target,5,507,0.5,0.5
fuzz_target,9,5444,0.2857142857142857,0.35714285714285715
fuzz_target,10,9303,0.6428571428571429,0.42857142857142855
fuzz_target,7,9317,0.7857142857142857,0.42857142857142855
fuzz_target,12,5627,0.5714285714285714,0.5714285714285714
fuzz_target,0,7094,0.21428571428571427,0.5
fuzz_target,0,9680,0.5,0.5714285714285714
fuzz_target,8,5415,0.5,0.5714285714285714
fuzz_target,1,1004,0.5,0.42857142857142855
fuzz_target,0,3235,0.35714285714285715,0.5714285714285714
fuzz_target,6,7097,0.6428571428571429,0.35714285714285715
fuzz_target,2,5365,0.6428571428571429,0.42857142857142855
fuzz_target,10,4833,0.42857142857142855,0.35714285714285715
fuzz_target,2,2007,0.5714285714285714,0.5
fuzz_target,4,3050,0.42857142857142855,0.6428571428571429
fuzz_target,9,7655,0.6428571428571429,0.5714285714285714
fuzz_target,3,3919,0.5714285714285714,0.6428571428571429
fuzz_target,11,7484,0.2857142857142857,0.5
fuzz_target,6,3993,0.5,0.5714285714285714
fuzz_target,8,4898,0.42857142857142855,0.42857142857142855
fuzz_target,1,7578,0.7142857142857143,0.5714285714285714
fuzz_target,9,2523,0.42857142857142855,0.5714285714285714
fuzz_target,4,5747,0.5714285714285714,0.5
fuzz_target,7,520,0.42857142857142855,0.7857142857142857
fuzz_target,10,4558,0.5714285714285714,0.42857142857142855
fuzz_target,1,8988,0.5,0.35714285714285715
fuzz_target,0,1550,0.42857142857142855,0.5
fuzz_target,6,7335,0.5,0.5714285714285714
fuzz_target,1,2480,0.6428571428571429,0.42857142857142855
fuzz_target,0,5484,0.42857142857142855,0.5714285714285714
fuzz_target,12,6314,0.42857142857142855,0.5714285714285714
fuzz_target,1,8131,0.5714285714285714,0.35714285714285715
fuzz_target,2,3773,0.5714285714285714,0.5714285714285714
fuzz_target,5,5310,0.7857142857142857,0.6428571428571429
fuzz_target,8,7377,0.35714285714285715,0.5714285714285714
fuzz_target,4,5912,0.42857142857142855,0.7142857142857143
fuzz_target,12,140,0.5,0.5
fuzz_target,11,4056,0.2857142857142857,0.42857142857142855
fuzz_target,1,8512,0.2857142857142857,0.42857142857142855
fuzz_target,1,8856,0.35714285714285715,0.6428571428571429
fuzz_target,6,2295,0.42857142857142855,0.5
fuzz_target,10,4157,0.6428571428571429,0.6428571428571429
fuzz_target,7,9640,0.5,0.42857142857142855
fuzz_target,1,6264,0.5,0.35714285714285715
fuzz_target,7,8794,0.21428571428571427,0.5
fuzz_target,3,9381,0.42857142857142855,0.2857142857142857
fuzz_target,12,3721,0.35714285714285715,0.6428571428571429
fuzz_target,4,4466,0.5714285714285714,0.2857142857142857
fuzz_target,1,4283,0.2857142857142857,0.5
fuzz_target,7,3040,0.35714285714285715,0.5
fuzz_target,2,2125,0.42857142857142855,0.42857142857142855
fuzz_target,11,51,0.35714285714285715,0.35714285714285715
fuzz_target,1,1146,0.42857142857142855,0.6428571428571429
fuzz_target,10,1835,0.6428571428571429,0.35714285714285715
fuzz_target,12,7390,0.7142857142857143,0.2857142857142857
fuzz_target,7,9538,0.7857142857142857,0.5
fuzz_target,3,9068,0.7142857142857143,0.6428571428571429
fuzz_target,6,5067,0.5714285714285714,0.7857142857142857
fuzz_target,9,1256,0.5,0.5
fuzz_target,13,8901,0.42857142857142855,0.5714285714285714
fuzz_target,1,4399,0.35714285714285715,0.5714285714285714
fuzz_target,7,2776,0.42857142857142855,0.5714285714285714
fuzz_target,6,5154,0.5,0.5
fuzz_target,5,4964,0.5714285714285714,0.42857142857142855
fuzz_target,8,3817,0.7142857142857143,0.5714285714285714
fuzz_target,0,7401,0.5714285714285714,0.5714285714285714
fuzz_target,7,7627,0.35714285714285715,0.42857142857142855
fuzz_target,11,1284,0.21428571428571427,0.5
fuzz_target,6,2718,0.5,0.2857142857142857
fuzz_target,2,6729,0.42857142857142855,0.2857142857142857
fuzz_target,3,9487,0.42857142857142855,0.5
fuzz_target,3,1971,0.5,0.42857142857142855
fuzz_target,2,2664,0.5,0.2857142857142857
fuzz_target,10,2229,0.42857142857142855,0.42857142857142855
fuzz_target,8,2253,0.5,0.5
fuzz_target,9,1321,0.5,0.42857142857142855
fuzz_target,7,248,0.42857142857142855,0.6428571428571429
fuzz_target,10,6227,0.5,0.5714285714285714
fuzz_target,3,4925,0.5,0.7857142857142857
fuzz_target,8,6328,0.6428571428571429,0.42857142857142855
fuzz_target,12,7516,0.6428571428571429,0.7142857142857143
fuzz_target,0,8201,0.6428571428571429,0.35714285714285715
fuzz_target,8,1449,0.42857142857142855,0.42857142857142855
fuzz_target,10,3280,0.6428571428571429,0.35714285714285715
fuzz_target,6,5253,0.42857142857142855,0.5
fuzz_target,2,9724,0.5,0.5
fuzz_target,0,9187,0.6428571428571429,0.7142857142857143
fuzz_target,8,931,0.5,0.7142857142857143
fuzz_target,11,4625,0.35714285714285715,0.6428571428571429
fuzz_target,12,2955,0.42857142857142855,0.2857142857142857
fuzz_target,5,6506,0.5714285714285714,0.42857142857142855
fuzz_target,10,5628,0.5,0.5
fuzz_target,1,5441,0.21428571428571427,0.35714285714285715
fuzz_target,10,9895,0.5,0.6428571428571429
fuzz_target,10,5136,0.5,0.2857142857142857
fuzz_target,5,4943,0.5714285714285714,0.6428571428571429
fuzz_target,13,8560,0.6428571428571429,0.42857142857142855
fuzz_target,12,1078,0.5,0.42857142857142855
fuzz_target,3,8079,0.21428571428571427,0.7142857142857143
fuzz_target,2,4378,0.42857142857142855,0.42857142857142855
fuzz_target,5,4068,0.7142857142857143,0.42857142857142855
fuzz_target,4,1644,0.35714285714285715,0.6428571428571429
fuzz_target,13,549,0.42857142857142855,0.5
fuzz_target,0,7721,0.5714285714285714,0.35714285714285715
fuzz_target,2,2186,0.5,0.7857142857142857
fuzz_target,5,4721,0.6428571428571429,0.5714285714285714
fuzz_target,3,2767,0.5714285714285714,0.5
fuzz_target,9,4555,0.42857142857142855,0.5
fuzz_target,7,3570,0.35714285714285715,0.42857142857142855
fuzz_target,0,2996,0.35714285714285715,0.42857142857142855
fuzz_target,8,7403,0.5,0.35714285714285715
fuzz_target,2,4001,0.6428571428571429,0.5714285714285714
fuzz_target,7,262,0.5714285714285714,0.5
fuzz_target,10,2627,0.6428571428571429,0.5
fuzz_target,2,1521,0.2857142857142857,0.5
fuzz_target,5,7179,0.5714285714285714,0.5
fuzz_target,12,3794,0.5714285714285714,0.6428571428571429
fuzz_target,2,2774,0.6428571428571429,0.14285714285714285
fuzz_target,0,6377,0.5714285714285714,0.35714285714285715
fuzz_target,7,6912,0.35714285714285715,0.42857142857142855
fuzz_target,9,112,0.42857142857142855,0.2857142857142857
fuzz_target,13,9112,0.2857142857142857,0.6428571428571429
fuzz_target,1,5273,0.42857142857142855,0.42857142857142855
fuzz_target,9,2439,0.6428571428571429,0.5
fuzz_target,11,2933,0.5,0.35714285714285715
fuzz_target,5,1814,0.42857142857142855,0.42857142857142855
fuzz_target,4,9689,0.5714285714285714,0.2857142857142857
fuzz_target,3,1810,0.6428571428571429,0.5
fuzz_target,9,5191,0.2857142857142857,0.5
fuzz_target,11,6438,0.5714285714285714,0.5714285714285714
fuzz_target,5,7378,0.5,0.35714285714285715
fuzz_target,9,2595,0.2857142857142857,0.42857142857142855
fuzz_target,10,3150,0.5,0.5
fuzz_target,10,7676,0.2857142857142857,0.42857142857142855
fuzz_target,2,3542,0.35714285714285715,0.7142857142857143
fuzz_target,8,5127,0.5,0.7857142857142857
fuzz_target,8,1196,0.5,0.5714285714285714
fuzz_target,1,5447,0.7142857142857143,0.6428571428571429
fuzz_target,1,8129,0.5714285714285714,0.7142857142857143
fuzz_target,7,7809,0.42857142857142855,0.6428571428571429
fuzz_target,4,4449,0.42857142857142855,0.2857142857142857
fuzz_target,4,5393,0.5,0.42857142857142855
fuzz_target,6,3980,0.35714285714285715,0.5714285714285714
fuzz_target,1,850,0.5,0.5714285714285714
fuzz_target,8,8933,0.35714285714285715,0.5
fuzz_target,7,1780,0.35714285714285715,0.5714285714285714
fuzz_target,7,3820,0.5,0.35714285714285715
fuzz_target,6,1925,0.5,0.42857142857142855
fuzz_target,1,291,0.5,0.5
fuzz_target,3,7342,0.42857142857142855,0.42857142857142855
fuzz_target,5,2361,0.42857142857142855,0.7857142857142857
fuzz_target,2,1993,0.5714285714285714,0.5714285714285714
fuzz_target,7,724,0.6428571428571429,0.2857142857142857
fuzz_target,2,6654,0.14285714285714285,0.5
fuzz_target,6,2874,0.42857142857142855,0.35714285714285715
fuzz_target,10,3141,0.6428571428571429,0.5
fuzz_target,0,8169,0.35714285714285715,0.5
fuzz_target,3,6759,0.35714285714285715,0.5714285714285714
fuzz_target,9,6646,0.6428571428571429,0.5
fuzz_target,0,5122,0.7142857142857143,0.5
fuzz_target,6,7516,0.5,0.7142857142857143
fuzz_target,0,740,0.35714285714285715,0.5
fuzz_target,9,4785,0.35714285714285715,0.42857142857142855
fuzz_target,1,4197,0.5,0.5
fuzz_target,8,3665,0.35714285714285715,0.2857142857142857
fuzz_target,11,6516,0.5714285714285714,0.42857142857142855
fuzz_target,12,5529,0.8571428571428571,0.35714285714285715
fuzz_target,3,7748,0.2857142857142857,0.2857142857142857
fuzz_target,7,3210,0.5714285714285714,0.5714285714285714
fuzz_target,8,1397,0.5,0.42857142857142855
fuzz_target,3,1288,0.35714285714285715,0.5714285714285714
fuzz_target,5,2834,0.5,0.5
fuzz_target,9,427,0.5,0.42857142857142855
fuzz_target,11,2638,0.35714285714285715,0.7857142857142857
fuzz_target,11,2371,0.5,0.35714285714285715
fuzz_target,12,6199,0.7142857142857143,0.5
fuzz_target,9,4901,0.35714285714285715,0.5
fuzz_target,8,5031,0.42857142857142855,0.35714285714285715
fuzz_target,12,7410,0.6428571428571429,0.5714285714285714
fuzz_target,13,9396,0.5,0.42857142857142855
fuzz_target,3,2127,0.35714285714285715,0.2857142857142857
fuzz_target,1,1331,0.35714285714285715,0.5
fuzz_target,10,6206,0.5714285714285714,0.2857142857142857
fuzz_target,0,2035,0.5,0.7142857142857143
fuzz_target,2,5784,0.7142857142857143,0.35714285714285715
fuzz_target,1,4433,0.5,0.42857142857142855
fuzz_target,12,6129,0.5,0.35714285714285715
fuzz_target,12,1136,0.5,0.5
fuzz_target,13,1537,0.5714285714285714,0.42857142857142855
fuzz_target,12,7654,0.5,0.35714285714285715
fuzz_target,9,3674,0.5,0.42857142857142855
fuzz_target,9,3582,0.2857142857142857,0.42857142857142855
fuzz_target,2,9523,0.2857142857142857,0.5714285714285714
fuzz_target,1,972,0.7857142857142857,0.5
fuzz_target,1,6029,0.6428571428571429,0.2857142857142857
fuzz_target,3,4851,0.5714285714285714,0.5
fuzz_target,6,4468,0.5714285714285714,0.2857142857142857
fuzz_target,6,726,0.5714285714285714,0.42857142857142855
fuzz_target,4,3014,0.42857142857142855,0.6428571428571429
fuzz_target,5,3630,0.7142857142857143,0.35714285714285715
fuzz_target,8,1322,0.42857142857142855,0.6428571428571429
fuzz_target,13,1516,0.5714285714285714,0.35714285714285715
fuzz_target,0,1198,0.2857142857142857,0.7142857142857143
fuzz_target,9,3242,0.2857142857142857,0.42857142857142855
fuzz_target,4,1235,0.6428571428571429,0.5714285714285714
fuzz_target,3,6869,0.5,0.5
fuzz_target,4,2277,0.5,0.5
fuzz_target,2,9182,0.5714285714285714,0.5
fuzz_target,12,5904,0.5714285714285714,0.5714285714285714
fuzz_target,0,6851,0.42857142857142855,0.5714285714285714
fuzz_target,13,961,0.7142857142857143,0.42857142857142855
fuzz_target,12,1333,0.5,0.5
fuzz_target,7,6776,0.35714285714285715,0.5714285714285714
fuzz_target,8,9138,0.35714285714285715,0.5
fuzz_target,3,2986,0.5714285714285714,0.14285714285714285
fuzz_target,3,3799,0.5,0.5
fuzz_target,5,4579,0.42857142857142855,0.5
fuzz_target,1,2575,0.42857142857142855,0.42857142857142855
fuzz_target,5,1474,0.5714285714285714,0.5
fuzz_target,2,9168,0.5,0.42857142857142855
fuzz_target,8,744,0.35714285714285715,0.5
fuzz_target,13,1276,0.7857142857142857,0.5
fuzz_target,8,4759,0.5,0.21428571428571427
fuzz_target,7,662,0.42857142857142855,0.5714285714285714
fuzz_target,5,1888,0.2857142857142857,0.5714285714285714
fuzz_target,11,5629,0.6428571428571429,0.5
fuzz_target,5,5297,0.42857142857142855,0.14285714285714285
fuzz_target,5,1896,0.35714285714285715,0.5
fuzz_target,2,3038,0.5,0.2857142857142857
fuzz_target,1,4045,0.6428571428571429,0.5
fuzz_target,8,3778,0.5,0.5714285714285714
fuzz_target,11,2909,0.42857142857142855,0.6428571428571429
fuzz_target,2,8388,0.6428571428571429,0.8571428571428571
fuzz_target,12,7568,0.7142857142857143,0.7142857142857143
fuzz_target,2,7637,0.2857142857142857,0.42857142857142855
fuzz_target,4,8353,0.42857142857142855,0.5
fuzz_target,11,2440,0.5,0.42857142857142855
fuzz_target,10,1722,0.5714285714285714,0.5714285714285714
fuzz_target,3,48,0.42857142857142855,0.5
fuzz_target,1,7665,0.7142857142857143,0.5714285714285714
fuzz_target,4,3945,0.5714285714285714,0.2857142857142857
fuzz_target,1,8381,0.42857142857142855,0.5714285714285714
fuzz_target,7,4420,0.35714285714285715,0.42857142857142855
fuzz_target,9,708,0.42857142857142855,0.6428571428571429
fuzz_target,2,6782,0.5714285714285714,0.6428571428571429
fuzz_target,0,8007,0.2857142857142857,0.35714285714285715
fuzz_target,3,6149,0.35714285714285715,0.42857142857142855
fuzz_target,7,8252,0.42857142857142855,0.6428571428571429
fuzz_target,5,626,0.5,0.42857142857142855
fuzz_target,6,3402,0.5,0.7857142857142857
fuzz_target,7,7729,0.42857142857142855,0.5
fuzz_target,12,217,0.5714285714285714,0.5
fuzz_target,10,5470,0.5,0.5
fuzz_target,9,5834,0.35714285714285715,0.35714285714285715
fuzz_target,7,3873,0.42857142857142855,0.5714285714285714
fuzz_target,7,1808,0.5,0.5
fuzz_target,13,8685,0.5714285714285714,0.42857142857142855
fuzz_target,3,2077,0.5714285714285714,0.5714285714285714
fuzz_target,10,3113,0.5714285714285714,0.6428571428571429
fuzz_target,1,5045,0.5,0.42857142857142855
fuzz_target,7,2914,0.5714285714285714,0.35714285714285715
fuzz_target,6,1972,0.5,0.5714285714285714
fuzz_target,5,2255,0.35714285714285715,0.5714285714285714
fuzz_target,10,4485,0.5,0.35714285714285715
fuzz_target,10,7583,0.5,0.6428571428571429
fuzz_target,10,2973,0.5,0.5
fuzz_target,3,5663,0.35714285714285715,0.5714285714285714
fuzz_target,9,6299,0.42857142857142855,0.35714285714285715
fuzz_target,5,1157,0.7142857142857143,0.42857142857142855
fuzz_target,3,2351,0.35714285714285715,0.7142857142857143
fuzz_target,8,631,0.42857142857142855,0.7857142857142857
fuzz_target,2,802,0.5714285714285714,0.6428571428571429
fuzz_target,6,1637,0.5,0.35714285714285715
fuzz_target,5,284,0.5714285714285714,0.5714285714285714
fuzz_target,9,6619,0.42857142857142855,0.5714285714285714
fuzz_target,12,1978,0.7142857142857143,0.2857142857142857
fuzz_target,0,5288,0.42857142857142855,0.42857142857142855
fuzz_target,3,9790,0.35714285714285715,0.35714285714285715
fuzz_target,12,3616,0.5714285714285714,0.5714285714285714
fuzz_target,7,9376,0.42857142857142855,0.5714285714285714
fuzz_target,3,3198,0.35714285714285715,0.5
fuzz_target,1,2414,0.21428571428571427,0.5714285714285714
fuzz_target,1,9315,0.6428571428571429,0.5
fuzz_target,8,6600,0.5,0.35714285714285715
fuzz_target,4,8478,0.6428571428571429,0.42857142857142855
fuzz_target,9,1897,0.5,0.42857142857142855
fuzz_target,5,1986,0.6428571428571429,0.21428571428571427
fuzz_target,2,8983,0.42857142857142855,0.42857142857142855
fuzz_target,6,8996,0.5714285714285714,0.5
fuzz_target,3,1824,0.21428571428571427,0.5
fuzz_target,3,4223,0.6428571428571429,0.35714285714285715
fuzz_target,0,8007,0.2857142857142857,0.35714285714285715
fuzz_target,11,4780,0.7142857142857143,0.7142857142857143
fuzz_target,12,4497,0.42857142857142855,0.5714285714285714
fuzz_target,2,8688,0.42857142857142855,0.2857142857142857
fuzz_target,1,4051,0.35714285714285715,0.42857142857142855
fuzz_target,2,4541,0.2857142857142857,0.5714285714285714
fuzz_target,9,1719,0.5,0.21428571428571427
fuzz_target,2,6797,0.35714285714285715,0.5714285714285714
fuzz_target,3,8591,0.2857142857142857,0.2857142857142857
fuzz_target,7,5382,0.42857142857142855,0.35714285714285715
fuzz_target,2,8894,0.5,0.5714285714285714
fuzz_target,11,4709,0.5714285714285714,0.7142857142857143
fuzz_target,11,1340,0.2857142857142857,0.7142857142857143
fuzz_target,2,9520,0.6428571428571429,0.5
fuzz_target,3,1899,0.42857142857142855,0.42857142857142855
fuzz_target,6,2682,0.2857142857142857,0.5
fuzz_target,2,1020,0.35714285714285715,0.42857142857142855
fuzz_target,4,2865,0.35714285714285715,0.5714285714285714
fuzz_target,2,6601,0.7142857142857143,0.42857142857142855
fuzz_target,5,9910,0.6428571428571429,0.42857142857142855
fuzz_target,8,8344,0.5,0.7142857142857143
fuzz_target,4,9146,0.5,0.5714285714285714
fuzz_target,8,2238,0.35714285714285715,0.2857142857142857
fuzz_target,3,7396,0.42857142857142855,0.7142857142857143
fuzz_target,10,1605,0.7857142857142857,0.7142857142857143
fuzz_target,8,2513,0.7857142857142857,0.42857142857142855
fuzz_target,8,7604,0.5714285714285714,0.5714285714285714
fuzz_target,11,3613,0.5,0.21428571428571427
fuzz_target,0,6167,0.2857142857142857,0.35714285714285715
fuzz_target,7,6288,0.42857142857142855,0.5714285714285714
fuzz_target,8,8722,0.35714285714285715,0.5714285714285714
fuzz_target,11,3810,0.35714285714285715,0.42857142857142855
fuzz_target,12,4231,0.35714285714285715,0.5
fuzz_target,13,9716,0.42857142857142855,0.5714285714285714
fuzz_target,12,4467,0.42857142857142855,0.5
fuzz_target,7,2710,0.6428571428571429,0.5
fuzz_target,1,5117,0.5,0.7857142857142857
fuzz_target,4,586,0.42857142857142855,0.5714285714285714
fuzz_target,0,164,0.6428571428571429,0.5
fuzz_target,3,9130,0.5714285714285714,0.42857142857142855
fuzz_target,0,1885,0.5,0.5714285714285714
fuzz_target,5,8911,0.2857142857142857,0.5714285714285714
fuzz_target,6,243,0.6428571428571429,0.2857142857142857
fuzz_target,6,6639,0.5,0.35714285714285715
fuzz_target,10,4942,0.2857142857142857,0.42857142857142855
fuzz_target,2,1027,0.35714285714285715,0.5
fuzz_target,11,5864,0.7142857142857143,0.42857142857142855
fuzz_target,2,4708,0.21428571428571427,0.42857142857142855
fuzz_target,6,3566,0.42857142857142855,0.5
fuzz_target,9,5480,0.5714285714285714,0.35714285714285715
fuzz_target,2,8994,0.6428571428571429,0.42857142857142855
fuzz_target,5,6724,0.5714285714285714,0.5714285714285714
fuzz_target,0,2953,0.21428571428571427,0.5
fuzz_target,11,5387,0.2857142857142857,0.5
fuzz_target,4,8215,0.6428571428571429,0.35714285714285715
fuzz_target,0,8833,0.6428571428571429,0.5
fuzz_target,3,1356,0.5,0.35714285714285715
fuzz_target,10,4756,0.35714285714285715,0.5
fuzz_target,0,6536,0.6428571428571429,0.5
fuzz_target,11,6961,0.35714285714285715,0.42857142857142855
fuzz_target,4,7529,0.5714285714285714,0.35714285714285715
fuzz_target,6,1673,0.42857142857142855,0.5
fuzz_target,12,7741,0.5,0.6428571428571429
fuzz_target,2,2834,0.5,0.5
fuzz_target,12,3335,0.35714285714285715,0.42857142857142855
fuzz_target,0,6371,0.6428571428571429,0.5
fuzz_target,11,6673,0.35714285714285715,0.6428571428571429
fuzz_target,6,6059,0.2857142857142857,0.21428571428571427
fuzz_target,4,937,0.42857142857142855,0.42857142857142855
fuzz_target,7,9663,0.5,0.7142857142857143
fuzz_target,8,651,0.6428571428571429,0.5714285714285714
fuzz_target,8,4962,0.5714285714285714,0.5
fuzz_target,9,6616,0.2857142857142857,0.2857142857142857
fuzz_target,9,4468,0.5,0.2857142857142857
fuzz_target,1,5350,0.2857142857142857,0.42857142857142855
fuzz_target,0,3985,0.5714285714285714,0.6428571428571429
fuzz_target,8,2521,0.5714285714285714,0.5
fuzz_target,5,6228,0.42857142857142855,0.5
fuzz_target,8,1061,0.5,0.5714285714285714
fuzz_target,12,1086,0.42857142857142855,0.35714285714285715
fuzz_target,11,1225,0.42857142857142855,0.5
fuzz_target,1,333,0.42857142857142855,0.42857142857142855
fuzz_target,7,5208,0.35714285714285715,0.42857142857142855
fuzz_target,4,4845,0.6428571428571429,0.42857142857142855
fuzz_target,9,3735,0.6428571428571429,0.35714285714285715
fuzz_target,10,7055,0.5,0.35714285714285715
fuzz_target,3,1954,0.42857142857142855,0.42857142857142855
fuzz_target,6,443,0.5714285714285714,0.5714285714285714
fuzz_target,7,1792,0.7142857142857143,0.5
fuzz_target,9,6646,0.6428571428571429,0.5
fuzz_target,8,6848,0.35714285714285715,0.6428571428571429
fuzz_target,12,543,0.5714285714285714,0.42857142857142855
fuzz_target,2,6411,0.5714285714285714,0.21428571428571427
fuzz_target,2,7885,0.5714285714285714,0.6428571428571429
fuzz_target,4,1368,0.5,0.42857142857142855
fuzz_target,1,8134,0.42857142857142855,0.5
fuzz_target,1,4423,0.5714285714285714,0.5
fuzz_target,11,5126,0.35714285714285715,0.35714285714285715
fuzz_target,1,640,0.42857142857142855,0.5714285714285714
fuzz_target,11,7043,0.21428571428571427,0.42857142857142855
fuzz_target,9,8077,0.6428571428571429,0.5
fuzz_target,0,6572,0.5,0.5
fuzz_target,0,1668,0.5714285714285714,0.5
fuzz_target,6,3661,0.42857142857142855,0.7142857142857143
fuzz_target,3,4158,0.42857142857142855,0.42857142857142855
fuzz_target,12,5639,0.6428571428571429,0.6428571428571429
fuzz_target,11,7902,0.2857142857142857,0.42857142857142855
fuzz_target,10,2727,0.5714285714285714,0.5714285714285714
fuzz_target,1,5758,0.35714285714285715,0.5714285714285714
fuzz_target,7,3598,0.8571428571428571,0.6428571428571429
fuzz_target,1,1633,0.35714285714285715,0.5
fuzz_target,2,2135,0.42857142857142855,0.6428571428571429
fuzz_target,5,308,0.42857142857142855,0.5714285714285714
fuzz_target,5,2375,0.42857142857142855,0.6428571428571429
fuzz_target,8,5985,0.42857142857142855,0.5714285714285714
fuzz_target,4,6753,0.42857142857142855,0.5
fuzz_target,13,943,0.5714285714285714,0.2857142857142857
fuzz_target,8,5674,0.5714285714285714,0.5714285714285714
fuzz_target,2,8517,0.5,0.21428571428571427
fuzz_target,12,5987,0.5,0.42857142857142855
fuzz_target,4,4364,0.7142857142857143,0.35714285714285715
fuzz_target,4,6918,0.2857142857142857,0.42857142857142855
fuzz_target,0,3354,0.5714285714285714,0.42857142857142855
fuzz_target,1,9617,0.42857142857142855,0.35714285714285715
fuzz_target,8,2896,0.6428571428571429,0.42857142857142855
fuzz_target,4,7517,0.6428571428571429,0.7142857142857143
fuzz_target,1,3305,0.5,0.5
fuzz_target,6,6452,0.5714285714285714,0.42857142857142855
fuzz_target,4,2442,0.2857142857142857,0.21428571428571427
fuzz_target,3,951,0.5,0.5714285714285714
fuzz_target,10,3541,0.35714285714285715,0.35714285714285715
fuzz_target,9,1762,0.42857142857142855,0.35714285714285715
fuzz_target,5,5497,0.5,0.35714285714285715
fuzz_target,7,5321,0.42857142857142855,0.5
fuzz_target,9,835,0.7857142857142857,0.5
fuzz_target,10,4413,0.35714285714285715,0.35714285714285715
fuzz_target,11,1053,0.42857142857142855,0.21428571428571427
fuzz_target,7,2432,0.21428571428571427,0.35714285714285715
fuzz_target,7,8580,0.5,0.42857142857142855
fuzz_target,11,1199,0.5714285714285714,0.7142857142857143
fuzz_target,3,5336,0.5,0.5
fuzz_target,0,7955,0.5714285714285714,0.5
fuzz_target,4,1746,0.5714285714285714,0.5
fuzz_target,2,8123,0.2857142857142857,0.5
fuzz_target,5,8207,0.5,0.5
fuzz_target,11,6384,0.5,0.6428571428571429
fuzz_target,8,7857,0.2857142857142857,0.42857142857142855
fuzz_target,8,2005,0.21428571428571427,0.42857142857142855
fuzz_target,1,5607,0.5,0.42857142857142855
fuzz_target,0,8441,0.5,0.42857142857142855
fuzz_target,3,5149,0.35714285714285715,0.21428571428571427
fuzz_target,6,2849,0.35714285714285715,0.7142857142857143
fuzz_target,1,3341,0.42857142857142855,0.5714285714285714
fuzz_target,10,990,0.42857142857142855,0.6428571428571429
fuzz_target,8,900,0.5,0.35714285714285715
fuzz_target,3,3213,0.35714285714285715,0.5714285714285714
fuzz_target,1,4770,0.6428571428571429,0.42857142857142855
fuzz_target,5,3010,0.2857142857142857,0.5
fuzz_target,4,3132,0.35714285714285715,0.42857142857142855
fuzz_target,0,2373,0.14285714285714285,0.7142857142857143
fuzz_target,11,2989,0.42857142857142855,0.35714285714285715
fuzz_target,11,4583,0.5714285714285714,0.8571428571428571
fuzz_target,11,75,0.5,0.7142857142857143
fuzz_target,10,450,0.6428571428571429,0.21428571428571427
fuzz_target,10,9612,0.42857142857142855,0.2857142857142857
fuzz_target,9,5392,0.5714285714285714,0.5714285714285714
fuzz_target,0,1108,0.5,0.35714285714285715
fuzz_target,9,3468,0.6428571428571429,0.6428571428571429
fuzz_target,1,7622,0.5,0.7142857142857143
fuzz_target,4,1137,0.5714285714285714,0.6428571428571429
fuzz_target,8,4201,0.7142857142857143,0.5714285714285714
fuzz_target,6,7830,0.35714285714285715,0.5
fuzz_target,5,1131,0.5714285714285714,0.42857142857142855
fuzz_target,1,6719,0.35714285714285715,0.5714285714285714
fuzz_target,9,2073,0.21428571428571427,0.35714285714285715
fuzz_target,5,5147,0.5714285714285714,0.6428571428571429
fuzz_target,6,8532,0.5714285714285714,0.42857142857142855
fuzz_target,3,7720,0.5,0.6428571428571429
fuzz_target,3,5787,0.6428571428571429,0.42857142857142855
fuzz_target,4,5918,0.5,0.5714285714285714
fuzz_target,6,6109,0.5714285714285714,0.6428571428571429
fuzz_target,0,5487,0.35714285714285715,0.5
fuzz_target,10,9647,0.42857142857142855,0.5
fuzz_target,12,5778,0.42857142857142855,0.42857142857142855
fuzz_target,9,7953,0.42857142857142855,0.5
fuzz_target,9,2384,0.2857142857142857,0.35714285714285715
fuzz_target,2,2042,0.5714285714285714,0.5
fuzz_target,11,4802,0.42857142857142855,0.6428571428571429
fuzz_target,7,187,0.5,0.35714285714285715
fuzz_target,0,7887,0.2857142857142857,0.35714285714285715
fuzz_target,4,7492,0.7142857142857143,0.35714285714285715
fuzz_target,8,9044,0.2857142857142857,0.5
fuzz_target,12,3956,0.5714285714285714,0.6428571428571429
fuzz_target,9,3489,0.5,0.6428571428571429
fuzz_target,10,464,0.8571428571428571,0.35714285714285715
fuzz_target,8,2192,0.35714285714285715,0.42857142857142855
fuzz_target,0,8376,0.42857142857142855,0.5
fuzz_target,6,7415,0.35714285714285715,0.5
fuzz_target,8,6667,0.35714285714285715,0.5
fuzz_target,4,5861,0.35714285714285715,0.6428571428571429
fuzz_target,5,686,0.35714285714285715,0.42857142857142855
fuzz_target,10,5288,0.5,0.42857142857142855
fuzz_target,1,2423,0.5,0.7857142857142857
fuzz_target,1,4574,0.5,0.5
fuzz_target,8,1627,0.6428571428571429,0.35714285714285715
fuzz_target,12,2242,0.5714285714285714,0.42857142857142855
fuzz_target,3,4163,0.5,0.6428571428571429
fuzz_target,9,8545,0.5714285714285714,0.5
fuzz_target,2,8905,0.5,0.2857142857142857
fuzz_target,2,7899,0.7142857142857143,0.6428571428571429
fuzz_target,2,8215,0.42857142857142855,0.35714285714285715
fuzz_target,5,3843,0.7142857142857143,0.5
fuzz_target,11,6084,0.42857142857142855,0.2857142857142857
fuzz_target,7,4099,0.42857142857142855,0.42857142857142855
fuzz_target,1,9583,0.42857142857142855,0.6428571428571429
fuzz_target,1,7339,0.42857142857142855,0.42857142857142855
fuzz_target,4,2154,0.2857142857142857,0.6428571428571429
fuzz_target,6,5303,0.6428571428571429,0.5
fuzz_target,1,4466,0.35714285714285715,0.2857142857142857
fuzz_target,9,8107,0.42857142857142855,0.5
fuzz_target,4,2777,0.5714285714285714,0.21428571428571427
fuzz_target,8,2909,0.14285714285714285,0.6428571428571429
fuzz_target,1,2539,0.6428571428571429,0.5
fuzz_target,0,6837,0.42857142857142855,0.5
fuzz_target,4,1491,0.35714285714285715,0.7142857142857143
fuzz_target,4,807,0.6428571428571429,0.42857142857142855
fuzz_target,3,3673,0.5714285714285714,0.5
fuzz_target,10,1513,0.5,0.42857142857142855
fuzz_target,3,7377,0.42857142857142855,0.5714285714285714
fuzz_target,0,5867,0.42857142857142855,0.2857142857142857
fuzz_target,7,3961,0.42857142857142855,0.5714285714285714
fuzz_target,1,8732,0.5714285714285714,0.2857142857142857
fuzz_target,4,8291,0.2857142857142857,0.5714285714285714
fuzz_target,10,5294,0.42857142857142855,0.6428571428571429
fuzz_target,1,1321,0.42857142857142855,0.42857142857142855
fuzz_target,12,6510,0.5,0.42857142857142855
fuzz_target,3,5540,0.35714285714285715,0.35714285714285715
fuzz_target,3,7682,0.35714285714285715,0.21428571428571427
fuzz_target,6,1860,0.21428571428571427,0.5714285714285714
fuzz_target,12,3344,0.21428571428571427,0.7857142857142857
fuzz_target,4,9686,0.6428571428571429,0.5
fuzz_target,11,5391,0.5714285714285714,0.7142857142857143
fuzz_target,3,3937,0.5,0.42857142857142855
fuzz_target,7,8360,0.35714285714285715,0.35714285714285715
fuzz_target,2,980,0.5714285714285714,0.5714285714285714
fuzz_target,11,304,0.5,0.5714285714285714
fuzz_target,12,2741,0.35714285714285715,0.2857142857142857
fuzz_target,8,5659,0.5,0.5
fuzz_target,2,5344,0.6428571428571429,0.35714285714285715
fuzz_target,9,3022,0.5,0.42857142857142855
fuzz_target,6,9472,0.2857142857142857,0.5
fuzz_target,1,41,0.42857142857142855,0.5714285714285714
fuzz_target,7,6284,0.42857142857142855,0.2857142857142857
fuzz_target,11,2510,0.5,0.5
fuzz_target,0,6643,0.42857142857142855,0.35714285714285715
fuzz_target,3,2713,0.7857142857142857,0.35714285714285715
fuzz_target,11,173,0.5,0.14285714285714285
fuzz_target,3,9468,0.35714285714285715,0.35714285714285715
fuzz_target,0,9819,0.6428571428571429,0.5714285714285714
fuzz_target,11,1667,0.6428571428571429,0.5714285714285714
fuzz_target,9,8987,0.7142857142857143,0.5
fuzz_target,13,8573,0.5,0.35714285714285715
fuzz_target,10,5725,0.5714285714285714,0.8571428571428571
fuzz_target,9,1379,0.35714285714285715,0.6428571428571429
fuzz_target,7,1044,0.7142857142857143,0.35714285714285715
fuzz_target,6,3044,0.5,0.5
fuzz_target,0,6838,0.5714285714285714,0.35714285714285715
fuzz_target,5,5733,0.42857142857142855,0.2857142857142857
fuzz_target,2,6462,0.35714285714285715,0.5
fuzz_target,9,7038,0.42857142857142855,0.2857142857142857
fuzz_target,5,8897,0.35714285714285715,0.21428571428571427
fuzz_target,2,1007,0.2857142857142857,0.42857142857142855
fuzz_target,2,8987,0.7857142857142857,0.5
fuzz_target,1,751,0.42857142857142855,0.5
fuzz_target,4,7498,0.21428571428571427,0.6428571428571429
fuzz_target,11,6817,0.42857142857142855,0.35714285714285715
fuzz_target,3,5958,0.35714285714285715,0.35714285714285715
fuzz_target,9,3451,0.42857142857142855,0.35714285714285715
fuzz_target,3,7795,0.42857142857142855,0.42857142857142855
fuzz_target,12,3811,0.5,0.21428571428571427
fuzz_target,5,2813,0.6428571428571429,0.42857142857142855
fuzz_target,4,5203,0.5714285714285714,0.5
fuzz_target,4,2184,0.5714285714285714,0.42857142857142855
fuzz_target,12,7439,0.35714285714285715,0.6428571428571429
fuzz_target,10,6794,0.42857142857142855,0.5
fuzz_target,6,555,0.35714285714285715,0.5
fuzz_target,7,9340,0.5,0.35714285714285715
fuzz_target,11,603,0.35714285714285715,0.5
fuzz_target,12,4253,0.5,0.2857142857142857
fuzz_target,2,8296,0.35714285714285715,0.5
fuzz_target,4,3009,0.6428571428571429,0.35714285714285715
fuzz_target,4,2205,0.5,0.42857142857142855
fuzz_target,3,2971,0.5,0.35714285714285715
fuzz_target,13,9898,0.42857142857142855,0.42857142857142855
fuzz_target,1,5007,0.2857142857142857,0.5
fuzz_target,6,2460,0.5714285714285714,0.5714285714285714
fuzz_target,8,2626,0.6428571428571429,0.6428571428571429
fuzz_target,10,6220,0.2857142857142857,0.6428571428571429
fuzz_target,1,5364,0.42857142857142855,0.5
fuzz_target,8,8634,0.35714285714285715,0.35714285714285715
fuzz_target,9,8270,0.5,0.07142857142857142
fuzz_target,4,6072,0.42857142857142855,0.5
fuzz_target,4,4361,0.5714285714285714,0.35714285714285715
fuzz_target,5,3519,0.42857142857142855,0.5714285714285714
fuzz_target,1,6356,0.2857142857142857,0.2857142857142857
fuzz_target,4,5372,0.5714285714285714,0.5714285714285714
fuzz_target,7,6224,0.5714285714285714,0.35714285714285715
fuzz_target,0,8623,0.6428571428571429,0.42857142857142855
fuzz_target,1,3186,0.42857142857142855,0.2857142857142857
fuzz_target,3,5904,0.7142857142857143,0.5714285714285714
fuzz_target,13,8615,0.7142857142857143,0.5
fuzz_target,9,8842,0.7142857142857143,0.35714285714285715
fuzz_target,3,9598,0.6428571428571429,0.2857142857142857
fuzz_target,7,1634,0.5714285714285714,0.42857142857142855
fuzz_target,11,7794,0.35714285714285715,0.5714285714285714
fuzz_target,7,1547,0.35714285714285715,0.42857142857142855
fuzz_target,0,7911,0.7142857142857143,0.42857142857142855
fuzz_target,10,8123,0.5,0.5
fuzz_target,5,4508,0.42857142857142855,0.7142857142857143
fuzz_target,8,9629,0.35714285714285715,0.42857142857142855
fuzz_target,5,3221,0.42857142857142855,0.6428571428571429
fuzz_target,11,6079,0.42857142857142855,0.2857142857142857
fuzz_target,10,8617,0.42857142857142855,0.5714285714285714
fuzz_target,3,76,0.42857142857142855,0.6428571428571429
fuzz_target,0,9290,0.6428571428571429,0.5
fuzz_target,3,7178,0.5714285714285714,0.5714285714285714
fuzz_target,10,7072,0.42857142857142855,0.35714285714285715
fuzz_target,4,1302,0.7142857142857143,0.42857142857142855
fuzz_target,11,5113,0.5714285714285714,0.42857142857142855
fuzz_target,9,7786,0.5,0.5714285714285714
fuzz_target,1,6310,0.5,0.42857142857142855
fuzz_target,6,6298,0.6428571428571429,0.5
fuzz_target,3,2672,0.5,0.42857142857142855
fuzz_target,11,4570,0.42857142857142855,0.21428571428571427
fuzz_target,2,1977,0.35714285714285715,0.14285714285714285
fuzz_target,0,6893,0.5,0.5
fuzz_target,10,4701,0.5714285714285714,0.5
fuzz_target,3,408,0.5714285714285714,0.14285714285714285
fuzz_target,9,6673,0.42857142857142855,0.6428571428571429
fuzz_target,2,161,0.42857142857142855,0.42857142857142855
fuzz_target,11,597,0.42857142857142855,0.35714285714285715
fuzz_target,9,1494,0.21428571428571427,0.42857142857142855
fuzz_target,0,8169,0.35714285714285715,0.5
fuzz_target,10,6275,0.7142857142857143,0.42857142857142855
fuzz_target,8,740,0.5,0.5
fuzz_target,7,7673,0.2857142857142857,0.42857142857142855
fuzz_target,8,7478,0.35714285714285715,0.35714285714285715
fuzz_target,9,6155,0.5714285714285714,0.2857142857142857
fuzz_target,4,3460,0.35714285714285715,0.5
fuzz_target,5,4537,0.6428571428571429,0.5
fuzz_target,6,1465,0.5714285714285714,0.5
fuzz_target,0,54,0.42857142857142855,0.42857142857142855
fuzz_target,11,4504,0.6428571428571429,0.42857142857142855
fuzz_target,2,9135,0.42857142857142855,0.5
fuzz_target,5,2861,0.42857142857142855,0.6428571428571429
fuzz_target,2,54,0.35714285714285715,0.42857142857142855
fuzz_target,7,96,0.5,0.42857142857142855
fuzz_target,12,4335,0.35714285714285715,0.5714285714285714
fuzz_target,7,4706,0.5,0.6428571428571429
fuzz_target,9,3367,0.5,0.21428571428571427
fuzz_target,10,5132,0.5,0.2857142857142857
fuzz_target,13,8371,0.6428571428571429,0.5714285714285714
fuzz_target,6,4554,0.5,0.42857142857142855
fuzz_target,13,1455,0.5,0.35714285714285715
fuzz_target,8,6791,0.5714285714285714,0.2857142857142857
fuzz_target,3,4880,0.42857142857142855,0.35714285714285715
fuzz_target,0,6682,0.21428571428571427,0.5
fuzz_target,11,3008,0.42857142857142855,0.5714285714285714
fuzz_target,3,9892,0.35714285714285715,0.5714285714285714
fuzz_target,5,1766,0.5,0.14285714285714285
fuzz_target,1,7838,0.5714285714285714,0.35714285714285715
fuzz_target,5,9510,0.6428571428571429,0.5
fuzz_target,8,2055,0.8571428571428571,0.5
fuzz_target,0,3199,0.14285714285714285,0.35714285714285715
fuzz_target,0,7445,0.5,0.5714285714285714
fuzz_target,2,3496,0.5,0.42857142857142855
fuzz_target,5,2754,0.5,0.5714285714285714
fuzz_target,6,6389,0.7142857142857143,0.5
fuzz_target,2,1012,0.2857142857142857,0.5
fuzz_target,2,9667,0.6428571428571429,0.5714285714285714
fuzz_target,11,5013,0.35714285714285715,0.5
fuzz_target,11,41,0.5714285714285714,0.5714285714285714
fuzz_target,2,3001,0.2857142857142857,0.42857142857142855
fuzz_target,11,3233,0.5714285714285714,0.42857142857142855
fuzz_target,3,7156,0.42857142857142855,0.5
fuzz_target,9,1542,0.42857142857142855,0.5714285714285714
fuzz_target,4,6344,0.5714285714285714,0.42857142857142855
fuzz_target,8,9599,0.5714285714285714,0.6428571428571429
fuzz_target,1,9352,0.35714285714285715,0.5
fuzz_target,11,1942,0.5,0.35714285714285715
fuzz_target,11,286,0.42857142857142855,0.5714285714285714
fuzz_target,8,1414,0.5,0.5
fuzz_target,2,9834,0.42857142857142855,0.42857142857142855
fuzz_target,3,7020,0.42857142857142855,0.5
fuzz_target,3,6668,0.5,0.21428571428571427
fuzz_target,8,3595,0.35714285714285715,0.42857142857142855
fuzz_target,10,1167,0.5,0.5
fuzz_target,10,2880,0.2857142857142857,0.35714285714285715
fuzz_target,10,6048,0.5714285714285714,0.2857142857142857
fuzz_target,4,8025,0.42857142857142855,0.5714285714285714
fuzz_target,2,6642,0.42857142857142855,0.7142857142857143
fuzz_target,2,7518,0.35714285714285715,0.5714285714285714
fuzz_target,11,4315,0.5,0.7142857142857143
fuzz_target,9,20,0.6428571428571429,0.42857142857142855
fuzz_target,9,5918,0.35714285714285715,0.5714285714285714
fuzz_target,3,501,0.7142857142857143,0.35714285714285715
fuzz_target,11,4338,0.35714285714285715,0.6428571428571429
fuzz_target,2,8104,0.6428571428571429,0.5714285714285714
fuzz_target,11,7243,0.5714285714285714,0.2857142857142857
fuzz_target,9,5847,0.42857142857142855,0.42857142857142855
fuzz_target,12,2969,0.5,0.5714285714285714
fuzz_target,7,5843,0.5,0.6428571428571429
fuzz_target,10,8067,0.42857142857142855,0.5
fuzz_target,4,9812,0.5714285714285714,0.6428571428571429
fuzz_target,10,9345,0.5,0.5
fuzz_target,2,856,0.35714285714285715,0.5714285714285714
fuzz_target,0,5939,0.5,0.5714285714285714
fuzz_target,12,3483,0.6428571428571429,0.35714285714285715
fuzz_target,2,7875,0.42857142857142855,0.42857142857142855
fuzz_target,10,7740,0.42857142857142855,0.5
fuzz_target,6,3932,0.5,0.5
fuzz_target,1,647,0.5714285714285714,0.35714285714285715
fuzz_target,13,8845,0.2857142857142857,0.5
fuzz_target,8,6557,0.5,0.6428571428571429
fuzz_target,12,8079,0.2857142857142857,0.7142857142857143
fuzz_target,11,1722,0.6428571428571429,0.5714285714285714
fuzz_target,9,5700,0.5,0.7857142857142857
fuzz_target,12,1094,0.6428571428571429,0.42857142857142855
fuzz_target,7,4823,0.5714285714285714,0.5
fuzz_target,2,9687,0.5,0.5
fuzz_target,8,1658,0.35714285714285715,0.5714285714285714
fuzz_target,1,8577,0.42857142857142855,0.6428571428571429
fuzz_target,10,8402,0.5,0.42857142857142855
fuzz_target,3,7259,0.5,0.5
fuzz_target,3,1991,0.35714285714285715,0.5714285714285714
fuzz_target,0,4739,0.6428571428571429,0.42857142857142855
fuzz_target,6,4992,0.7142857142857143,0.35714285714285715
fuzz_target,0,2258,0.6428571428571429,0.5
fuzz_target,0,505,0.5,0.5714285714285714
fuzz_target,12,161,0.2857142857142857,0.42857142857142855
fuzz_target,10,656,0.35714285714285715,0.5714285714285714
fuzz_target,2,1712,0.42857142857142855,0.6428571428571429
fuzz_target,0,7164,0.5714285714285714,0.5
fuzz_target,8,3885,0.5714285714285714,0.42857142857142855
fuzz_target,13,1662,0.5714285714285714,0.35714285714285715
fuzz_target,5,3090,0.35714285714285715,0.5
fuzz_target,3,1063,0.2857142857142857,0.5
fuzz_target,3,1344,0.42857142857142855,0.5
fuzz_target,0,1789,0.42857142857142855,0.2857142857142857
fuzz_target,10,2550,0.21428571428571427,0.7857142857142857
fuzz_target,5,6490,0.35714285714285715,0.5714285714285714
fuzz_target,0,6530,0.42857142857142855,0.42857142857142855
fuzz_target,10,2910,0.35714285714285715,0.5714285714285714
fuzz_target,3,6778,0.2857142857142857,0.5
fuzz_target,10,2351,0.5,0.7142857142857143
fuzz_target,9,5425,0.5714285714285714,0.35714285714285715
fuzz_target,13,9009,0.42857142857142855,0.42857142857142855
fuzz_target,5,5785,0.2857142857142857,0.7857142857142857
fuzz_target,7,97,0.7142857142857143,0.5
fuzz_target,2,4726,0.5,0.42857142857142855
fuzz_target,7,2802,0.42857142857142855,0.35714285714285715
fuzz_target,11,2210,0.2857142857142857,0.5714285714285714
fuzz_target,0,1412,0.5714285714285714,0.42857142857142855
fuzz_target,2,2195,0.5714285714285714,0.42857142857142855
fuzz_target,12,2576,0.42857142857142855,0.5714285714285714
fuzz_target,8,3413,0.5,0.42857142857142855
fuzz_target,11,8052,0.5,0.6428571428571429
fuzz_target,2,1348,0.5,0.5
fuzz_target,4,3778,0.5714285714285714,0.5714285714285714
fuzz_target,2,2707,0.35714285714285715,0.5714285714285714
fuzz_target,0,2413,0.5,0.6428571428571429
fuzz_target,8,7379,0.5714285714285714,0.6428571428571429
fuzz_target,2,9874,0.5714285714285714,0.2857142857142857
fuzz_target,2,6211,0.6428571428571429,0.35714285714285715
fuzz_target,6,6034,0.42857142857142855,0.42857142857142855
fuzz_target,0,631,0.5714285714285714,0.7857142857142857
fuzz_target,2,9341,0.2857142857142857,0.8571428571428571
fuzz_target,5,3611,0.42857142857142855,0.5714285714285714
fuzz_target,2,2742,0.5,0.5714285714285714
fuzz_target,9,226,0.42857142857142855,0.42857142857142855
fuzz_target,10,7503,0.7142857142857143,0.2857142857142857
fuzz_target,0,3426,0.42857142857142855,0.5714285714285714
fuzz_target,5,8035,0.8571428571428571,0.42857142857142855
fuzz_target,3,6861,0.5,0.6428571428571429
fuzz_target,4,9143,0.5,0.7142857142857143
fuzz_target,0,1460,0.5,0.5
fuzz_target,11,586,0.2857142857142857,0.5714285714285714
fuzz_target,8,9105,0.2857142857142857,0.2857142857142857
fuzz_target,9,2561,0.35714285714285715,0.5
fuzz_target,10,5405,0.5714285714285714,0.6428571428571429
fuzz_target,1,9159,0.7142857142857143,0.5714285714285714
fuzz_target,0,8748,0.5,0.5
fuzz_target,0,8786,0.6428571428571429,0.5714285714285714
fuzz_target,0,816,0.6428571428571429,0.42857142857142855
fuzz_target,12,7964,0.42857142857142855,0.5714285714285714
fuzz_target,2,5953,0.42857142857142855,0.5
fuzz_target,5,5417,0.21428571428571427,0.7142857142857143
fuzz_target,3,1419,0.35714285714285715,0.6428571428571429
fuzz_target,0,3200,0.35714285714285715,0.42857142857142855
fuzz_target,5,5979,0.07142857142857142,0.21428571428571427
fuzz_target,8,6215,0.6428571428571429,0.5
fuzz_target,12,7643,0.5714285714285714,0.6428571428571429
fuzz_target,0,7870,0.5,0.5
fuzz_target,0,9152,0.7142857142857143,0.6428571428571429
fuzz_target,13,1201,0.5,0.42857142857142855
fuzz_target,12,5990,0.5,0.5
fuzz_target,4,3151,0.2857142857142857,0.2857142857142857
fuzz_target,10,1711,0.5714285714285714,0.6428571428571429
fuzz_target,6,924,0.5,0.7857142857142857
fuzz_target,2,670,0.5,0.5714285714285714
fuzz_target,8,2244,0.6428571428571429,0.5
fuzz_target,8,7002,0.5,0.5714285714285714
fuzz_target,0,8041,0.35714285714285715,0.5714285714285714
fuzz_target,0,931,0.5,0.7142857142857143
fuzz_target,1,869,0.35714285714285715,0.42857142857142855
fuzz_target,12,6659,0.5714285714285714,0.21428571428571427
fuzz_target,6,6852,0.5,0.42857142857142855
fuzz_target,13,464,0.42857142857142855,0.35714285714285715
fuzz_target,4,1533,0.35714285714285715,0.35714285714285715
fuzz_target,11,4677,0.2857142857142857,0.5
fuzz_target,5,4999,0.5714285714285714,0.6428571428571429
fuzz_target,9,3866,0.5714285714285714,0.35714285714285715
fuzz_target,5,2704,0.42857142857142855,0.5714285714285714
fuzz_target,2,5082,0.42857142857142855,0.7857142857142857
fuzz_target,7,7247,0.5714285714285714,0.5
fuzz_target,12,3320,0.6428571428571429,0.5
fuzz_target,3,7681,0.5,0.35714285714285715
fuzz_target,10,3274,0.5,0.5
fuzz_target,4,7202,0.5,0.35714285714285715
fuzz_target,2,6872,0.5714285714285714,0.42857142857142855
fuzz_target,6,2766,0.42857142857142855,0.35714285714285715
fuzz_target,1,5451,0.2857142857142857,0.35714285714285715
fuzz_target,1,7932,0.5,0.42857142857142855
fuzz_target,7,3916,0.5,0.21428571428571427
fuzz_target,3,3800,0.7142857142857143,0.5714285714285714
fuzz_target,10,9323,0.5,0.5
fuzz_target,7,3432,0.6428571428571429,0.5714285714285714
fuzz_target,7,3370,0.42857142857142855,0.35714285714285715
fuzz_target,3,3543,0.42857142857142855,0.21428571428571427
fuzz_target,12,4949,0.5714285714285714,0.14285714285714285
fuzz_target,2,4871,0.5714285714285714,0.42857142857142855
fuzz_target,4,2790,0.35714285714285715,0.5
fuzz_target,10,1376,0.35714285714285715,0.5714285714285714
fuzz_target,10,1163,0.5,0.5
fuzz_target,4,9745,0.6428571428571429,0.2857142857142857
fuzz_target,4,7656,0.14285714285714285,0.6428571428571429
fuzz_target,11,5623,0.2857142857142857,0.7857142857142857
fuzz_target,3,4424,0.6428571428571429,0.35714285714285715
fuzz_target,2,6802,0.42857142857142855,0.42857142857142855
fuzz_target,8,4144,0.42857142857142855,0.35714285714285715
fuzz_target,9,6609,0.42857142857142855,0.2857142857142857
fuzz_target,4,1962,0.21428571428571427,0.5
fuzz_target,3,4354,0.42857142857142855,0.5714285714285714
fuzz_target,10,7741,0.14285714285714285,0.6428571428571429
fuzz_target,2,5901,0.2857142857142857,0.42857142857142855
fuzz_target,11,5776,0.2857142857142857,0.5
fuzz_target,10,6672,0.2857142857142857,0.35714285714285715
fuzz_target,11,561,0.42857142857142855,0.6428571428571429
fuzz_target,7,115,0.42857142857142855,0.5714285714285714
fuzz_target,6,5174,0.5,0.42857142857142855
fuzz_target,6,3391,0.5714285714285714,0.5
fuzz_target,2,6157,0.5,0.42857142857142855
fuzz_target,9,3673,0.6428571428571429,0.5
fuzz_target,2,9464,0.6428571428571429,0.2857142857142857
fuzz_target,5,6850,0.2857142857142857,0.5
fuzz_target,2,2149,0.42857142857142855,0.42857142857142855
fuzz_target,5,4530,0.5714285714285714,0.5
fuzz_target,9,7609,0.5714285714285714,0.21428571428571427
fuzz_target,0,1240,0.35714285714285715,0.7142857142857143
fuzz_target,12,2013,0.5714285714285714,0.5
fuzz_target,7,2867,0.5,0.5714285714285714
fuzz_target,5,5843,0.42857142857142855,0.6428571428571429
fuzz_target,5,2996,0.42857142857142855,0.42857142857142855
fuzz_target,12,5611,0.35714285714285715,0.42857142857142855
fuzz_target,4,5266,0.5714285714285714,0.5714285714285714
fuzz_target,7,375,0.5714285714285714,0.5
fuzz_target,4,3151,0.2857142857142857,0.2857142857142857
fuzz_target,1,3253,0.6428571428571429,0.6428571428571429
fuzz_target,12,4581,0.42857142857142855,0.5714285714285714
fuzz_target,1,5959,0.6428571428571429,0.5
fuzz_target,7,6074,0.35714285714285715,0.5
fuzz_target,2,9356,0.5,0.5
fuzz_target,2,1098,0.2857142857142857,0.42857142857142855
fuzz_target,5,2159,0.35714285714285715,0.14285714285714285
fuzz_target,6,2079,0.35714285714285715,0.5
fuzz_target,3,50,0.5,0.42857142857142855
fuzz_target,9,1292,0.35714285714285715,0.7142857142857143
fuzz_target,10,7972,0.2857142857142857,0.5
fuzz_target,3,982,0.6428571428571429,0.42857142857142855
fuzz_target,10,7227,0.42857142857142855,0.35714285714285715
fuzz_target,10,1007,0.35714285714285715,0.42857142857142855
fuzz_target,6,827,0.2857142857142857,0.42857142857142855
fuzz_target,3,5672,0.35714285714285715,0.5714285714285714
fuzz_target,13,9626,0.42857142857142855,0.2857142857142857
fuzz_target,7,454,0.5714285714285714,0.35714285714285715
fuzz_target,11,5460,0.5714285714285714,0.7142857142857143
fuzz_target,0,8552,0.2857142857142857,0.35714285714285715
fuzz_target,2,2355,0.5714285714285714,0.5
fuzz_target,6,466,0.6428571428571429,0.2857142857142857
fuzz_target,0,1393,0.2857142857142857,0.5714285714285714
fuzz_target,3,346,0.42857142857142855,0.5714285714285714
fuzz_target,9,5204,0.35714285714285715,0.5
fuzz_target,3,8143,0.35714285714285715,0.42857142857142855
fuzz_target,2,9139,0.7142857142857143,0.6428571428571429
fuzz_target,9,8713,0.35714285714285715,0.42857142857142855
fuzz_target,8,7060,0.2857142857142857,0.5714285714285714
fuzz_target,7,5186,0.5,0.35714285714285715
fuzz_target,13,8717,0.6428571428571429,0.42857142857142855
fuzz_target,4,4624,0.5,0.5
fuzz_target,9,3971,0.42857142857142855,0.5
fuzz_target,12,7040,0.42857142857142855,0.5
fuzz_target,9,8214,0.35714285714285715,0.6428571428571429
fuzz_target,5,3715,0.21428571428571427,0.5714285714285714
fuzz_target,7,4376,0.5,0.35714285714285715
fuzz_target,4,9731,0.5714285714285714,0.21428571428571427
fuzz_target,6,2447,0.42857142857142855,0.42857142857142855
fuzz_target,5,3793,0.35714285714285715,0.42857142857142855
fuzz_target,7,9477,0.7142857142857143,0.35714285714285715
fuzz_target,12,6674,0.6428571428571429,0.5
fuzz_target,3,1593,0.35714285714285715,0.42857142857142855
fuzz_target,1,4271,0.5,0.5
fuzz_target,0,790,0.42857142857142855,0.5
fuzz_target,8,7366,0.5,0.6428571428571429
fuzz_target,13,8902,0.5,0.5
fuzz_target,7,3203,0.6428571428571429,0.6428571428571429
fuzz_target,3,9252,0.5714285714285714,0.7142857142857143
fuzz_target,12,1979,0.42857142857142855,0.35714285714285715
fuzz_target,4,9308,0.35714285714285715,0.2857142857142857
fuzz_target,2,737,0.35714285714285715,0.2857142857142857
fuzz_target,2,5537,0.35714285714285715,0.5714285714285714
fuzz_target,4,2735,0.5714285714285714,0.5
fuzz_target,9,3235,0.35714285714285715,0.5714285714285714
fuzz_target,7,3809,0.42857142857142855,0.5714285714285714
fuzz_target,8,3790,0.5,0.5
fuzz_target,5,7634,0.42857142857142855,0.5714285714285714
fuzz_target,7,7540,0.7142857142857143,0.35714285714285715
fuzz_target,7,4942,0.35714285714285715,0.42857142857142855
fuzz_target,7,9484,0.35714285714285715,0.35714285714285715
fuzz_target,0,4501,0.2857142857142857,0.42857142857142855
fuzz_target,1,664,0.7142857142857143,0.42857142857142855
fuzz_target,10,1830,0.5714285714285714,0.7857142857142857
fuzz_target,1,1915,0.7142857142857143,0.35714285714285715
fuzz_target,12,4225,0.7142857142857143,0.21428571428571427
fuzz_target,8,4825,0.6428571428571429,0.5
fuzz_target,8,3316,0.6428571428571429,0.35714285714285715
fuzz_target,8,1682,0.5,0.42857142857142855
fuzz_target,0,4778,0.5714285714285714,0.21428571428571427
fuzz_target,0,9702,0.42857142857142855,0.5714285714285714
fuzz_target,3,6949,0.35714285714285715,0.6428571428571429
fuzz_target,10,3123,0.2857142857142857,0.7142857142857143
fuzz_target,0,2028,0.6428571428571429,0.5
fuzz_target,12,2707,0.14285714285714285,0.5714285714285714
fuzz_target,4,7603,0.42857142857142855,0.35714285714285715
fuzz_target,8,3743,0.35714285714285715,0.42857142857142855
fuzz_target,8,2597,0.5,0.6428571428571429
fuzz_target,10,2411,0.5714285714285714,0.5
fuzz_target,2,567,0.5,0.5
fuzz_target,11,947,0.35714285714285715,0.5714285714285714
fuzz_target,9,8768,0.7142857142857143,0.5
fuzz_target,10,9380,0.2857142857142857,0.5
fuzz_target,0,2653,0.21428571428571427,0.2857142857142857
fuzz_target,3,5071,0.5,0.21428571428571427
fuzz_target,3,9393,0.5714285714285714,0.5
fuzz_target,3,5451,0.6428571428571429,0.35714285714285715
fuzz_target,11,3880,0.42857142857142855,0.2857142857142857
fuzz_target,8,476,0.2857142857142857,0.35714285714285715
fuzz_target,8,8471,0.5,0.35714285714285715
fuzz_target,6,9529,0.6428571428571429,0.7142857142857143
fuzz_target,4,5164,0.5,0.35714285714285715
fuzz_target,3,4066,0.6428571428571429,0.5
fuzz_target,2,125,0.2857142857142857,0.5
fuzz_target,8,1945,0.42857142857142855,0.42857142857142855
fuzz_target,9,7772,0.42857142857142855,0.5714285714285714
fuzz_target,13,693,0.2857142857142857,0.35714285714285715
fuzz_target,7,6180,0.6428571428571429,0.2857142857142857
fuzz_target,4,3626,0.42857142857142855,0.35714285714285715
fuzz_target,6,5858,0.2857142857142857,0.42857142857142855
fuzz_target,1,8184,0.2857142857142857,0.5714285714285714
fuzz_target,2,7423,0.35714285714285715,0.35714285714285715
fuzz_target,7,7817,0.5714285714285714,0.42857142857142855
fuzz_target,8,8300,0.5714285714285714,0.5
fuzz_target,10,9646,0.7142857142857143,0.6428571428571429
fuzz_target,3,1708,0.21428571428571427,0.2857142857142857
fuzz_target,8,7283,0.42857142857142855,0.5714285714285714
fuzz_target,0,4072,0.42857142857142855,0.5714285714285714
fuzz_target,12,1616,0.5714285714285714,0.5714285714285714
fuzz_target,3,3536,0.42857142857142855,0.5714285714285714
fuzz_target,2,4990,0.6428571428571429,0.5
fuzz_target,9,8701,0.35714285714285715,0.2857142857142857
fuzz_target,0,5762,0.5,0.5
fuzz_target,6,7584,0.5714285714285714,0.5
fuzz_target,5,1802,0.5,0.7857142857142857
fuzz_target,1,2048,0.5,0.5
fuzz_target,6,8330,0.5714285714285714,0.6428571428571429
fuzz_target,3,571,0.6428571428571429,0.6428571428571429
fuzz_target,5,9086,0.5714285714285714,0.35714285714285715
fuzz_target,2,238,0.42857142857142855,0.5
fuzz_target,11,2986,0.5,0.14285714285714285
fuzz_target,5,8277,0.5714285714285714,0.21428571428571427
fuzz_target,10,4416,0.42857142857142855,0.5
fuzz_target,11,3755,0.7142857142857143,0.5714285714285714
fuzz_target,7,7715,0.5,0.21428571428571427
fuzz_target,12,5038,0.35714285714285715,0.42857142857142855
fuzz_target,7,4257,0.21428571428571427,0.42857142857142855
fuzz_target,3,7390,0.5,0.2857142857142857
fuzz_target,12,5304,0.5714285714285714,0.5
fuzz_target,8,3229,0.5,0.42857142857142855
fuzz_target,1,4355,0.2857142857142857,0.6428571428571429
fuzz_target,9,7278,0.35714285714285715,0.5
fuzz_target,3,5546,0.21428571428571427,0.5
fuzz_target,11,4095,0.5714285714285714,0.35714285714285715
fuzz_target,0,6868,0.42857142857142855,0.2857142857142857
fuzz_target,10,7440,0.5714285714285714,0.6428571428571429
fuzz_target,6,604,0.6428571428571429,0.2857142857142857
fuzz_target,0,1088,0.5714285714285714,0.42857142857142855
fuzz_target,8,4516,0.42857142857142855,0.5
fuzz_target,6,1964,0.7142857142857143,0.5
fuzz_target,9,6653,0.5,0.5714285714285714
fuzz_target,4,4627,0.2857142857142857,0.5
fuzz_target,8,5472,0.5714285714285714,0.35714285714285715
fuzz_target,0,6517,0.21428571428571427,0.35714285714285715
fuzz_target,1,361,0.5,0.2857142857142857
fuzz_target,2,3807,0.35714285714285715,0.5714285714285714
fuzz_target,12,7336,0.35714285714285715,0.21428571428571427
fuzz_target,6,7333,0.35714285714285715,0.5714285714285714
fuzz_target,0,1668,0.5714285714285714,0.5
fuzz_target,9,9273,0.42857142857142855,0.5714285714285714
fuzz_target,4,2065,0.07142857142857142,0.5
fuzz_target,8,2530,0.5,0.35714285714285715
fuzz_target,6,1342,0.7142857142857143,0.5
fuzz_target,12,7740,0.5714285714285714,0.5
fuzz_target,6,1836,0.42857142857142855,0.42857142857142855
fuzz_target,5,492,0.35714285714285715,0.5
fuzz_target,6,99,0.7142857142857143,0.8571428571428571
fuzz_target,10,6227,0.5,0.5714285714285714
fuzz_target,12,3656,0.6428571428571429,0.5
fuzz_target,2,9054,0.5,0.5714285714285714
fuzz_target,7,963,0.5,0.42857142857142855
fuzz_target,11,73,0.5,0.42857142857142855
fuzz_target,3,5014,0.5,0.5714285714285714
fuzz_target,0,316,0.5714285714285714,0.35714285714285715
fuzz_target,2,9435,0.6428571428571429,0.7857142857142857
fuzz_target,12,2988,0.5714285714285714,0.5714285714285714
fuzz_target,5,7165,0.35714285714285715,0.42857142857142855
fuzz_target,0,4952,0.5,0.42857142857142855
fuzz_target,12,853,0.5714285714285714,0.2857142857142857
fuzz_target,2,8511,0.5,0.35714285714285715
fuzz_target,11,7860,0.21428571428571427,0.5
fuzz_target,12,4448,0.2857142857142857,0.5714285714285714
fuzz_target,12,7168,0.5714285714285714,0.5714285714285714
fuzz_target,11,233,0.5714285714285714,0.14285714285714285
fuzz_target,10,4409,0.7142857142857143,0.21428571428571427
fuzz_target,12,2908,0.6428571428571429,0.5
fuzz_target,1,9238,0.5,0.42857142857142855
fuzz_target,5,5035,0.6428571428571429,0.2857142857142857
fuzz_target,5,4028,0.35714285714285715,0.6428571428571429
fuzz_target,8,8968,0.5714285714285714,0.5
fuzz_target,11,5470,0.5714285714285714,0.5
fuzz_target,3,8351,0.5,0.5714285714285714
fuzz_target,10,7703,0.2857142857142857,0.35714285714285715
fuzz_target,10,8797,0.5714285714285714,0.5
fuzz_target,9,2142,0.21428571428571427,0.35714285714285715
fuzz_target,6,701,0.35714285714285715,0.5714285714285714
fuzz_target,4,5777,0.5,0.5
fuzz_target,8,1144,0.5,0.2857142857142857
fuzz_target,1,2232,0.5714285714285714,0.42857142857142855
fuzz_target,11,2473,0.42857142857142855,0.6428571428571429
fuzz_target,0,810,0.5714285714285714,0.42857142857142855
fuzz_target,5,2594,0.2857142857142857,0.35714285714285715
fuzz_target,13,9223,0.5,0.42857142857142855
fuzz_target,12,4875,0.6428571428571429,0.5714285714285714
fuzz_target,3,8344,0.5714285714285714,0.7142857142857143
fuzz_target,10,3320,0.5,0.5
fuzz_target,8,9031,0.42857142857142855,0.42857142857142855
fuzz_target,0,6835,0.35714285714285715,0.5
fuzz_target,7,1642,0.5,0.35714285714285715
fuzz_target,5,9804,0.35714285714285715,0.5714285714285714
fuzz_target,8,699,0.5714285714285714,0.5714285714285714
fuzz_target,7,1064,0.8571428571428571,0.42857142857142855
fuzz_target,8,7591,0.21428571428571427,0.42857142857142855
fuzz_target,11,7326,0.35714285714285715,0.6428571428571429
fuzz_target,11,3007,0.42857142857142855,0.6428571428571429
fuzz_target,7,7536,0.42857142857142855,0.7142857142857143
fuzz_target,3,1272,0.7142857142857143,0.42857142857142855
fuzz_target,6,2840,0.5,0.5
fuzz_target,2,621,0.7142857142857143,0.6428571428571429
fuzz_target,12,1161,0.5714285714285714,0.21428571428571427
fuzz_target,12,1672,0.7857142857142857,0.5714285714285714
fuzz_target,9,2478,0.35714285714285715,0.7857142857142857
fuzz_target,9,9732,0.5,0.35714285714285715
fuzz_target,8,2945,0.5,0.35714285714285715
fuzz_target,9,5600,0.35714285714285715,0.5
fuzz_target,12,1975,0.6428571428571429,0.5714285714285714
fuzz_target,1,4450,0.35714285714285715,0.7142857142857143
fuzz_target,5,6990,0.7857142857142857,0.5
fuzz_target,13,188,0.5714285714285714,0.5714285714285714
fuzz_target,2,7233,0.2857142857142857,0.2857142857142857
fuzz_target,11,248,0.6428571428571429,0.6428571428571429
fuzz_target,5,7591,0.42857142857142855,0.42857142857142855
fuzz_target,0,5345,0.5714285714285714,0.5714285714285714
fuzz_target,3,7541,0.35714285714285715,0.7142857142857143
fuzz_target,6,4562,0.2857142857142857,0.5
fuzz_target,10,6159,0.21428571428571427,0.2857142857142857
fuzz_target,10,8213,0.5,0.5
fuzz_target,4,255,0.5,0.2857142857142857
fuzz_target,11,4008,0.35714285714285715,0.2857142857142857
fuzz_target,11,2113,0.35714285714285715,0.5
fuzz_target,10,826,0.42857142857142855,0.42857142857142855
fuzz_target,1,1968,0.5,0.7142857142857143
fuzz_target,13,8203,0.6428571428571429,0.6428571428571429
fuzz_target,12,3860,0.42857142857142855,0.6428571428571429
fuzz_target,7,3826,0.42857142857142855,0.42857142857142855
fuzz_target,8,9543,0.42857142857142855,0.2857142857142857
fuzz_target,6,3271,0.7142857142857143,0.42857142857142855
fuzz_target,5,5944,0.5714285714285714,0.5
fuzz_target,7,6617,0.35714285714285715,0.6428571428571429
fuzz_target,12,2313,0.6428571428571429,0.42857142857142855
fuzz_target,11,474,0.35714285714285715,0.7142857142857143
fuzz_target,1,5010,0.5,0.2857142857142857
fuzz_target,2,8276,0.2857142857142857,0.42857142857142855
fuzz_target,7,7195,0.5,0.2857142857142857
fuzz_target,10,4176,0.2857142857142857,0.7857142857142857
fuzz_target,11,3632,0.5,0.21428571428571427
fuzz_target,0,2060,0.42857142857142855,0.5
fuzz_target,7,2558,0.5,0.42857142857142855
fuzz_target,3,729,0.5714285714285714,0.5
fuzz_target,1,7774,0.5,0.42857142857142855
fuzz_target,13,9662,0.42857142857142855,0.42857142857142855
fuzz_target,11,4386,0.7142857142857143,0.35714285714285715
fuzz_target,6,1910,0.42857142857142855,0.5714285714285714
fuzz_target,9,6342,0.5714285714285714,0.7142857142857143
fuzz_target,7,6137,0.5714285714285714,0.5714285714285714
fuzz_target,12,7805,0.5714285714285714,0.6428571428571429
fuzz_target,9,3773,0.5714285714285714,0.5714285714285714
fuzz_target,5,7856,0.6428571428571429,0.5
fuzz_target,4,5556,0.35714285714285715,0.5
fuzz_target,6,4502,0.6428571428571429,0.35714285714285715
fuzz_target,4,9333,0.5,0.35714285714285715
fuzz_target,6,7077,0.6428571428571429,0.5
fuzz_target,1,7656,0.6428571428571429,0.6428571428571429
fuzz_target,4,4939,0.35714285714285715,0.35714285714285715
fuzz_target,0,7296,0.35714285714285715,0.5
fuzz_target,9,8462,0.42857142857142855,0.7142857142857143
fuzz_target,4,1572,0.2857142857142857,0.5
fuzz_target,6,5291,0.7142857142857143,0.5
fuzz_target,10,8264,0.6428571428571429,0.42857142857142855
fuzz_target,12,6248,0.5,0.42857142857142855
fuzz_target,2,8558,0.6428571428571429,0.5714285714285714
fuzz_target,7,7353,0.7142857142857143,0.7857142857142857
fuzz_target,7,8983,0.6428571428571429,0.42857142857142855
fuzz_target,9,3054,0.42857142857142855,0.7142857142857143
fuzz_target,2,3585,0.5714285714285714,0.42857142857142855
fuzz_target,12,2271,0.35714285714285715,0.42857142857142855
fuzz_target,8,5559,0.6428571428571429,0.8571428571428571
fuzz_target,4,36,0.7142857142857143,0.35714285714285715
fuzz_target,3,3211,0.7142857142857143,0.5
fuzz_target,3,5766,0.5714285714285714,0.7857142857142857
fuzz_target,9,9205,0.5714285714285714,0.7142857142857143
fuzz_target,2,6653,0.42857142857142855,0.5714285714285714
fuzz_target,11,3785,0.5714285714285714,0.5
fuzz_target,12,1589,0.6428571428571429,0.6428571428571429
fuzz_target,8,1954,0.35714285714285715,0.42857142857142855
fuzz_target,3,1187,0.7142857142857143,0.7142857142857143
fuzz_target,0,4654,0.42857142857142855,0.42857142857142855
fuzz_target,8,9561,0.5714285714285714,0.35714285714285715
fuzz_target,1,3637,0.5,0.5
fuzz_target,13,590,0.21428571428571427,0.42857142857142855
fuzz_target,11,5626,0.5714285714285714,0.5714285714285714
fuzz_target,3,3427,0.5,0.42857142857142855
fuzz_target,0,4154,0.7142857142857143,0.2857142857142857
fuzz_target,13,8862,0.5714285714285714,0.42857142857142855
fuzz_target,8,8314,0.2857142857142857,0.5
fuzz_target,5,9147,0.42857142857142855,0.5714285714285714
fuzz_target,9,2662,0.2857142857142857,0.5
fuzz_target,0,2226,0.7142857142857143,0.42857142857142855
fuzz_target,8,7956,0.5714285714285714,0.6428571428571429
fuzz_target,6,6928,0.5,0.35714285714285715
fuzz_target,9,6827,0.6428571428571429,0.21428571428571427
fuzz_target,4,9057,0.42857142857142855,0.5
fuzz_target,4,9827,0.5,0.5
fuzz_target,0,5812,0.42857142857142855,0.5714285714285714
fuzz_target,7,5489,0.5,0.5
fuzz_target,0,8599,0.5714285714285714,0.5714285714285714
fuzz_target,0,4865,0.5714285714285714,0.35714285714285715
fuzz_target,1,8815,0.42857142857142855,0.42857142857142855
fuzz_target,7,2763,0.14285714285714285,0.42857142857142855
fuzz_target,3,7185,0.5714285714285714,0.5714285714285714
fuzz_target,1,9335,0.5,0.5714285714285714
fuzz_target,3,1019,0.35714285714285715,0.2857142857142857
fuzz_target,2,1632,0.42857142857142855,0.42857142857142855
fuzz_target,12,2071,0.35714285714285715,0.5714285714285714
fuzz_target,4,7669,0.35714285714285715,0.5
fuzz_target,13,8966,0.35714285714285715,0.2857142857142857
fuzz_target,3,7476,0.5714285714285714,0.42857142857142855
fuzz_target,3,4559,0.7142857142857143,0.5
fuzz_target,11,1549,0.42857142857142855,0.42857142857142855
fuzz_target,1,9653,0.42857142857142855,0.5
fuzz_target,1,4762,0.6428571428571429,0.5
fuzz_target,9,2096,0.5714285714285714,0.5714285714285714
fuzz_target,8,3093,0.42857142857142855,0.6428571428571429
fuzz_target,4,4062,0.35714285714285715,0.14285714285714285
fuzz_target,12,4361,0.35714285714285715,0.35714285714285715
fuzz_target,0,2865,0.5714285714285714,0.5714285714285714
fuzz_target,8,6612,0.42857142857142855,0.5714285714285714
fuzz_target,6,8512,0.35714285714285715,0.42857142857142855
fuzz_target,3,6075,0.35714285714285715,0.5
fuzz_target,9,7842,0.5714285714285714,0.5
fuzz_target,7,115,0.42857142857142855,0.5714285714285714
fuzz_target,11,3113,0.5,0.6428571428571429
fuzz_target,5,8709,0.6428571428571429,0.42857142857142855
fuzz_target,1,7634,0.42857142857142855,0.5714285714285714
fuzz_target,11,2802,0.42857142857142855,0.35714285714285715
fuzz_target,2,8827,0.5,0.35714285714285715
fuzz_target,7,6710,0.5,0.42857142857142855
fuzz_target,4,5143,0.42857142857142855,0.21428571428571427
fuzz_target,10,6031,0.5714285714285714,0.35714285714285715
fuzz_target,7,9870,0.21428571428571427,0.42857142857142855
fuzz_target,2,183,0.42857142857142855,0.6428571428571429
fuzz_target,6,6738,0.35714285714285715,0.5714285714285714
fuzz_target,7,4804,0.42857142857142855,0.2857142857142857
fuzz_target,11,6130,0.6428571428571429,0.21428571428571427
fuzz_target,3,6996,0.5,0.35714285714285715
fuzz_target,3,4636,0.5714285714285714,0.42857142857142855
fuzz_target,0,3835,0.42857142857142855,0.7142857142857143
fuzz_target,8,9010,0.42857142857142855,0.5
fuzz_target,3,3924,0.5714285714285714,0.5
fuzz_target,9,7445,0.7857142857142857,0.5714285714285714
fuzz_target,7,1416,0.2857142857142857,0.35714285714285715
fuzz_target,2,6031,0.42857142857142855,0.35714285714285715
fuzz_target,12,3073,0.5714285714285714,0.5714285714285714
fuzz_target,4,331,0.6428571428571429,0.7857142857142857
fuzz_target,2,8555,0.42857142857142855,0.42857142857142855
fuzz_target,4,4826,0.5,0.5
fuzz_target,8,1574,0.5,0.5714285714285714
fuzz_target,10,7525,0.5714285714285714,0.42857142857142855
fuzz_target,10,8083,0.6428571428571429,0.5714285714285714
fuzz_target,0,865,0.35714285714285715,0.35714285714285715
fuzz_target,8,7692,0.6428571428571429,0.5
fuzz_target,6,3175,0.6428571428571429,0.2857142857142857
fuzz_target,11,3702,0.2857142857142857,0.5
fuzz_target,8,1543,0.6428571428571429,0.42857142857142855
fuzz_target,3,5654,0.5714285714285714,0.35714285714285715
fuzz_target,2,7687,0.5,0.6428571428571429
fuzz_target,5,2064,0.5,0.7142857142857143
fuzz_target,8,7319,0.5,0.5
fuzz_target,8,9512,0.5,0.35714285714285715
fuzz_target,10,2217,0.2857142857142857,0.42857142857142855
fuzz_target,5,2827,0.5,0.42857142857142855
fuzz_target,7,4268,0.5,0.7857142857142857
fuzz_target,0,1241,0.35714285714285715,0.35714285714285715
fuzz_target,1,4806,0.35714285714285715,0.21428571428571427
fuzz_target,7,3574,0.6428571428571429,0.42857142857142855
fuzz_target,4,6765,0.2857142857142857,0.5714285714285714
fuzz_target,5,4616,0.6428571428571429,0.42857142857142855
fuzz_target,5,6687,0.2857142857142857,0.6428571428571429
fuzz_target,0,8054,0.35714285714285715,0.5
fuzz_target,8,8311,0.7142857142857143,0.7142857142857143
fuzz_target,8,1216,0.5,0.42857142857142855
fuzz_target,2,6891,0.5,0.5
fuzz_target,1,7822,0.2857142857142857,0.42857142857142855
fuzz_target,10,1776,0.5714285714285714,0.5714285714285714
fuzz_target,7,8329,0.42857142857142855,0.5
fuzz_target,13,8700,0.5,0.21428571428571427
fuzz_target,13,8400,0.5714285714285714,0.42857142857142855
fuzz_target,2,7688,0.5,0.42857142857142855
fuzz_target,11,3097,0.5,0.6428571428571429
fuzz_target,5,16,0.5,0.5
fuzz_target,9,5987,0.42857142857142855,0.42857142857142855
fuzz_target,11,7531,0.5,0.35714285714285715
fuzz_target,1,1284,0.5,0.5
fuzz_target,7,5873,0.6428571428571429,0.5714285714285714
fuzz_target,10,1810,0.5,0.5
fuzz_target,7,7476,0.35714285714285715,0.42857142857142855
fuzz_target,12,6092,0.42857142857142855,0.21428571428571427
fuzz_target,12,376,0.5,0.42857142857142855
fuzz_target,4,976,0.42857142857142855,0.5
fuzz_target,9,6174,0.42857142857142855,0.5
fuzz_target,6,7136,0.35714285714285715,0.6428571428571429
fuzz_target,8,768,0.5714285714285714,0.14285714285714285
fuzz_target,0,4345,0.5,0.5
fuzz_target,0,2303,0.35714285714285715,0.42857142857142855
fuzz_target,12,285,0.5,0.5714285714285714
fuzz_target,9,4145,0.5714285714285714,0.42857142857142855
fuzz_target,10,8030,0.5714285714285714,0.5
fuzz_target,11,5112,0.7142857142857143,0.7142857142857143
fuzz_target,12,5613,0.2857142857142857,0.42857142857142855
fuzz_target,11,1243,0.7142857142857143,0.6428571428571429
fuzz_target,9,6268,0.5,0.5714285714285714
fuzz_target,8,8418,0.35714285714285715,0.2857142857142857
fuzz_target,7,4347,0.6428571428571429,0.5
fuzz_target,13,8274,0.5,0.7142857142857143
fuzz_target,5,4647,0.5714285714285714,0.42857142857142855
fuzz_target,7,6268,0.2857142857142857,0.5714285714285714
fuzz_target,3,8969,0.42857142857142855,0.5
fuzz_target,1,57,0.5,0.42857142857142855
fuzz_target,0,5718,0.2857142857142857,0.6428571428571429
fuzz_target,8,3178,0.21428571428571427,0.5
fuzz_target,4,4434,0.7142857142857143,0.21428571428571427
fuzz_target,5,302,0.7142857142857143,0.42857142857142855
fuzz_target,9,2795,0.5,0.35714285714285715
fuzz_target,12,7194,0.6428571428571429,0.5
fuzz_target,7,2638,0.5,0.7857142857142857
fuzz_target,11,3949,0.42857142857142855,0.21428571428571427
fuzz_target,13,9012,0.6428571428571429,0.5
fuzz_target,9,8519,0.5714285714285714,0.35714285714285715
fuzz_target,6,5552,0.5714285714285714,0.5714285714285714
fuzz_target,12,3909,0.6428571428571429,0.35714285714285715
fuzz_target,10,8510,0.7142857142857143,0.2857142857142857
fuzz_target,1,3231,0.42857142857142855,0.35714285714285715
fuzz_target,6,6592,0.35714285714285715,0.5714285714285714
fuzz_target,10,9687,0.5714285714285714,0.5
fuzz_target,7,2146,0.5,0.6428571428571429
fuzz_target,6,4059,0.21428571428571427,0.5
fuzz_target,10,895,0.5714285714285714,0.2857142857142857
fuzz_target,2,3887,0.5714285714285714,0.5
fuzz_target,2,5121,0.42857142857142855,0.5
fuzz_target,9,7171,0.6428571428571429,0.42857142857142855
fuzz_target,12,1642,0.42857142857142855,0.35714285714285715
fuzz_target,10,6226,0.5714285714285714,0.35714285714285715
fuzz_target,5,6155,0.42857142857142855,0.2857142857142857
fuzz_target,6,6784,0.35714285714285715,0.5
fuzz_target,3,816,0.6428571428571429,0.42857142857142855
fuzz_target,4,9852,0.5714285714285714,0.5
fuzz_target,8,4589,0.42857142857142855,0.2857142857142857
fuzz_target,11,1910,0.35714285714285715,0.5714285714285714
fuzz_target,2,1611,0.5,0.42857142857142855
fuzz_target,7,4576,0.6428571428571429,0.42857142857142855
fuzz_target,8,6918,0.5,0.42857142857142855
fuzz_target,5,2728,0.42857142857142855,0.35714285714285715
fuzz_target,8,291,0.5,0.5
fuzz_target,0,9540,0.5,0.5
fuzz_target,4,7702,0.5714285714285714,0.42857142857142855
fuzz_target,9,2911,0.5,0.7142857142857143
administrative,0,10482,0.5,0.5625
administrative,2,8912,0.375,0.5625
administrative,11,18281,0.375,0.3125
administrative,14,10239,0.4375,0.5
administrative,1,36997,0.5625,0.4375
administrative,2,27545,0.4375,0.4375
administrative,9,25048,0.5625,0.4375
administrative,14,4265,0.4375,0.375
administrative,7,11959,0.375,0.375
administrative,12,38705,0.5,0.375
administrative,0,12596,0.625,0.625
administrative,13,28693,0.4375,0.3125
administrative,1,23080,0.5625,0.5
administrative,7,9470,0.5,0.375
administrative,1,4021,0.3125,0.375
administrative,6,21191,0.375,0.5625
administrative,7,3728,0.375,0.4375
administrative,4,30897,0.1875,0.5625
administrative,13,18208,0.625,0.3125
administrative,12,5374,0.5,0.4375
administrative,8,34329,0.375,0.6875
administrative,3,10631,0.5625,0.5625
administrative,12,22268,0.375,0.6875
administrative,5,28102,0.375,0.5
administrative,13,15225,0.3125,0.5
administrative,7,23564,0.625,0.375
administrative,11,23036,0.4375,0.4375
administrative,7,22044,0.375,0.4375
administrative,3,40196,0.4375,0.4375
administrative,7,23021,0.5625,0.5625
administrative,11,27836,0.375,0.5
administrative,6,20498,0.625,0.25
administrative,4,28879,0.4375,0.625
administrative,9,6635,0.625,0.625
administrative,10,21032,0.5625,0.5625
administrative,10,35867,0.375,0.625
administrative,11,4823,0.375,0.375
administrative,1,941,0.375,0.4375
administrative,12,23768,0.6875,0.5
administrative,5,26921,0.3125,0.5625
administrative,12,12232,0.5,0.375
administrative,7,94,0.5,0.3125
administrative,3,37430,0.5,0.5
administrative,11,3855,0.5,0.375
administrative,7,36440,0.375,0.5625
administrative,0,39628,0.5,0.375
administrative,11,24478,0.25,0.5625
administrative,4,23735,0.5,0.625
administrative,6,4633,0.4375,0.6875
administrative,0,16636,0.5,0.6875
administrative,9,21238,0.625,0.4375
administrative,13,6060,0.5,0.5
administrative,3,16135,0.5625,0.625
administrative,0,1453,0.3125,0.5
administrative,12,21434,0.375,0.625
administrative,12,38777,0.4375,0.4375
administrative,0,37261,0.5625,0.5625
administrative,9,38589,0.5625,0.5
administrative,1,27725,0.4375,0.5625
administrative,1,17801,0.5625,0.5
administrative,8,38221,0.6875,0.5625
administrative,13,15787,0.5,0.5
administrative,3,16264,0.625,0.375
administrative,13,8711,0.4375,0.25
administrative,6,33311,0.5,0.625
administrative,10,19,0.5625,0.375
administrative,8,19699,0.625,0.4375
administrative,1,36502,0.625,0.625
administrative,9,30281,0.5,0.75
administrative,1,23500,0.3125,0.3125
administrative,13,31394,0.5625,0.4375
administrative,2,21119,0.5,0.4375
administrative,12,1924,0.5,0.4375
administrative,4,6311,0.4375,0.375
administrative,1,22536,0.4375,0.4375
administrative,3,19198,0.6875,0.5625
administrative,9,25435,0.375,0.4375
administrative,2,15559,0.5625,0.1875
administrative,10,28204,0.3125,0.5625
administrative,9,33500,0.4375,0.375
administrative,5,12231,0.5,0.5
administrative,3,18740,0.625,0.4375
administrative,4,19803,0.5625,0.5625
administrative,9,8251,0.625,0.5625
administrative,6,19709,0.25,0.6875
administrative,5,23760,0.1875,0.3125
administrative,12,21775,0.5625,0.5
administrative,12,30161,0.5,0.25
administrative,8,15021,0.625,0.625
administrative,4,5661,0.5,0.625
administrative,10,21391,0.375,0.625
administrative,9,31694,0.5625,0.5625
administrative,13,5236,0.375,0.625
administrative,6,7205,0.5,0.5625
administrative,8,8446,0.3125,0.6875
administrative,10,25759,0.5,0.5
administrative,2,5687,0.4375,0.375
administrative,10,40395,0.75,0.5
administrative,12,15276,0.5625,0.3125
administrative,4,20428,0.4375,0.375
administrative,8,20758,0.3125,0.3125
administrative,13,6372,0.375,0.5
administrative,9,11546,0.4375,0.4375
administrative,13,31589,0.5625,0.5
administrative,9,21418,0.4375,0.4375
administrative,4,9616,0.4375,0.5625
administrative,3,23248,0.5,0.4375
administrative,0,14752,0.375,0.6875
administrative,9,19320,0.25,0.6875
administrative,12,3925,0.5,0.5625
administrative,4,7763,0.5,0.6875
administrative,2,5539,0.375,0.5625
administrative,2,30281,0.625,0.75
administrative,3,15987,0.4375,0.625
administrative,1,29530,0.625,0.5
administrative,4,4464,0.5625,0.375
administrative,11,31376,0.6875,0.375
administrative,11,2094,0.4375,0.4375
administrative,15,7502,0.5,0.625
administrative,7,4242,0.625,0.625
administrative,12,9764,0.25,0.375
administrative,1,27902,0.375,0.25
administrative,11,38020,0.3125,0.5
administrative,9,11579,0.4375,0.375
administrative,8,19896,0.5625,0.5625
administrative,11,19639,0.625,0.3125
administrative,8,40055,0.75,0.4375
administrative,13,17065,0.6875,0.5625
administrative,7,30532,0.5,0.5625
administrative,11,3050,0.8125,0.375
administrative,14,15209,0.4375,0.375
administrative,14,17077,0.5,0.375
administrative,11,7175,0.5625,0.5
administrative,9,2330,0.625,0.75
administrative,0,1256,0.5625,0.5625
administrative,11,35289,0.25,0.5
administrative,6,26988,0.6875,0.4375
administrative,11,10588,0.375,0.5
administrative,7,31811,0.4375,0.4375
administrative,1,29141,0.5,0.5
administrative,5,8218,0.5625,0.75
administrative,0,13004,0.4375,0.5
administrative,12,39369,0.5625,0.5625
administrative,8,32664,0.4375,0.3125
administrative,2,16358,0.5625,0.3125
administrative,2,22463,0.625,0.75
administrative,4,4687,0.625,0.625
administrative,3,26970,0.375,0.375
administrative,2,16099,0.25,0.6875
administrative,4,36451,0.375,0.375
administrative,6,5325,0.5,0.1875
administrative,3,15096,0.4375,0.6875
administrative,11,20473,0.5,0.3125
administrative,8,34605,0.375,0.3125
administrative,6,10850,0.4375,0.5625
administrative,14,4098,0.625,0.375
administrative,6,32333,0.625,0.375
administrative,12,37365,0.1875,0.75
administrative,12,28917,0.375,0.5625
administrative,14,28254,0.6875,0.4375
administrative,8,18528,0.375,0.4375
administrative,11,3842,0.375,0.375
administrative,9,39838,0.5,0.375
administrative,10,11061,0.5,0.625
administrative,5,10937,0.4375,0.625
administrative,6,10867,0.75,0.625
administrative,13,20632,0.5625,0.375
administrative,9,35123,0.625,0.625
administrative,4,27334,0.5625,0.5625
administrative,11,30860,0.5,0.5625
administrative,9,10837,0.5,0.4375
administrative,2,37813,0.5,0.6875
administrative,12,17756,0.5625,0.4375
administrative,14,5392,0.6875,0.5
administrative,3,32574,0.5,0.75
administrative,9,27777,0.4375,0.5625
administrative,13,4044,0.3125,0.25
administrative,4,32496,0.25,0.3125
administrative,6,973,0.5625,0.3125
administrative,12,37501,0.375,0.1875
administrative,6,20457,0.4375,0.5
administrative,14,11370,0.5,0.5
administrative,5,14206,0.375,0.5625
administrative,6,34683,0.375,0.5625
administrative,5,1653,0.375,0.5625
administrative,12,1723,0.5625,0.5
administrative,8,14315,0.5625,0.4375
administrative,10,8567,0.5625,0.3125
administrative,5,35660,0.4375,0.5
administrative,1,19923,0.4375,0.5
administrative,2,21154,0.5625,0.5
administrative,15,34244,0.4375,0.375
administrative,3,13764,0.5,0.5
administrative,6,26310,0.375,0.5
administrative,5,2873,0.4375,0.5625
administrative,11,24584,0.375,0.5
administrative,13,29016,0.5,0.375
administrative,0,5643,0.375,0.5
administrative,11,30489,0.5625,0.25
administrative,11,23991,0.375,0.5
administrative,2,28554,0.4375,0.5
administrative,0,40079,0.5,0.5625
administrative,9,18768,0.625,0.4375
administrative,2,4373,0.5,0.4375
administrative,14,1747,0.5,0.5
administrative,10,1484,0.625,0.375
administrative,0,8215,0.75,0.5
administrative,14,26100,0.5,0.4375
administrative,14,10958,0.5625,0.3125
administrative,0,18792,0.625,0.375
administrative,14,17065,0.5,0.5625
administrative,2,14816,0.5625,0.4375
administrative,0,308,0.4375,0.625
administrative,2,12799,0.1875,0.5
administrative,9,25207,0.4375,0.5625
administrative,9,38373,0.625,0.75
administrative,12,40204,0.5,0.625
administrative,10,38749,0.625,0.625
administrative,14,6059,0.3125,0.5625
administrative,2,7195,0.375,0.4375
administrative,13,6456,0.5625,0.625
administrative,1,19055,0.3125,0.625
administrative,13,30537,0.375,0.4375
administrative,1,39261,0.4375,0.4375
administrative,14,17879,0.4375,0.6875
administrative,8,26082,0.4375,0.5625
administrative,11,31898,0.4375,0.5
administrative,5,25021,0.625,0.4375
administrative,1,14990,0.5625,0.25
administrative,14,21156,0.5625,0.375
administrative,3,13330,0.3125,0.625
administrative,7,29101,0.4375,0.3125
administrative,4,36674,0.4375,0.375
administrative,3,39356,0.5,0.5625
administrative,6,25309,0.5,0.4375
administrative,9,33213,0.5,0.6875
administrative,3,33785,0.4375,0.5
administrative,2,1871,0.4375,0.5
administrative,4,38535,0.4375,0.25
administrative,4,26398,0.4375,0.5625
administrative,10,19619,0.5,0.4375
administrative,5,32934,0.5,0.3125
administrative,8,33850,0.3125,0.1875
administrative,0,38710,0.5,0.5625
administrative,10,6517,0.6875,0.5
administrative,11,40486,0.25,0.6875
administrative,11,10100,0.25,0.625
administrative,7,25618,0.4375,0.4375
administrative,7,7109,0.5,0.5625
administrative,9,23097,0.5,0.3125
administrative,2,9307,0.375,0.25
administrative,0,32102,0.75,0.625
administrative,6,35626,0.625,0.375
administrative,9,4385,0.4375,0.4375
administrative,10,27587,0.375,0.3125
administrative,0,26318,0.4375,0.625
administrative,10,17274,0.5,0.6875
administrative,14,3901,0.5625,0.6875
administrative,4,19,0.4375,0.375
administrative,13,9130,0.75,0.5
administrative,14,22860,0.4375,0.5625
administrative,10,31341,0.4375,0.625
administrative,1,24233,0.375,0.375
administrative,2,19741,0.3125,0.6875
administrative,11,24443,0.5625,0.3125
administrative,11,16957,0.4375,0.375
administrative,11,32886,0.4375,0.4375
administrative,10,26588,0.3125,0.3125
administrative,10,10562,0.375,0.4375
administrative,9,16465,0.3125,0.625
administrative,3,36360,0.5,0.4375
administrative,9,37634,0.5625,0.25
administrative,0,5663,0.5,0.625
administrative,14,3432,0.5,0.4375
administrative,2,28476,0.375,0.375
administrative,3,16579,0.3125,0.75
administrative,7,357,0.4375,0.1875
administrative,14,9043,0.5625,0.375
administrative,9,21835,0.625,0.4375
administrative,12,10881,0.4375,0.5625
administrative,1,12273,0.5625,0.625
administrative,7,26941,0.625,0.625
administrative,8,18557,0.5625,0.625
administrative,5,4400,0.4375,0.375
administrative,12,17632,0.6875,0.3125
administrative,14,4720,0.1875,0.4375
administrative,0,4125,0.625,0.3125
administrative,1,24169,0.4375,0.375
administrative,6,13621,0.5625,0.25
administrative,12,10737,0.3125,0.5625
administrative,11,8857,0.4375,0.5
administrative,14,22771,0.4375,0.6875
administrative,7,20423,0.375,0.4375
administrative,10,8009,0.4375,0.375
administrative,8,12873,0.1875,0.25
administrative,0,21919,0.5625,0.375
administrative,5,37205,0.25,0.375
administrative,3,4134,0.5,0.625
administrative,2,3130,0.5,0.625
administrative,9,37529,0.375,0.375
administrative,6,16845,0.4375,0.375
administrative,4,22709,0.3125,0.5625
administrative,4,9147,0.625,0.5625
administrative,1,14200,0.5,0.5
administrative,13,21495,0.375,0.5625
administrative,9,5410,0.5,0.4375
administrative,6,29183,0.3125,0.5
administrative,2,22740,0.375,0.5625
administrative,5,15265,0.625,0.5625
administrative,5,3471,0.5,0.1875
administrative,6,14002,0.4375,0.4375
administrative,6,18385,0.6875,0.3125
administrative,0,3110,0.5,0.5
administrative,10,30324,0.5625,0.4375
administrative,9,2477,0.625,0.6875
administrative,3,30589,0.3125,0.3125
administrative,8,34798,0.375,0.25
administrative,14,14824,0.3125,0.5625
administrative,4,20771,0.375,0.4375
administrative,7,10054,0.5,0.375
administrative,3,20674,0.6875,0.5625
administrative,5,6658,0.5,0.5
administrative,8,26449,0.625,0.5
administrative,6,14590,0.75,0.75
administrative,9,35943,0.4375,0.75
administrative,6,35604,0.75,0.5625
administrative,4,36905,0.3125,0.3125
administrative,13,31657,0.25,0.8125
administrative,12,24016,0.5625,0.375
administrative,1,16019,0.625,0.5
administrative,1,1955,0.25,0.625
administrative,4,24675,0.3125,0.3125
administrative,5,32496,0.25,0.3125
administrative,12,34780,0.5625,0.75
administrative,14,22193,0.6875,0.25
administrative,4,13493,0.375,0.5
administrative,12,24943,0.5,0.5
administrative,9,12397,0.3125,0.5625
administrative,9,30325,0.5,0.3125
administrative,5,16042,0.3125,0.4375
administrative,7,34850,0.4375,0.5
administrative,1,4921,0.8125,0.5625
administrative,8,2510,0.4375,0.4375
administrative,12,40438,0.4375,0.625
administrative,6,22988,0.625,0.5625
administrative,7,28889,0.5625,0.5625
administrative,6,15541,0.5,0.375
administrative,1,24800,0.4375,0.5625
administrative,0,37813,0.4375,0.6875
administrative,3,12341,0.5625,0.5625
administrative,8,24030,0.375,0.5
administrative,10,11853,0.5625,0.4375
administrative,8,6377,0.5625,0.3125
administrative,13,831,0.3125,0.6875
administrative,7,21368,0.75,0.25
administrative,4,6789,0.75,0.25
administrative,3,9244,0.5625,0.6875
administrative,13,2796,0.375,0.5625
administrative,14,12012,0.4375,0.4375
administrative,7,17928,0.5625,0.5625
administrative,9,26926,0.5,0.4375
administrative,10,37558,0.75,0.375
administrative,4,3791,0.3125,0.5
administrative,8,1601,0.3125,0.6875
administrative,8,510,0.4375,0.5625
administrative,10,30556,0.4375,0.75
administrative,6,23621,0.625,0.5
administrative,11,35501,0.5,0.5
administrative,1,14073,0.4375,0.4375
administrative,4,27521,0.5,0.5625
administrative,2,33725,0.625,0.375
administrative,8,15120,0.1875,0.375
administrative,10,22055,0.5625,0.625
administrative,1,25239,0.625,0.625
administrative,7,21973,0.4375,0.375
administrative,5,13002,0.5,0.5625
administrative,5,12632,0.4375,0.4375
administrative,13,20679,0.5,0.5
administrative,10,40287,0.5,0.625
administrative,4,31930,0.5,0.625
administrative,9,9284,0.4375,0.5625
administrative,11,30160,0.4375,0.375
administrative,2,33560,0.4375,0.1875
administrative,1,24600,0.625,0.4375
administrative,7,15083,0.5,0.625
administrative,1,33987,0.5625,0.3125
administrative,6,33810,0.5625,0.1875
administrative,8,15228,0.375,0.3125
administrative,5,3056,0.3125,0.5
administrative,11,39146,0.5625,0.5625
administrative,6,34200,0.5,0.875
administrative,7,19579,0.625,0.5625
administrative,0,8293,0.5625,0.4375
administrative,12,26834,0.625,0.625
administrative,1,4596,0.5,0.4375
administrative,0,14146,0.5625,0.625
administrative,6,7296,0.6875,0.375
administrative,13,8790,0.5,0.5
administrative,0,25416,0.5,0.5
administrative,0,24222,0.5,0.625
administrative,11,16730,0.5,0.5
administrative,3,38732,0.375,0.375
administrative,1,27822,0.5,0.4375
administrative,11,27904,0.5625,0.625
administrative,8,20731,0.4375,0.5625
administrative,9,14887,0.4375,0.375
administrative,1,38636,0.5625,0.5
administrative,5,12220,0.4375,0.3125
administrative,10,17905,0.5,0.4375
administrative,12,10299,0.5625,0.375
administrative,5,23369,0.5,0.5
administrative,1,7788,0.5,0.6875
administrative,4,20496,0.75,0.4375
administrative,6,23175,0.375,0.3125
administrative,4,6474,0.375,0.5625
administrative,2,16564,0.6875,0.4375
administrative,6,16054,0.5625,0.5625
administrative,10,3138,0.25,0.625
administrative,0,24905,0.25,0.5
administrative,3,15376,0.625,0.1875
administrative,7,29777,0.625,0.5
administrative,3,18511,0.375,0.375
administrative,4,14453,0.5625,0.375
administrative,8,33219,0.625,0.4375
administrative,12,10549,0.25,0.3125
administrative,11,30012,0.6875,0.375
administrative,5,23683,0.5,0.5
administrative,4,16912,0.5625,0.6875
administrative,15,35125,0.6875,0.4375
administrative,4,10818,0.3125,0.3125
administrative,11,16474,0.25,0.4375
administrative,3,2908,0.5625,0.75
administrative,5,30242,0.5,0.375
administrative,10,15829,0.3125,0.3125
administrative,4,21873,0.1875,0.75
administrative,8,6829,0.5625,0.3125
administrative,4,36378,0.5625,0.3125
administrative,0,35317,0.5,0.375
administrative,12,23153,0.375,0.5625
administrative,6,9983,0.75,0.375
administrative,15,921,0.5,0.4375
administrative,13,22673,0.5625,0.5
administrative,10,11053,0.625,0.4375
administrative,1,3107,0.625,0.25
administrative,5,11865,0.3125,0.5625
administrative,11,37155,0.5625,0.5
administrative,11,16132,0.375,0.4375
administrative,1,4439,0.4375,0.5625
administrative,10,6829,0.5625,0.3125
administrative,0,9083,0.4375,0.5
administrative,9,34600,0.625,0.375
administrative,9,34095,0.4375,0.4375
administrative,1,33134,0.4375,0.5625
administrative,1,38321,0.375,0.5
administrative,12,10928,0.6875,0.75
administrative,1,25757,0.5,0.5625
administrative,0,2908,0.5625,0.75
administrative,11,13672,0.5625,0.5625
administrative,14,18467,0.625,0.4375
administrative,13,13959,0.5,0.5625
administrative,9,1794,0.4375,0.0625
administrative,0,9181,0.25,0.5625
administrative,2,25462,0.5625,0.5
administrative,6,36322,0.3125,0.5
administrative,5,4916,0.375,0.5625
administrative,8,31117,0.375,0.4375
administrative,7,30835,0.5625,0.3125
administrative,5,33862,0.375,0.5625
administrative,7,35852,0.5,0.6875
administrative,4,7646,0.4375,0.5
administrative,12,20420,0.4375,0.375
administrative,12,26685,0.375,0.375
administrative,2,2924,0.3125,0.3125
administrative,7,5957,0.4375,0.5625
administrative,13,22003,0.375,0.5625
administrative,14,3866,0.4375,0.375
administrative,7,34842,0.625,0.5
administrative,12,16740,0.5,0.4375
administrative,2,14960,0.4375,0.5
administrative,12,181,0.4375,0.5625
administrative,9,12138,0.4375,0.5
administrative,11,37218,0.625,0.375
administrative,11,5929,0.5625,0.625
administrative,14,32119,0.3125,0.5
administrative,10,21564,0.5625,0.625
administrative,8,1876,0.625,0.375
administrative,11,19795,0.5625,0.5
administrative,4,35397,0.5,0.375
administrative,6,4945,0.375,0.625
administrative,4,15190,0.5625,0.625
administrative,14,669,0.375,0.4375
administrative,8,8779,0.375,0.5625
administrative,12,24255,0.5,0.4375
administrative,10,8616,0.375,0.625
administrative,0,5414,0.4375,0.3125
administrative,13,1335,0.5625,0.4375
administrative,2,17856,0.375,0.375
administrative,14,21815,0.5,0.375
administrative,0,25806,0.625,0.5625
administrative,8,5787,0.5625,0.5625
administrative,1,18745,0.5625,0.4375
administrative,3,30502,0.375,0.25
administrative,7,4731,0.5625,0.3125
administrative,14,6079,0.625,0.4375
administrative,9,28296,0.25,0.5
administrative,10,24792,0.375,0.375
administrative,4,33934,0.625,0.625
administrative,4,33961,0.625,0.375
administrative,8,39608,0.5,0.25
administrative,10,16709,0.5,0.6875
administrative,4,30854,0.75,0.375
administrative,4,29222,0.625,0.5
administrative,5,14661,0.5625,0.5625
administrative,15,3583,0.5,0.4375
administrative,12,11252,0.5625,0.5625
administrative,6,13442,0.625,0.3125
administrative,9,17793,0.4375,0.3125
administrative,7,34990,0.625,0.4375
administrative,10,32501,0.4375,0.375
administrative,1,30614,0.3125,0.375
administrative,8,19561,0.5625,0.3125
administrative,10,2935,0.5625,0.3125
administrative,1,11857,0.4375,0.4375
administrative,15,33225,0.75,0.5625
administrative,1,23608,0.8125,0.4375
administrative,6,13636,0.4375,0.5625
administrative,15,35098,0.625,0.5625
administrative,14,1152,0.4375,0.5
administrative,2,3410,0.625,0.375
administrative,10,28813,0.25,0.375
administrative,12,13557,0.5,0.4375
administrative,6,30183,0.3125,0.5
administrative,13,589,0.625,0.4375
administrative,1,18213,0.625,0.5
administrative,12,10417,0.625,0.75
administrative,4,13850,0.5625,0.3125
administrative,5,24336,0.4375,0.625
administrative,12,31748,0.625,0.5
administrative,1,15870,0.5,0.5625
administrative,5,3968,0.3125,0.4375
administrative,0,13828,0.4375,0.5625
administrative,2,34946,0.375,0.5625
administrative,14,20690,0.5625,0.625
administrative,10,28863,0.625,0.4375
administrative,4,28417,0.5,0.5625
administrative,11,9231,0.625,0.5
administrative,6,18760,0.5625,0.625
administrative,2,21735,0.5625,0.5625
administrative,4,7992,0.625,0.5
administrative,2,40043,0.375,0.625
administrative,0,25522,0.1875,0.5
administrative,1,24396,0.3125,0.4375
administrative,0,21288,0.75,0.4375
administrative,2,24156,0.4375,0.4375
administrative,10,17678,0.4375,0.625
administrative,8,12224,0.3125,0.5
administrative,10,8623,0.3125,0.4375
administrative,1,4717,0.625,0.375
administrative,14,9920,0.5,0.625
administrative,12,30417,0.25,0.25
administrative,12,5027,0.375,0.5
administrative,1,1246,0.4375,0.5
administrative,1,12418,0.375,0.3125
administrative,5,18706,0.75,0.5
administrative,3,9969,0.5625,0.5
administrative,5,21567,0.5,0.625
administrative,12,2294,0.4375,0.5625
administrative,1,29487,0.5625,0.5
administrative,0,5857,0.4375,0.5
administrative,11,11662,0.3125,0.5625
administrative,11,15631,0.625,0.625
administrative,15,154,0.5,0.5625
administrative,13,13589,0.6875,0.5625
administrative,9,21007,0.4375,0.6875
administrative,9,26513,0.5625,0.25
administrative,6,26183,0.5625,0.5625
administrative,5,13916,0.75,0.5625
administrative,10,8125,0.25,0.5625
administrative,14,5023,0.625,0.375
administrative,1,20997,0.5,0.5625
administrative,5,22947,0.25,0.375
administrative,6,818,0.3125,0.5
administrative,5,1985,0.4375,0.375
administrative,1,39242,0.4375,0.625
administrative,13,3688,0.625,0.5
administrative,9,25771,0.6875,0.625
administrative,12,38383,0.5625,0.375
administrative,5,12160,0.1875,0.375
administrative,13,22898,0.625,0.6875
administrative,12,5002,0.625,0.375
administrative,2,10916,0.6875,0.5625
administrative,3,30105,0.5,0.375
administrative,13,8422,0.25,0.3125
administrative,14,1236,0.5,0.625
administrative,6,23482,0.5,0.375
administrative,3,14191,0.625,0.5625
administrative,9,39601,0.5625,0.4375
administrative,8,14999,0.375,0.4375
administrative,4,29401,0.4375,0.375
administrative,2,33210,0.5625,0.5
administrative,3,1613,0.375,0.1875
administrative,1,17085,0.3125,0.4375
administrative,6,34532,0.6875,0.4375
administrative,15,37253,0.5625,0.5
administrative,8,16333,0.3125,0.3125
administrative,5,12796,0.875,0.5
administrative,5,309,0.5625,0.5625
administrative,9,23023,0.5625,0.375
administrative,7,891,0.4375,0.3125
administrative,8,37543,0.375,0.4375
administrative,0,30492,0.4375,0.625
administrative,1,31980,0.4375,0.375
administrative,11,6760,0.5,0.4375
administrative,12,38835,0.3125,0.5
administrative,2,14134,0.4375,0.5
administrative,9,10622,0.5625,0.375
administrative,5,24860,0.5625,0.5
administrative,14,7963,0.5,0.5
administrative,14,5538,0.625,0.1875
administrative,8,12246,0.625,0.5
administrative,12,18697,0.5625,0.8125
administrative,1,16042,0.1875,0.4375
administrative,0,9568,0.4375,0.3125
administrative,12,38724,0.375,0.3125
administrative,13,8242,0.4375,0.5
administrative,0,30085,0.4375,0.5625
administrative,8,7671,0.5625,0.5625
administrative,7,37291,0.5,0.25
administrative,13,8728,0.5625,0.5
administrative,13,21666,0.5,0.625
administrative,11,4647,0.3125,0.5625
administrative,11,34970,0.75,0.5625
administrative,2,18181,0.5,0.5
administrative,9,159,0.3125,0.25
administrative,10,36105,0.6875,0.5
administrative,7,2644,0.4375,0.6875
administrative,7,32580,0.4375,0.375
administrative,6,28457,0.6875,0.4375
administrative,12,8553,0.5,0.5
administrative,6,20336,0.625,0.3125
administrative,7,27747,0.4375,0.25
administrative,4,2966,0.6875,0.5625
administrative,11,19872,0.4375,0.375
administrative,3,30405,0.625,0.375
administrative,14,935,0.3125,0.5
administrative,13,13022,0.5,0.5625
administrative,11,17162,0.5,0.5625
administrative,4,13727,0.375,0.4375
administrative,12,35121,0.3125,0.625
administrative,4,4639,0.375,0.5625
administrative,1,13221,0.375,0.3125
administrative,9,19303,0.4375,0.625
administrative,2,30958,0.4375,0.375
administrative,11,973,0.625,0.3125
administrative,12,20878,0.75,0.5625
administrative,14,24822,0.5,0.75
administrative,3,34918,0.4375,0.5625
administrative,0,33061,0.5,0.375
administrative,5,38567,0.75,0.5
administrative,11,16849,0.5625,0.3125
administrative,10,21125,0.375,0.5625
administrative,14,21823,0.5,0.5625
administrative,7,29610,0.625,0.5625
administrative,10,19585,0.6875,0.625
administrative,9,8098,0.3125,0.4375
administrative,1,37421,0.375,0.375
administrative,7,10844,0.75,0.5625
administrative,4,29447,0.5625,0.375
administrative,1,4598,0.5,0.5
administrative,3,34227,0.4375,0.6875
administrative,7,5254,0.25,0.3125
administrative,9,30150,0.3125,0.5
administrative,12,24219,0.25,0.25
administrative,7,9700,0.5,0.5625
administrative,3,28047,0.25,0.4375
administrative,3,27039,0.6875,0.5625
administrative,0,5967,0.5,0.625
administrative,11,10608,0.4375,0.5
administrative,8,11884,0.5,0.6875
administrative,3,13990,0.8125,0.6875
administrative,10,25945,0.3125,0.6875
administrative,1,1913,0.3125,0.6875
administrative,14,32440,0.625,0.5
administrative,10,29726,0.375,0.6875
administrative,6,16335,0.375,0.5625
administrative,6,27310,0.625,0.4375
administrative,8,4148,0.5625,0.5
administrative,9,25156,0.5625,0.5
administrative,6,1850,0.375,0.25
administrative,6,5044,0.4375,0.375
administrative,14,21877,0.4375,0.5
administrative,8,34307,0.375,0.625
administrative,11,19958,0.5625,0.5625
administrative,13,32281,0.375,0.3125
administrative,13,28138,0.75,0.3125
administrative,9,1008,0.3125,0.5
administrative,12,16218,0.1875,0.3125
administrative,13,16725,0.75,0.75
administrative,4,6172,0.5,0.625
administrative,9,31746,0.375,0.5
administrative,1,28102,0.5,0.5
administrative,1,13639,0.5,0.625
administrative,4,13512,0.5,0.3125
administrative,11,30198,0.375,0.5625
administrative,9,16447,0.5,0.5
administrative,12,40034,0.375,0.5625
administrative,8,5768,0.375,0.3125
administrative,0,37314,0.5,0.3125
administrative,0,14369,0.625,0.4375
administrative,9,20303,0.5,0.625
administrative,6,20660,0.375,0.625
administrative,0,19626,0.1875,0.6875
administrative,3,35909,0.625,0.625
administrative,8,15542,0.375,0.5625
administrative,14,19335,0.5,0.5625
administrative,12,9164,0.375,0.375
administrative,9,8868,0.25,0.3125
administrative,3,35496,0.375,0.5
administrative,1,30073,0.3125,0.375
administrative,3,9502,0.375,0.375
administrative,2,8706,0.625,0.0
administrative,13,18549,0.5625,0.625
administrative,14,32452,0.5,0.4375
administrative,11,34982,0.625,0.375
administrative,7,11617,0.4375,0.375
administrative,10,34234,0.25,0.5
administrative,13,7901,0.5625,0.4375
administrative,10,6470,0.375,0.625
administrative,15,39492,0.5625,0.6875
administrative,8,29045,0.375,0.375
administrative,13,17329,0.6875,0.6875
administrative,14,28801,0.625,0.5
administrative,11,11140,0.375,0.5625
administrative,0,9833,0.4375,0.3125
administrative,10,6049,0.4375,0.5
administrative,6,20008,0.6875,0.5625
administrative,5,5951,0.4375,0.5
administrative,0,8350,0.4375,0.3125
administrative,14,8507,0.5,0.375
administrative,9,37540,0.4375,0.375
administrative,8,19801,0.625,0.5625
administrative,13,32082,0.4375,0.5625
administrative,7,5926,0.4375,0.4375
administrative,9,5027,0.75,0.5
administrative,14,32093,0.5,0.5625
administrative,5,32441,0.4375,0.5625
administrative,7,30245,0.4375,0.6875
administrative,7,16358,0.5,0.3125
administrative,12,33872,0.25,0.1875
administrative,9,10530,0.5,0.4375
administrative,7,17248,0.375,0.625
administrative,5,9374,0.8125,0.5625
administrative,13,26293,0.4375,0.3125
administrative,13,10270,0.625,0.375
administrative,5,13423,0.375,0.25
administrative,13,8032,0.625,0.625
administrative,11,11044,0.25,0.375
administrative,11,22265,0.4375,0.5
administrative,6,39263,0.5625,0.5625
administrative,0,25027,0.4375,0.5
administrative,5,10416,0.625,0.4375
administrative,0,18602,0.5625,0.375
administrative,3,7658,0.5625,0.25
administrative,3,34029,0.25,0.75
administrative,1,29866,0.3125,0.4375
administrative,9,8197,0.5,0.5
administrative,4,34898,0.5,0.5625
administrative,11,18471,0.6875,0.25
administrative,8,28432,0.4375,0.625
administrative,4,19371,0.4375,0.375
administrative,12,3868,0.4375,0.625
administrative,6,14444,0.625,0.4375
administrative,6,10724,0.375,0.4375
administrative,12,38588,0.5625,0.5625
administrative,12,13195,0.625,0.375
administrative,9,11026,0.5,0.5625
administrative,2,34715,0.5,0.375
administrative,14,3384,0.5625,0.4375
administrative,6,21901,0.4375,0.375
administrative,12,13683,0.8125,0.375
administrative,12,24046,0.4375,0.375
administrative,11,33098,0.5625,0.375
administrative,5,210,0.4375,0.5
administrative,0,12393,0.625,0.5625
administrative,6,35391,0.625,0.3125
administrative,5,10076,0.625,0.625
administrative,1,5402,0.5625,0.6875
administrative,2,40012,0.75,0.6875
administrative,1,25260,0.4375,0.3125
administrative,5,7480,0.625,0.625
administrative,6,28643,0.625,0.6875
administrative,0,32288,0.4375,0.625
administrative,12,5763,0.375,0.375
administrative,2,53,0.6875,0.5625
administrative,2,38789,0.1875,0.3125
administrative,12,37257,0.625,0.5
administrative,10,36499,0.5625,0.4375
administrative,14,1273,0.4375,0.4375
administrative,15,34714,0.625,0.6875
administrative,9,12520,0.6875,0.375
administrative,2,9755,0.25,0.5625
administrative,3,36689,0.625,0.5625
administrative,11,6400,0.6875,0.375
administrative,3,30873,0.3125,0.5625
administrative,3,13957,0.375,0.375
administrative,0,16666,0.6875,0.4375
administrative,7,29372,0.5625,0.5625
administrative,13,221,0.3125,0.375
administrative,1,15439,0.625,0.5625
administrative,9,6110,0.4375,0.5
administrative,5,37050,0.375,0.375
administrative,1,38831,0.5625,0.5625
administrative,0,1663,0.375,0.5
administrative,13,3967,0.5625,0.375
administrative,12,1459,0.5625,0.5
administrative,8,37952,0.5625,0.5
administrative,6,39951,0.625,0.6875
administrative,5,1296,0.375,0.4375
administrative,8,36072,0.5625,0.125
administrative,7,17632,0.3125,0.3125
administrative,2,3896,0.5,0.4375
administrative,1,4878,0.625,0.6875
administrative,4,17326,0.25,0.75
administrative,12,39751,0.5625,0.5
administrative,3,12562,0.5625,0.375
administrative,8,25227,0.5,0.25
administrative,12,9069,0.5625,0.5
administrative,9,9928,0.5,0.5
administrative,7,5458,0.5625,0.5
administrative,2,16634,0.4375,0.5
administrative,1,27386,0.25,0.3125
administrative,10,27213,0.3125,0.6875
administrative,7,35832,0.3125,0.5625
administrative,3,10904,0.3125,0.5625
administrative,7,4369,0.625,0.5
administrative,6,29718,0.375,0.6875
administrative,3,20191,0.5625,0.5625
administrative,10,8124,0.25,0.5625
administrative,6,396,0.5625,0.4375
administrative,8,10860,0.375,0.3125
administrative,8,39452,0.5625,0.625
administrative,11,11495,0.5,0.5
administrative,2,15219,0.375,0.625
administrative,12,39040,0.3125,0.5
administrative,3,34980,0.375,0.25
administrative,8,27955,0.1875,0.625
administrative,8,1222,0.375,0.5625
administrative,8,31916,0.5625,0.4375
administrative,10,2167,0.25,0.3125
administrative,2,11819,0.625,0.4375
administrative,1,27345,0.5625,0.375
administrative,7,24515,0.25,0.5
administrative,13,15990,0.4375,0.5
administrative,0,21650,0.4375,0.4375
administrative,5,27274,0.3125,0.5
administrative,6,16448,0.5,0.5625
administrative,11,13541,0.4375,0.375
administrative,12,14962,0.4375,0.3125
administrative,6,1734,0.4375,0.5
administrative,9,20232,0.375,0.5
administrative,13,20361,0.4375,0.625
administrative,2,33063,0.375,0.4375
administrative,6,34158,0.375,0.4375
administrative,10,30166,0.5,0.5
administrative,15,3152,0.6875,0.5
administrative,6,32190,0.375,0.5
administrative,0,34784,0.4375,0.375
administrative,11,14276,0.5625,0.4375
administrative,10,2453,0.625,0.625
administrative,9,32883,0.5,0.5
administrative,11,29998,0.5,0.375
administrative,6,195,0.4375,0.4375
administrative,0,35387,0.75,0.5625
administrative,10,15138,0.375,0.5
administrative,7,13852,0.4375,0.5625
administrative,4,17316,0.375,0.4375
administrative,7,10268,0.5625,0.5625
administrative,6,16190,0.5,0.5625
administrative,14,15085,0.6875,0.5625
administrative,9,14550,0.4375,0.3125
administrative,2,40275,0.625,0.5625
administrative,10,2892,0.625,0.625
administrative,9,21583,0.5625,0.4375
administrative,14,19648,0.6875,0.375
administrative,5,26074,0.4375,0.4375
administrative,12,17832,0.4375,0.5
administrative,10,27462,0.5,0.4375
administrative,5,33797,0.5,0.5
administrative,2,32160,0.4375,0.6875
administrative,1,22592,0.75,0.625
administrative,11,35647,0.375,0.625
administrative,9,14000,0.5,0.6875
administrative,15,36218,0.5625,0.4375
administrative,7,35027,0.5,0.4375
administrative,5,33398,0.5625,0.3125
administrative,12,13775,0.5625,0.375
administrative,6,13592,0.1875,0.5625
administrative,12,33083,0.4375,0.5
administrative,2,34509,0.4375,0.5625
administrative,11,5225,0.375,0.5
administrative,13,25408,0.5625,0.625
administrative,12,32973,0.5,0.375
administrative,6,28794,0.375,0.5625
administrative,13,19104,0.5,0.3125
administrative,10,27238,0.5,0.6875
administrative,11,34810,0.4375,0.25
administrative,3,3682,0.6875,0.25
administrative,13,21295,0.6875,0.1875
administrative,8,23635,0.3125,0.4375
administrative,6,18187,0.5625,0.5
administrative,3,5856,0.5,0.625
administrative,11,25561,0.6875,0.3125
administrative,12,3467,0.5625,0.3125
administrative,6,5494,0.4375,0.5
administrative,5,28565,0.6875,0.5
administrative,9,34759,0.4375,0.4375
administrative,10,33925,0.5,0.5625
administrative,4,10013,0.5,0.4375
administrative,11,32191,0.5625,0.25
administrative,4,4039,0.4375,0.5
administrative,10,10387,0.4375,0.5
administrative,9,4960,0.1875,0.625
administrative,7,24169,0.375,0.375
administrative,10,34772,0.4375,0.5625
administrative,11,37187,0.375,0.25
administrative,0,16922,0.3125,0.625
administrative,8,38611,0.5,0.5
administrative,3,5099,0.375,0.5625
administrative,13,29841,0.5625,0.5
administrative,0,3400,0.5625,0.4375
administrative,6,14876,0.5625,0.625
administrative,5,29436,0.5625,0.4375
administrative,9,14728,0.625,0.375
administrative,13,10613,0.25,0.4375
administrative,7,5690,0.4375,0.375
administrative,4,29654,0.3125,0.5625
administrative,14,4501,0.375,0.5
administrative,11,40136,0.5625,0.6875
administrative,8,34999,0.4375,0.5625
administrative,8,2454,0.3125,0.375
administrative,13,5151,0.5,0.75
administrative,3,35502,0.5,0.4375
administrative,7,38937,0.375,0.375
administrative,5,38580,0.625,0.3125
administrative,1,4760,0.4375,0.4375
administrative,2,39722,0.5625,0.25
administrative,13,3867,0.375,0.4375
administrative,4,7456,0.4375,0.4375
administrative,9,12829,0.4375,0.3125
administrative,3,33398,0.3125,0.3125
administrative,3,37552,0.5625,0.4375
administrative,8,3628,0.25,0.6875
administrative,14,29736,0.4375,0.625
administrative,9,35652,0.5,0.4375
administrative,5,5931,0.5,0.5625
administrative,10,6175,0.75,0.5
administrative,4,7624,0.5,0.5625
administrative,8,16022,0.4375,0.5
administrative,7,38853,0.5625,0.5
administrative,6,16338,0.6875,0.5
administrative,2,35692,0.4375,0.3125
administrative,1,19236,0.375,0.4375
administrative,3,12225,0.375,0.625
administrative,1,35377,0.5,0.4375
administrative,11,538,0.5625,0.625
administrative,14,16459,0.4375,0.5625
administrative,1,4299,0.5625,0.5625
administrative,4,31677,0.5,0.4375
administrative,4,33273,0.375,0.375
administrative,7,25260,0.5,0.3125
administrative,2,13961,0.5625,0.6875
administrative,4,25743,0.5,0.375
administrative,13,7633,0.4375,0.6875
administrative,13,4886,0.4375,0.6875
administrative,11,29683,0.375,0.4375
administrative,9,5601,0.25,0.3125
administrative,14,16546,0.3125,0.5625
administrative,6,21424,0.25,0.5625
administrative,4,13568,0.5,0.4375
administrative,8,25227,0.5,0.25
administrative,12,10544,0.375,0.5
administrative,12,15579,0.5625,0.5625
administrative,2,19670,0.5,0.5
administrative,12,26342,0.3125,0.625
administrative,5,11926,0.5,0.5
administrative,4,5594,0.5,0.5625
administrative,7,27977,0.375,0.5625
administrative,5,38781,0.6875,0.5625
administrative,14,25427,0.5625,0.5625
administrative,13,15851,0.3125,0.375
administrative,4,18025,0.625,0.5
administrative,2,6099,0.4375,0.6875
administrative,11,27499,0.625,0.5625
administrative,11,30971,0.625,0.25
administrative,5,31158,0.5,0.5
administrative,11,37639,0.4375,0.4375
administrative,11,12666,0.5625,0.25
administrative,14,31430,0.375,0.25
administrative,13,12666,0.375,0.25
administrative,2,4318,0.5,0.5625
administrative,8,39077,0.5625,0.625
administrative,9,35677,0.5,0.375
administrative,5,7319,0.375,0.4375
administrative,9,11339,0.4375,0.5625
administrative,14,7479,0.375,0.6875
administrative,13,3615,0.5625,0.3125
administrative,4,25608,0.4375,0.3125
administrative,6,16665,0.5,0.4375
administrative,13,28289,0.4375,0.5
administrative,10,2964,0.1875,0.625
administrative,4,18750,0.5,0.3125
administrative,1,39679,0.4375,0.4375
administrative,0,35957,0.5,0.5625
administrative,11,11125,0.4375,0.5625
administrative,7,11561,0.4375,0.5
administrative,8,7410,0.6875,0.375
administrative,15,32947,0.1875,0.375
administrative,3,2581,0.5,0.5625
administrative,12,10282,0.5625,0.4375
administrative,4,39254,0.5625,0.4375
administrative,1,39884,0.4375,0.625
administrative,2,1990,0.5625,0.625
administrative,3,20414,0.5,0.625
administrative,3,40213,0.5625,0.625
administrative,6,14221,0.5625,0.5625
administrative,4,21996,0.3125,0.4375
administrative,3,17251,0.3125,0.5
administrative,5,11136,0.375,0.3125
administrative,14,23599,0.625,0.3125
administrative,1,876,0.5,0.375
administrative,3,20403,0.5625,0.5
administrative,12,22207,0.625,0.5
administrative,1,21666,0.375,0.625
administrative,3,15083,0.5625,0.625
administrative,1,22724,0.625,0.4375
administrative,1,4588,0.4375,0.375
administrative,9,6492,0.6875,0.625
administrative,11,3768,0.375,0.3125
administrative,14,15937,0.4375,0.6875
administrative,15,2856,0.5625,0.375
administrative,11,10030,0.5625,0.3125
administrative,3,29318,0.5,0.375
administrative,9,10142,0.625,0.4375
administrative,9,14671,0.3125,0.375
administrative,2,25257,0.625,0.625
administrative,2,33229,0.4375,0.5
administrative,9,10981,0.375,0.4375
administrative,3,36194,0.3125,0.375
administrative,8,28136,0.375,0.6875
administrative,0,30990,0.6875,0.625
administrative,5,32145,0.4375,0.625
administrative,14,18031,0.25,0.5625
administrative,9,15620,0.5,0.5625
administrative,9,28878,0.4375,0.5
administrative,1,26549,0.5,0.1875
administrative,3,15348,0.375,0.6875
administrative,9,10425,0.375,0.5625
administrative,7,23560,0.625,0.4375
administrative,15,35100,0.5,0.3125
administrative,4,35876,0.5625,0.375
administrative,3,21269,0.5,0.375
administrative,10,24384,0.625,0.4375
administrative,1,78,0.25,0.25
administrative,7,39354,0.625,0.5
administrative,7,27232,0.5,0.4375
administrative,8,24727,0.3125,0.5625
administrative,3,25933,0.375,0.625
administrative,15,6920,0.375,0.25
administrative,10,30544,0.25,0.375
administrative,14,25154,0.4375,0.5625
administrative,2,29884,0.625,0.375
administrative,1,18249,0.5625,0.625
administrative,7,37225,0.5,0.4375
administrative,6,34558,0.3125,0.5625
administrative,3,34319,0.1875,0.5
administrative,2,29238,0.5625,0.25
administrative,14,3429,0.3125,0.5
administrative,8,13195,0.375,0.375
administrative,5,6672,0.5625,0.4375
administrative,2,16554,0.4375,0.375
administrative,4,26601,0.6875,0.5
administrative,1,38301,0.4375,0.4375
administrative,1,25690,0.3125,0.5
administrative,10,318,0.5625,0.4375
administrative,5,26090,0.5625,0.625
administrative,6,30097,0.625,0.5625
administrative,2,27189,0.4375,0.375
administrative,5,24268,0.5625,0.625
administrative,3,1636,0.4375,0.5625
administrative,4,10221,0.5,0.625
administrative,14,27700,0.375,0.4375
administrative,8,9518,0.5,0.375
administrative,4,479,0.5625,0.25
administrative,14,20468,0.6875,0.5625
administrative,2,10488,0.25,0.3125
administrative,1,29106,0.625,0.4375
administrative,8,7300,0.6875,0.4375
administrative,9,19927,0.375,0.375
administrative,14,20155,0.3125,0.4375
administrative,9,5140,0.5625,0.4375
administrative,7,20274,0.5625,0.5
administrative,10,6438,0.4375,0.5
administrative,6,26151,0.4375,0.4375
administrative,4,2477,0.375,0.6875
administrative,15,5214,0.5625,0.4375
administrative,7,1847,0.375,0.5625
administrative,14,5183,0.3125,0.5625
administrative,0,13603,0.25,0.5625
administrative,5,39036,0.4375,0.5625
administrative,8,9735,0.3125,0.5
administrative,12,7832,0.375,0.75
administrative,9,24923,0.375,0.5
administrative,8,25575,0.5,0.4375
administrative,13,31905,0.375,0.375
administrative,11,27710,0.4375,0.4375
administrative,13,16584,0.5625,0.3125
administrative,4,4080,0.25,0.4375
administrative,12,20578,0.4375,0.5
administrative,1,7230,0.3125,0.5625
administrative,9,8885,0.625,0.4375
administrative,0,32625,0.5,0.5
administrative,11,21306,0.625,0.4375
administrative,4,40028,0.6875,0.5
administrative,11,8344,0.4375,0.4375
administrative,6,32877,0.625,0.4375
administrative,10,11031,0.5625,0.375
administrative,6,21279,0.625,0.5
administrative,9,2875,0.5625,0.4375
administrative,6,23889,0.5,0.5625
administrative,1,10665,0.4375,0.375
administrative,10,2224,0.4375,0.5
administrative,11,12504,0.6875,0.375
administrative,3,29577,0.5,0.4375
administrative,12,3086,0.1875,0.5
administrative,14,19214,0.5,0.625
administrative,5,1918,0.5,0.5
administrative,0,38269,0.5,0.375
administrative,12,2237,0.5,0.5
administrative,3,3600,0.5,0.75
administrative,4,33418,0.5,0.3125
administrative,15,33050,0.375,0.6875
administrative,3,33459,0.4375,0.625
administrative,1,9323,0.6875,0.75
administrative,10,570,0.5625,0.25
administrative,6,31752,0.5,0.625
administrative,9,6462,0.375,0.4375
administrative,12,34559,0.5625,0.75
administrative,0,9769,0.5625,0.25
administrative,11,14367,0.4375,0.375
administrative,7,10085,0.4375,0.5625
administrative,11,33960,0.4375,0.625
administrative,0,28552,0.4375,0.5625
administrative,1,17680,0.25,0.375
administrative,13,9682,0.375,0.5625
administrative,2,4675,0.5,0.4375
administrative,7,36469,0.5625,0.6875
administrative,11,11976,0.5,0.5
administrative,6,34252,0.375,0.5625
administrative,6,27765,0.375,0.5
administrative,7,10707,0.3125,0.3125
administrative,2,8475,0.375,0.375
administrative,2,28897,0.5,0.4375
administrative,10,36285,0.4375,0.4375
administrative,9,28031,0.3125,0.375
administrative,8,6852,0.4375,0.375
administrative,14,15947,0.6875,0.4375
administrative,0,18807,0.375,0.5
administrative,3,17096,0.5,0.4375
administrative,2,12768,0.3125,0.5
administrative,6,11689,0.625,0.5625
administrative,9,21430,0.5625,0.25
administrative,11,34918,0.3125,0.5625
administrative,7,23769,0.375,0.5625
administrative,5,15948,0.375,0.5625
administrative,4,34484,0.3125,0.25
administrative,9,13178,0.375,0.5
administrative,10,34138,0.4375,0.375
administrative,2,32144,0.5625,0.5625
administrative,9,2569,0.625,0.5625
administrative,11,20348,0.375,0.625
administrative,2,33925,0.3125,0.5625
administrative,8,25224,0.375,0.4375
administrative,12,24477,0.5,0.5
administrative,7,19851,0.625,0.5625
administrative,5,35140,0.3125,0.5
administrative,11,21597,0.5625,0.375
administrative,3,35081,0.5,0.5625
administrative,10,40558,0.25,0.375
administrative,13,6396,0.4375,0.5
administrative,12,9417,0.375,0.375
administrative,13,8839,0.4375,0.5
administrative,7,7673,0.375,0.3125
administrative,5,25891,0.4375,0.75
administrative,6,38319,0.625,0.625
administrative,15,4895,0.4375,0.375
administrative,8,40357,0.4375,0.6875
administrative,3,17248,0.4375,0.625
administrative,2,28042,0.5,0.5
administrative,8,34517,0.3125,0.375
administrative,12,26724,0.4375,0.625
administrative,8,23510,0.5,0.375
administrative,4,8762,0.375,0.5
administrative,5,20843,0.625,0.5
administrative,13,29389,0.375,0.5625
administrative,3,2438,0.4375,0.25
administrative,3,37990,0.6875,0.4375
administrative,6,32598,0.5625,0.375
administrative,8,37869,0.25,0.3125
administrative,10,22306,0.5,0.4375
administrative,1,38832,0.375,0.625
administrative,4,11421,0.4375,0.375
administrative,0,18882,0.375,0.375
administrative,1,8488,0.4375,0.3125
administrative,7,27792,0.3125,0.4375
administrative,5,15731,0.4375,0.5
administrative,9,25373,0.5,0.4375
administrative,11,28103,0.5,0.3125
administrative,7,24029,0.625,0.6875
administrative,5,37445,0.4375,0.5625
administrative,7,18789,0.3125,0.3125
administrative,2,34982,0.4375,0.375
administrative,8,12738,0.25,0.5
administrative,12,31306,0.625,0.4375
administrative,11,740,0.375,0.4375
administrative,3,39303,0.375,0.5
administrative,13,14117,0.375,0.4375
administrative,0,16129,0.6875,0.4375
administrative,12,21608,0.5,0.5
administrative,12,17711,0.75,0.625
administrative,2,25052,0.5625,0.5
administrative,13,23598,0.375,0.5
administrative,0,12042,0.375,0.25
administrative,6,11474,0.5625,0.6875
administrative,13,4076,0.625,0.4375
administrative,1,9074,0.5,0.625
administrative,9,38899,0.375,0.625
administrative,3,38301,0.5625,0.4375
administrative,5,30667,0.375,0.625
administrative,8,12431,0.5625,0.375
administrative,7,1402,0.375,0.5625
administrative,3,33773,0.4375,0.375
administrative,12,15770,0.4375,0.8125
administrative,13,28315,0.25,0.375
administrative,9,29243,0.5,0.375
administrative,13,21953,0.4375,0.5625
administrative,8,13453,0.5,0.6875
administrative,10,3917,0.375,0.5
administrative,8,1378,0.75,0.5
administrative,7,18728,0.625,0.3125
administrative,13,25998,0.375,0.375
administrative,9,4663,0.25,0.375
administrative,0,40488,0.5,0.5
administrative,12,12249,0.75,0.5
administrative,7,7471,0.5,0.375
administrative,0,8551,0.625,0.4375
administrative,3,40249,0.625,0.3125
administrative,7,6731,0.625,0.375
administrative,13,11529,0.625,0.5625
administrative,14,4951,0.4375,0.3125
administrative,8,16658,0.5,0.5
administrative,7,6913,0.625,0.375
administrative,1,35899,0.5625,0.5
administrative,1,6051,0.75,0.5625
administrative,3,3118,0.75,0.375
administrative,4,19164,0.5,0.4375
administrative,14,25549,0.5625,0.375
administrative,0,16718,0.625,0.3125
administrative,8,40149,0.375,0.375
administrative,4,3961,0.5,0.3125
administrative,2,33188,0.5,0.625
administrative,13,17902,0.5625,0.6875
administrative,14,28259,0.5625,0.5
administrative,14,11417,0.5,0.5625
administrative,13,14446,0.5625,0.4375
administrative,4,33979,0.25,0.625
administrative,2,29497,0.375,0.375
administrative,12,19424,0.375,0.4375
administrative,13,32507,0.4375,0.5625
administrative,12,37535,0.5,0.375
administrative,0,13167,0.4375,0.375
administrative,9,1840,0.5625,0.3125
administrative,10,27955,0.625,0.625
administrative,1,36249,0.125,0.3125
administrative,8,29609,0.625,0.375
administrative,9,5740,0.375,0.375
administrative,5,22785,0.5,0.625
administrative,14,12047,0.4375,0.25
administrative,12,38095,0.4375,0.5
administrative,8,3649,0.3125,0.6875
administrative,11,23635,0.4375,0.4375
administrative,8,13087,0.4375,0.5
administrative,5,18003,0.3125,0.5625
administrative,0,35001,0.5625,0.5625
administrative,7,11664,0.375,0.5625
administrative,3,26730,0.4375,0.25
administrative,2,31326,0.4375,0.4375
administrative,8,55,0.375,0.625
administrative,3,40467,0.4375,0.25
administrative,5,593,0.5,0.6875
administrative,4,35586,0.4375,0.4375
administrative,0,6102,0.375,0.625
administrative,13,9244,0.3125,0.6875
administrative,7,26845,0.375,0.375
administrative,9,19266,0.5,0.4375
administrative,14,31978,0.4375,0.5625
administrative,12,3203,0.375,0.6875
administrative,1,3514,0.5,0.625
administrative,2,12443,0.4375,0.5
administrative,4,34394,0.5,0.3125
administrative,9,34597,0.375,0.25
administrative,10,20450,0.75,0.3125
administrative,14,17486,0.5,0.5625
administrative,5,5690,0.375,0.375
administrative,10,31279,0.5,0.375
administrative,1,993,0.625,0.375
administrative,15,7738,0.5625,0.625
administrative,11,7572,0.4375,0.5
administrative,12,28697,0.5625,0.5625
administrative,0,1419,0.5625,0.4375
administrative,3,12453,0.625,0.5625
administrative,0,3579,0.5625,0.4375
administrative,11,28646,0.5,0.625
administrative,11,13857,0.6875,0.5
administrative,10,2988,0.5,0.75
administrative,7,10685,0.625,0.25
administrative,8,3279,0.625,0.4375
administrative,8,37459,0.3125,0.5
administrative,9,13265,0.75,0.5625
administrative,10,16287,0.5625,0.4375
administrative,1,1724,0.5625,0.625
administrative,4,18471,0.5,0.25
administrative,5,39159,0.625,0.5
administrative,6,1873,0.4375,0.75
administrative,8,11292,0.625,0.4375
administrative,11,32597,0.375,0.6875
administrative,1,11519,0.375,0.5
administrative,0,20107,0.5,0.75
administrative,2,2654,0.375,0.5
administrative,3,39168,0.5,0.6875
administrative,10,20265,0.4375,0.5
administrative,1,34623,0.6875,0.625
administrative,10,5567,0.5,0.4375
administrative,3,7988,0.5,0.4375
administrative,7,30386,0.4375,0.5
administrative,5,2711,0.5,0.3125
administrative,11,23696,0.4375,0.4375
administrative,3,32026,0.3125,0.5625
administrative,5,20541,0.75,0.5625
administrative,10,23426,0.6875,0.3125
administrative,11,11102,0.6875,0.4375
administrative,6,38401,0.5625,0.3125
administrative,2,27347,0.25,0.375
administrative,4,11047,0.625,0.375
administrative,0,20708,0.5,0.5625
administrative,8,32389,0.5625,0.3125
administrative,2,23124,0.4375,0.625
administrative,9,20726,0.625,0.5625
administrative,3,10633,0.5,0.4375
administrative,0,35850,0.6875,0.4375
administrative,5,8369,0.625,0.5625
administrative,10,8583,0.625,0.1875
administrative,13,4912,0.3125,0.5
administrative,10,20297,0.625,0.375
administrative,5,14300,0.3125,0.625
administrative,0,26462,0.375,0.5
administrative,9,31544,0.5,0.5625
administrative,12,1321,0.6875,0.3125
administrative,11,28846,0.375,0.6875
administrative,11,3794,0.75,0.6875
administrative,14,15218,0.4375,0.5
administrative,8,26722,0.4375,0.4375
administrative,0,15425,0.3125,0.75
administrative,6,36888,0.25,0.4375
administrative,8,10685,0.5625,0.25
administrative,3,87,0.5,0.25
administrative,2,12728,0.5,0.5625
administrative,7,34070,0.5,0.4375
administrative,12,6353,0.4375,0.8125
administrative,12,14859,0.3125,0.625
administrative,3,19258,0.5,0.5
administrative,9,9353,0.4375,0.6875
administrative,14,30607,0.4375,0.6875
administrative,3,28549,0.8125,0.4375
administrative,7,38932,0.3125,0.4375
administrative,6,20688,0.375,0.625
administrative,9,7195,0.5625,0.4375
administrative,0,32493,0.5625,0.5625
administrative,13,1092,0.5,0.625
administrative,4,12444,0.5625,0.5
administrative,11,16270,0.5625,0.5
administrative,14,9434,0.5625,0.1875
administrative,14,8927,0.375,0.5625
administrative,0,23014,0.3125,0.5625
administrative,12,29084,0.375,0.4375
