method,domain,repetition,budget,produced,valid,validity_rate,unique,unique_rate,duplicates,branch_coverage,elapsed_s,objects_per_s,uniform_bugs,uniform_first,rare_branch_bugs,rare_branch_first,boundary_bugs,boundary_first,clustered_bugs,clustered_first,interaction_bugs,interaction_first,source_budget,source_elapsed_s,source_objects_per_s
feat,action_space,0,100,100,100,1.0,100,1.0,0,1.0,0.0003485279999964064,286920.9934382061,1,76,3,35,1,5,1,49,0,101,1000,0.0003485279999964064,2869209.9343820605
feat,action_space,0,500,500,500,1.0,500,1.0,0,1.0,0.0003485279999964064,1434604.9671910303,6,76,9,35,6,5,5,49,4,134,1000,0.0003485279999964064,2869209.9343820605
feat,action_space,0,1000,1000,1000,1.0,1000,1.0,0,1.0,0.0003485279999964064,2869209.9343820605,11,76,13,35,9,5,14,49,13,134,1000,0.0003485279999964064,2869209.9343820605
feat,action_space,1,100,100,100,1.0,100,1.0,0,1.0,0.00032868799999619114,304239.88706967945,1,53,1,95,2,1,2,27,0,101,1000,0.00032868799999619114,3042398.8706967947
feat,action_space,1,500,500,500,1.0,500,1.0,0,1.0,0.00032868799999619114,1521199.4353483974,5,53,8,95,7,1,5,27,6,144,1000,0.00032868799999619114,3042398.8706967947
feat,action_space,1,1000,1000,1000,1.0,1000,1.0,0,1.0,0.00032868799999619114,3042398.8706967947,12,53,13,95,15,1,19,27,16,144,1000,0.00032868799999619114,3042398.8706967947
feat,action_space,2,100,100,100,1.0,100,1.0,0,1.0,0.00032368100000468303,308946.15377038874,0,101,4,37,0,101,0,101,1,20,1000,0.00032368100000468303,3089461.5377038876
feat,action_space,2,500,500,500,1.0,500,1.0,0,1.0,0.00032368100000468303,1544730.7688519438,6,182,7,37,3,160,4,217,4,20,1000,0.00032368100000468303,3089461.5377038876
feat,action_space,2,1000,1000,1000,1.0,1000,1.0,0,1.0,0.00032368100000468303,3089461.5377038876,17,182,11,37,9,160,11,217,12,20,1000,0.00032368100000468303,3089461.5377038876
feat,action_space,3,100,100,100,1.0,100,1.0,0,1.0,0.00033748100000252634,296312.97761726263,0,101,2,72,1,52,3,39,0,101,1000,0.00033748100000252634,2963129.7761726263
feat,action_space,3,500,500,500,1.0,500,1.0,0,1.0,0.00033748100000252634,1481564.8880863131,1,403,8,72,3,52,11,39,4,108,1000,0.00033748100000252634,2963129.7761726263
feat,action_space,3,1000,1000,1000,1.0,1000,1.0,0,1.0,0.00033748100000252634,2963129.7761726263,5,403,11,72,11,52,17,39,13,108,1000,0.00033748100000252634,2963129.7761726263
feat,action_space,4,100,100,100,1.0,100,1.0,0,1.0,0.00033753099999955793,296269.0834327246,1,51,0,101,1,86,0,101,3,86,1000,0.00033753099999955793,2962690.834327246
feat,action_space,4,500,500,500,1.0,500,1.0,0,1.0,0.00033753099999955793,1481345.417163623,5,51,8,239,3,86,4,104,10,86,1000,0.00033753099999955793,2962690.834327246
feat,action_space,4,1000,1000,1000,1.0,1000,1.0,0,1.0,0.00033753099999955793,2962690.834327246,8,51,14,239,11,86,8,104,18,86,1000,0.00033753099999955793,2962690.834327246
feat,action_space,5,100,100,100,1.0,100,1.0,0,1.0,0.0003357780000001753,297815.8187848751,1,53,0,101,1,55,2,7,1,12,1000,0.0003357780000001753,2978158.187848751
feat,action_space,5,500,500,500,1.0,500,1.0,0,1.0,0.0003357780000001753,1489079.0939243755,10,53,4,253,5,55,6,7,6,12,1000,0.0003357780000001753,2978158.187848751
feat,action_space,5,1000,1000,1000,1.0,1000,1.0,0,1.0,0.0003357780000001753,2978158.187848751,15,53,8,253,12,55,14,7,11,12,1000,0.0003357780000001753,2978158.187848751
feat,action_space,6,100,100,100,1.0,100,1.0,0,1.0,0.00033647000000058824,297203.31678849575,0,101,3,60,4,4,0,101,2,57,1000,0.00033647000000058824,2972033.1678849575
feat,action_space,6,500,500,500,1.0,500,1.0,0,1.0,0.00033647000000058824,1486016.5839424788,4,192,8,60,9,4,7,105,6,57,1000,0.00033647000000058824,2972033.1678849575
feat,action_space,6,1000,1000,1000,1.0,1000,1.0,0,1.0,0.00033647000000058824,2972033.1678849575,8,192,12,60,17,4,14,105,15,57,1000,0.00033647000000058824,2972033.1678849575
feat,action_space,7,100,100,100,1.0,100,1.0,0,1.0,0.00033030099999820095,302754.15454553475,1,62,0,101,3,10,1,72,2,61,1000,0.00033030099999820095,3027541.5454553473
feat,action_space,7,500,500,500,1.0,500,1.0,0,1.0,0.00033030099999820095,1513770.7727276736,3,62,8,110,7,10,8,72,10,61,1000,0.00033030099999820095,3027541.5454553473
feat,action_space,7,1000,1000,1000,1.0,1000,1.0,0,1.0,0.00033030099999820095,3027541.5454553473,12,62,21,110,14,10,13,72,11,61,1000,0.00033030099999820095,3027541.5454553473
feat,action_space,8,100,100,100,1.0,100,1.0,0,1.0,0.0003375020000007112,296294.5404761728,2,24,1,65,0,101,2,11,0,101,1000,0.0003375020000007112,2962945.4047617284
feat,action_space,8,500,500,500,1.0,500,1.0,0,1.0,0.0003375020000007112,1481472.7023808642,10,24,3,65,6,123,9,11,3,261,1000,0.0003375020000007112,2962945.4047617284
feat,action_space,8,1000,1000,1000,1.0,1000,1.0,0,1.0,0.0003375020000007112,2962945.4047617284,16,24,14,65,10,123,13,11,10,261,1000,0.0003375020000007112,2962945.4047617284
feat,action_space,9,100,100,100,1.0,100,1.0,0,1.0,0.0005184610000057432,192878.53859575215,1,99,3,55,2,59,1,77,1,49,1000,0.0005184610000057432,1928785.3859575214
feat,action_space,9,500,500,500,1.0,500,1.0,0,1.0,0.0005184610000057432,964392.6929787607,3,99,9,55,5,59,4,77,4,49,1000,0.0005184610000057432,1928785.3859575214
feat,action_space,9,1000,1000,1000,1.0,1000,1.0,0,1.0,0.0005184610000057432,1928785.3859575214,9,99,13,55,10,59,12,77,14,49,1000,0.0005184610000057432,1928785.3859575214
feat,action_space,10,100,100,100,1.0,100,1.0,0,1.0,0.00032856800000047315,304351.00192306004,4,19,1,68,1,56,0,101,2,66,1000,0.00032856800000047315,3043510.0192306004
feat,action_space,10,500,500,500,1.0,500,1.0,0,1.0,0.00032856800000047315,1521755.0096153002,6,19,10,68,6,56,6,109,4,66,1000,0.00032856800000047315,3043510.0192306004
feat,action_space,10,1000,1000,1000,1.0,1000,1.0,0,1.0,0.00032856800000047315,3043510.0192306004,13,19,14,68,16,56,13,109,14,66,1000,0.00032856800000047315,3043510.0192306004
feat,action_space,11,100,100,100,1.0,100,1.0,0,1.0,0.00033669999999830225,297000.29700179456,2,30,2,10,4,14,4,25,1,27,1000,0.00033669999999830225,2970002.970017946
feat,action_space,11,500,500,500,1.0,500,1.0,0,1.0,0.00033669999999830225,1485001.485008973,6,30,12,10,12,14,8,25,5,27,1000,0.00033669999999830225,2970002.970017946
feat,action_space,11,1000,1000,1000,1.0,1000,1.0,0,1.0,0.00033669999999830225,2970002.970017946,10,30,16,10,16,14,14,25,12,27,1000,0.00033669999999830225,2970002.970017946
feat,action_space,12,100,100,100,1.0,100,1.0,0,1.0,0.000346804999999506,288346.4771273264,1,77,2,9,1,14,1,31,1,15,1000,0.000346804999999506,2883464.7712732647
feat,action_space,12,500,500,500,1.0,500,1.0,0,1.0,0.000346804999999506,1441732.3856366323,8,77,7,9,3,14,8,31,7,15,1000,0.000346804999999506,2883464.7712732647
feat,action_space,12,1000,1000,1000,1.0,1000,1.0,0,1.0,0.000346804999999506,2883464.7712732647,14,77,15,9,9,14,13,31,11,15,1000,0.000346804999999506,2883464.7712732647
feat,action_space,13,100,100,100,1.0,100,1.0,0,1.0,0.00033297400000265043,300323.748999033,4,17,0,101,0,101,2,29,1,17,1000,0.00033297400000265043,3003237.48999033
feat,action_space,13,500,500,500,1.0,500,1.0,0,1.0,0.00033297400000265043,1501618.744995165,9,17,2,175,4,315,8,29,7,17,1000,0.00033297400000265043,3003237.48999033
feat,action_space,13,1000,1000,1000,1.0,1000,1.0,0,1.0,0.00033297400000265043,3003237.48999033,13,17,11,175,10,315,15,29,11,17,1000,0.00033297400000265043,3003237.48999033
feat,action_space,14,100,100,100,1.0,100,1.0,0,1.0,0.0003503200000025686,285453.2998380532,0,101,3,60,2,11,1,49,1,5,1000,0.0003503200000025686,2854532.998380532
feat,action_space,14,500,500,500,1.0,500,1.0,0,1.0,0.0003503200000025686,1427266.499190266,4,297,7,60,6,11,6,49,9,5,1000,0.0003503200000025686,2854532.998380532
feat,action_space,14,1000,1000,1000,1.0,1000,1.0,0,1.0,0.0003503200000025686,2854532.998380532,11,297,14,60,17,11,13,49,15,5,1000,0.0003503200000025686,2854532.998380532
feat,action_space,15,100,100,100,1.0,100,1.0,0,1.0,0.00037749100000183944,264906.9779134144,2,13,2,69,0,101,1,55,1,61,1000,0.00037749100000183944,2649069.779134144
feat,action_space,15,500,500,500,1.0,500,1.0,0,1.0,0.00037749100000183944,1324534.889567072,8,13,8,69,5,165,7,55,11,61,1000,0.00037749100000183944,2649069.779134144
feat,action_space,15,1000,1000,1000,1.0,1000,1.0,0,1.0,0.00037749100000183944,2649069.779134144,19,13,11,69,12,165,11,55,17,61,1000,0.00037749100000183944,2649069.779134144
feat,action_space,16,100,100,100,1.0,100,1.0,0,1.0,0.00033235399999398396,300883.9971891722,2,16,0,101,1,49,1,66,0,101,1000,0.00033235399999398396,3008839.9718917217
feat,action_space,16,500,500,500,1.0,500,1.0,0,1.0,0.00033235399999398396,1504419.9859458609,8,16,6,167,4,49,9,66,6,135,1000,0.00033235399999398396,3008839.9718917217
feat,action_space,16,1000,1000,1000,1.0,1000,1.0,0,1.0,0.00033235399999398396,3008839.9718917217,14,16,15,167,13,49,14,66,9,135,1000,0.00033235399999398396,3008839.9718917217
feat,action_space,17,100,100,100,1.0,100,1.0,0,1.0,0.0003290280000030066,303925.50177822623,1,79,1,12,0,101,0,101,1,7,1000,0.0003290280000030066,3039255.0177822625
feat,action_space,17,500,500,500,1.0,500,1.0,0,1.0,0.0003290280000030066,1519627.5088911313,5,79,10,12,6,114,6,133,7,7,1000,0.0003290280000030066,3039255.0177822625
feat,action_space,17,1000,1000,1000,1.0,1000,1.0,0,1.0,0.0003290280000030066,3039255.0177822625,13,79,15,12,10,114,16,133,11,7,1000,0.0003290280000030066,3039255.0177822625
feat,action_space,18,100,100,100,1.0,100,1.0,0,1.0,0.0003273559999996678,305477.8284195233,1,19,1,35,2,10,1,33,1,97,1000,0.0003273559999996678,3054778.284195233
feat,action_space,18,500,500,500,1.0,500,1.0,0,1.0,0.0003273559999996678,1527389.1420976166,5,19,7,35,11,10,6,33,5,97,1000,0.0003273559999996678,3054778.284195233
feat,action_space,18,1000,1000,1000,1.0,1000,1.0,0,1.0,0.0003273559999996678,3054778.284195233,13,19,16,35,18,10,9,33,10,97,1000,0.0003273559999996678,3054778.284195233
feat,action_space,19,100,100,100,1.0,100,1.0,0,1.0,0.0003312629999996375,301874.94528549653,4,44,2,52,1,46,2,22,2,10,1000,0.0003312629999996375,3018749.4528549653
feat,action_space,19,500,500,500,1.0,500,1.0,0,1.0,0.0003312629999996375,1509374.7264274827,12,44,6,52,11,46,7,22,6,10,1000,0.0003312629999996375,3018749.4528549653
feat,action_space,19,1000,1000,1000,1.0,1000,1.0,0,1.0,0.0003312629999996375,3018749.4528549653,21,44,16,52,21,46,13,22,15,10,1000,0.0003312629999996375,3018749.4528549653
feat,balanced_product,0,100,100,100,1.0,100,1.0,0,1.0,0.00035160800000255676,284407.6357741372,6,1,1,99,2,2,3,1,0,101,1000,0.00035160800000255676,2844076.357741372
feat,balanced_product,0,500,500,500,1.0,500,1.0,0,1.0,0.00035160800000255676,1422038.178870686,12,1,7,99,12,2,9,1,9,108,1000,0.00035160800000255676,2844076.357741372
feat,balanced_product,0,1000,1000,1000,1.0,1000,1.0,0,1.0,0.00035160800000255676,2844076.357741372,21,1,11,99,17,2,16,1,18,108,1000,0.00035160800000255676,2844076.357741372
feat,balanced_product,1,100,100,100,1.0,100,1.0,0,1.0,0.0003255180000039104,307202.6738883832,0,101,0,101,1,63,2,69,2,40,1000,0.0003255180000039104,3072026.7388838315
feat,balanced_product,1,500,500,500,1.0,500,1.0,0,1.0,0.0003255180000039104,1536013.3694419158,5,116,6,164,7,63,8,69,6,40,1000,0.0003255180000039104,3072026.7388838315
feat,balanced_product,1,1000,1000,1000,1.0,1000,1.0,0,1.0,0.0003255180000039104,3072026.7388838315,10,116,16,164,18,63,19,69,12,40,1000,0.0003255180000039104,3072026.7388838315
feat,balanced_product,2,100,100,100,1.0,100,1.0,0,1.0,0.00032718199999948183,305640.2858352794,5,5,3,19,4,9,0,101,3,11,1000,0.00032718199999948183,3056402.858352794
feat,balanced_product,2,500,500,500,1.0,500,1.0,0,1.0,0.00032718199999948183,1528201.429176397,12,5,13,19,14,9,6,165,11,11,1000,0.00032718199999948183,3056402.858352794
feat,balanced_product,2,1000,1000,1000,1.0,1000,1.0,0,1.0,0.00032718199999948183,3056402.858352794,17,5,20,19,18,9,15,165,16,11,1000,0.00032718199999948183,3056402.858352794
feat,balanced_product,3,100,100,100,1.0,100,1.0,0,1.0,0.0003371200000046315,296630.2800149091,1,59,5,16,4,16,2,54,1,47,1000,0.0003371200000046315,2966302.800149091
feat,balanced_product,3,500,500,500,1.0,500,1.0,0,1.0,0.0003371200000046315,1483151.4000745455,7,59,6,16,6,16,6,54,7,47,1000,0.0003371200000046315,2966302.800149091
feat,balanced_product,3,1000,1000,1000,1.0,1000,1.0,0,1.0,0.0003371200000046315,2966302.800149091,15,59,15,16,13,16,11,54,15,47,1000,0.0003371200000046315,2966302.800149091
feat,balanced_product,4,100,100,100,1.0,100,1.0,0,1.0,0.00033683999999567504,296876.8554841586,1,87,1,16,1,16,3,13,1,86,1000,0.00033683999999567504,2968768.554841586
feat,balanced_product,4,500,500,500,1.0,500,1.0,0,1.0,0.00033683999999567504,1484384.277420793,9,87,4,16,3,16,8,13,3,86,1000,0.00033683999999567504,2968768.554841586
feat,balanced_product,4,1000,1000,1000,1.0,1000,1.0,0,1.0,0.00033683999999567504,2968768.554841586,18,87,12,16,12,16,18,13,12,86,1000,0.00033683999999567504,2968768.554841586
feat,balanced_product,5,100,100,100,1.0,100,1.0,0,1.0,0.0003544330000053719,282140.7713121644,0,101,1,58,2,17,1,54,0,101,1000,0.0003544330000053719,2821407.7131216438
feat,balanced_product,5,500,500,500,1.0,500,1.0,0,1.0,0.0003544330000053719,1410703.8565608219,8,105,8,58,8,17,6,54,9,123,1000,0.0003544330000053719,2821407.7131216438
feat,balanced_product,5,1000,1000,1000,1.0,1000,1.0,0,1.0,0.0003544330000053719,2821407.7131216438,13,105,14,58,16,17,16,54,15,123,1000,0.0003544330000053719,2821407.7131216438
feat,balanced_product,6,100,100,100,1.0,100,1.0,0,1.0,0.0003168129999977509,315643.6131115513,2,32,1,91,1,91,2,83,2,1,1000,0.0003168129999977509,3156436.1311155134
feat,balanced_product,6,500,500,500,1.0,500,1.0,0,1.0,0.0003168129999977509,1578218.0655577567,4,32,6,91,3,91,5,83,7,1,1000,0.0003168129999977509,3156436.1311155134
feat,balanced_product,6,1000,1000,1000,1.0,1000,1.0,0,1.0,0.0003168129999977509,3156436.1311155134,15,32,11,91,12,91,14,83,17,1,1000,0.0003168129999977509,3156436.1311155134
feat,balanced_product,7,100,100,100,1.0,100,1.0,0,1.0,0.0003326319999956695,300632.53084881156,3,31,2,29,2,29,2,31,1,40,1000,0.0003326319999956695,3006325.3084881157
feat,balanced_product,7,500,500,500,1.0,500,1.0,0,1.0,0.0003326319999956695,1503162.6542440578,12,31,6,29,6,29,14,31,8,40,1000,0.0003326319999956695,3006325.3084881157
feat,balanced_product,7,1000,1000,1000,1.0,1000,1.0,0,1.0,0.0003326319999956695,3006325.3084881157,20,31,17,29,13,29,20,31,10,40,1000,0.0003326319999956695,3006325.3084881157
feat,balanced_product,8,100,100,100,1.0,100,1.0,0,1.0,0.0003205300000033162,311983.2776930877,2,3,0,101,0,101,0,101,4,5,1000,0.0003205300000033162,3119832.776930877
feat,balanced_product,8,500,500,500,1.0,500,1.0,0,1.0,0.0003205300000033162,1559916.3884654385,8,3,4,203,6,198,6,111,6,5,1000,0.0003205300000033162,3119832.776930877
feat,balanced_product,8,1000,1000,1000,1.0,1000,1.0,0,1.0,0.0003205300000033162,3119832.776930877,15,3,12,203,14,198,15,111,10,5,1000,0.0003205300000033162,3119832.776930877
feat,balanced_product,9,100,100,100,1.0,100,1.0,0,1.0,0.00031644100000249864,316014.6757190452,1,13,0,101,0,101,1,48,1,58,1000,0.00031644100000249864,3160146.7571904524
feat,balanced_product,9,500,500,500,1.0,500,1.0,0,1.0,0.00031644100000249864,1580073.3785952262,10,13,8,153,11,143,5,48,5,58,1000,0.00031644100000249864,3160146.7571904524
feat,balanced_product,9,1000,1000,1000,1.0,1000,1.0,0,1.0,0.00031644100000249864,3160146.7571904524,18,13,15,153,20,143,15,48,13,58,1000,0.00031644100000249864,3160146.7571904524
feat,balanced_product,10,100,100,100,1.0,100,1.0,0,1.0,0.0003249280000048316,307760.488472871,0,101,1,38,5,24,2,74,0,101,1000,0.0003249280000048316,3077604.88472871
feat,balanced_product,10,500,500,500,1.0,500,1.0,0,1.0,0.0003249280000048316,1538802.442364355,9,119,6,38,8,24,9,74,8,120,1000,0.0003249280000048316,3077604.88472871
feat,balanced_product,10,1000,1000,1000,1.0,1000,1.0,0,1.0,0.0003249280000048316,3077604.88472871,18,119,14,38,15,24,17,74,17,120,1000,0.0003249280000048316,3077604.88472871
feat,balanced_product,11,100,100,100,1.0,100,1.0,0,1.0,0.00033055800000170166,302518.7712882012,0,101,3,15,3,30,2,32,0,101,1000,0.00033055800000170166,3025187.712882012
feat,balanced_product,11,500,500,500,1.0,500,1.0,0,1.0,0.00033055800000170166,1512593.856441006,9,108,8,15,8,30,9,32,6,148,1000,0.00033055800000170166,3025187.712882012
feat,balanced_product,11,1000,1000,1000,1.0,1000,1.0,0,1.0,0.00033055800000170166,3025187.712882012,14,108,21,15,16,30,17,32,16,148,1000,0.00033055800000170166,3025187.712882012
feat,balanced_product,12,100,100,100,1.0,100,1.0,0,1.0,0.0003322519999997553,300976.36733585846,0,101,0,101,2,28,0,101,0,101,1000,0.0003322519999997553,3009763.6733585848
feat,balanced_product,12,500,500,500,1.0,500,1.0,0,1.0,0.0003322519999997553,1504881.8366792924,7,101,3,193,5,28,5,239,5,107,1000,0.0003322519999997553,3009763.6733585848
feat,balanced_product,12,1000,1000,1000,1.0,1000,1.0,0,1.0,0.0003322519999997553,3009763.6733585848,15,101,9,193,10,28,12,239,14,107,1000,0.0003322519999997553,3009763.6733585848
feat,balanced_product,13,100,100,100,1.0,100,1.0,0,1.0,0.00032019900000079815,312305.7848392741,3,1,3,7,3,7,0,101,0,101,1000,0.00032019900000079815,3123057.8483927413
feat,balanced_product,13,500,500,500,1.0,500,1.0,0,1.0,0.00032019900000079815,1561528.9241963706,7,1,6,7,8,7,7,116,8,118,1000,0.00032019900000079815,3123057.8483927413
feat,balanced_product,13,1000,1000,1000,1.0,1000,1.0,0,1.0,0.00032019900000079815,3123057.8483927413,18,1,14,7,17,7,19,116,18,118,1000,0.00032019900000079815,3123057.8483927413
feat,balanced_product,14,100,100,100,1.0,100,1.0,0,1.0,0.000317483999999979,314976.5027529155,0,101,1,81,1,81,3,58,0,101,1000,0.000317483999999979,3149765.0275291544
feat,balanced_product,14,500,500,500,1.0,500,1.0,0,1.0,0.000317483999999979,1574882.5137645772,5,218,8,81,6,81,8,58,3,181,1000,0.000317483999999979,3149765.0275291544
feat,balanced_product,14,1000,1000,1000,1.0,1000,1.0,0,1.0,0.000317483999999979,3149765.0275291544,14,218,15,81,15,81,15,58,10,181,1000,0.000317483999999979,3149765.0275291544
feat,balanced_product,15,100,100,100,1.0,100,1.0,0,1.0,0.0003174130000047626,315046.9577443254,2,16,0,101,2,5,1,25,0,101,1000,0.0003174130000047626,3150469.577443254
feat,balanced_product,15,500,500,500,1.0,500,1.0,0,1.0,0.0003174130000047626,1575234.788721627,9,16,1,388,6,5,9,25,6,120,1000,0.0003174130000047626,3150469.577443254
feat,balanced_product,15,1000,1000,1000,1.0,1000,1.0,0,1.0,0.0003174130000047626,3150469.577443254,14,16,13,388,19,5,14,25,9,120,1000,0.0003174130000047626,3150469.577443254
feat,balanced_product,16,100,100,100,1.0,100,1.0,0,1.0,0.0003166320000005385,315824.0481057819,3,27,0,101,1,84,0,101,1,73,1000,0.0003166320000005385,3158240.481057819
feat,balanced_product,16,500,500,500,1.0,500,1.0,0,1.0,0.0003166320000005385,1579120.2405289095,10,27,10,167,11,84,9,121,4,73,1000,0.0003166320000005385,3158240.481057819
feat,balanced_product,16,1000,1000,1000,1.0,1000,1.0,0,1.0,0.0003166320000005385,3158240.481057819,20,27,20,167,15,84,16,121,14,73,1000,0.0003166320000005385,3158240.481057819
feat,balanced_product,17,100,100,100,1.0,100,1.0,0,1.0,0.00032808400000305937,304799.9902435581,3,52,1,58,1,58,0,101,1,60,1000,0.00032808400000305937,3047999.9024355807
feat,balanced_product,17,500,500,500,1.0,500,1.0,0,1.0,0.00032808400000305937,1523999.9512177904,8,52,7,58,10,58,5,115,8,60,1000,0.00032808400000305937,3047999.9024355807
feat,balanced_product,17,1000,1000,1000,1.0,1000,1.0,0,1.0,0.00032808400000305937,3047999.9024355807,19,52,19,58,18,58,15,115,18,60,1000,0.00032808400000305937,3047999.9024355807
feat,balanced_product,18,100,100,100,1.0,100,1.0,0,1.0,0.00033268299999633655,300586.4441558516,0,101,2,67,2,33,0,101,0,101,1000,0.00033268299999633655,3005864.441558516
feat,balanced_product,18,500,500,500,1.0,500,1.0,0,1.0,0.00033268299999633655,1502932.220779258,7,149,9,67,8,33,6,127,5,216,1000,0.00033268299999633655,3005864.441558516
feat,balanced_product,18,1000,1000,1000,1.0,1000,1.0,0,1.0,0.00033268299999633655,3005864.441558516,12,149,14,67,14,33,15,127,16,216,1000,0.00033268299999633655,3005864.441558516
feat,balanced_product,19,100,100,100,1.0,100,1.0,0,1.0,0.0003210010000032071,311525.50926321384,1,26,0,101,0,101,0,101,3,18,1000,0.0003210010000032071,3115255.0926321386
feat,balanced_product,19,500,500,500,1.0,500,1.0,0,1.0,0.0003210010000032071,1557627.5463160693,11,26,6,112,8,112,9,223,6,18,1000,0.0003210010000032071,3115255.0926321386
feat,balanced_product,19,1000,1000,1000,1.0,1000,1.0,0,1.0,0.0003210010000032071,3115255.0926321386,21,26,11,112,16,112,21,223,13,18,1000,0.0003210010000032071,3115255.0926321386
feat,dependent_record,0,100,100,100,1.0,100,1.0,0,0.75,0.00038196099999510125,261806.83368533052,1,48,0,101,0,101,0,101,1,55,1000,0.00038196099999510125,2618068.336853305
feat,dependent_record,0,500,500,500,1.0,500,1.0,0,0.75,0.00038196099999510125,1309034.1684266524,2,48,0,501,1,352,3,131,2,55,1000,0.00038196099999510125,2618068.336853305
feat,dependent_record,0,1000,1000,1000,1.0,1000,1.0,0,0.75,0.00038196099999510125,2618068.336853305,5,48,0,1001,3,352,5,131,3,55,1000,0.00038196099999510125,2618068.336853305
feat,dependent_record,1,100,100,100,1.0,100,1.0,0,1.0,0.0004105739999999969,243561.4529902058,0,101,1,10,0,101,0,101,0,101,1000,0.0004105739999999969,2435614.529902058
feat,dependent_record,1,500,500,500,1.0,500,1.0,0,1.0,0.0004105739999999969,1217807.264951029,6,169,2,10,2,139,1,121,3,304,1000,0.0004105739999999969,2435614.529902058
feat,dependent_record,1,1000,1000,1000,1.0,1000,1.0,0,1.0,0.0004105739999999969,2435614.529902058,12,169,4,10,5,139,5,121,8,304,1000,0.0004105739999999969,2435614.529902058
feat,dependent_record,2,100,100,100,1.0,100,1.0,0,0.75,0.00043608200000022634,229314.67017659085,0,101,0,101,1,61,1,36,0,101,1000,0.00043608200000022634,2293146.7017659084
feat,dependent_record,2,500,500,500,1.0,500,1.0,0,1.0,0.00043608200000022634,1146573.3508829542,3,123,1,412,2,61,7,36,2,254,1000,0.00043608200000022634,2293146.7017659084
feat,dependent_record,2,1000,1000,1000,1.0,1000,1.0,0,1.0,0.00043608200000022634,2293146.7017659084,5,123,3,412,5,61,8,36,8,254,1000,0.00043608200000022634,2293146.7017659084
feat,dependent_record,3,100,100,100,1.0,100,1.0,0,1.0,0.0004091309999978421,244420.49123759245,1,37,1,9,0,101,1,85,0,101,1000,0.0004091309999978421,2444204.9123759246
feat,dependent_record,3,500,500,500,1.0,500,1.0,0,1.0,0.0004091309999978421,1222102.4561879623,2,37,2,9,1,424,1,85,2,101,1000,0.0004091309999978421,2444204.9123759246
feat,dependent_record,3,1000,1000,1000,1.0,1000,1.0,0,1.0,0.0004091309999978421,2444204.9123759246,4,37,3,9,1,424,6,85,4,101,1000,0.0004091309999978421,2444204.9123759246
feat,dependent_record,4,100,100,100,1.0,100,1.0,0,0.75,0.000436802000002956,228936.68069130467,0,101,0,101,1,4,1,55,0,101,1000,0.000436802000002956,2289366.8069130466
feat,dependent_record,4,500,500,500,1.0,500,1.0,0,1.0,0.000436802000002956,1144683.4034565233,4,122,2,202,2,4,1,55,5,105,1000,0.000436802000002956,2289366.8069130466
feat,dependent_record,4,1000,1000,1000,1.0,1000,1.0,0,1.0,0.000436802000002956,2289366.8069130466,6,122,3,202,4,4,2,55,9,105,1000,0.000436802000002956,2289366.8069130466
feat,dependent_record,5,100,100,100,1.0,100,1.0,0,0.75,0.0004171360000029267,239729.96816217824,1,38,0,101,0,101,0,101,0,101,1000,0.0004171360000029267,2397299.6816217825
feat,dependent_record,5,500,500,500,1.0,500,1.0,0,0.75,0.0004171360000029267,1198649.8408108912,2,38,0,501,1,220,4,343,2,340,1000,0.0004171360000029267,2397299.6816217825
feat,dependent_record,5,1000,1000,1000,1.0,1000,1.0,0,1.0,0.0004171360000029267,2397299.6816217825,3,38,2,727,3,220,6,343,3,340,1000,0.0004171360000029267,2397299.6816217825
feat,dependent_record,6,100,100,100,1.0,100,1.0,0,1.0,0.0004374139999967497,228616.36801918337,0,101,1,70,1,47,0,101,1,47,1000,0.0004374139999967497,2286163.6801918335
feat,dependent_record,6,500,500,500,1.0,500,1.0,0,1.0,0.0004374139999967497,1143081.8400959168,2,259,1,70,1,47,1,110,3,47,1000,0.0004374139999967497,2286163.6801918335
feat,dependent_record,6,1000,1000,1000,1.0,1000,1.0,0,1.0,0.0004374139999967497,2286163.6801918335,6,259,3,70,4,47,4,110,4,47,1000,0.0004374139999967497,2286163.6801918335
feat,dependent_record,7,100,100,100,1.0,100,1.0,0,1.0,0.0004176070000028176,239459.5876010826,1,2,1,43,0,101,0,101,1,97,1000,0.0004176070000028176,2394595.876010826
feat,dependent_record,7,500,500,500,1.0,500,1.0,0,1.0,0.0004176070000028176,1197297.938005413,2,2,1,43,1,344,0,501,3,97,1000,0.0004176070000028176,2394595.876010826
feat,dependent_record,7,1000,1000,1000,1.0,1000,1.0,0,1.0,0.0004176070000028176,2394595.876010826,7,2,5,43,3,344,2,535,5,97,1000,0.0004176070000028176,2394595.876010826
feat,dependent_record,8,100,100,100,1.0,100,1.0,0,1.0,0.000427354999999352,233997.4962271452,1,85,1,24,0,101,2,56,1,91,1000,0.000427354999999352,2339974.962271452
feat,dependent_record,8,500,500,500,1.0,500,1.0,0,1.0,0.000427354999999352,1169987.481135726,2,85,1,24,2,236,4,56,4,91,1000,0.000427354999999352,2339974.962271452
feat,dependent_record,8,1000,1000,1000,1.0,1000,1.0,0,1.0,0.000427354999999352,2339974.962271452,5,85,2,24,3,236,4,56,4,91,1000,0.000427354999999352,2339974.962271452
feat,dependent_record,9,100,100,100,1.0,100,1.0,0,0.75,0.00042542099999565153,235061.26872209448,0,101,1,64,0,101,0,101,1,58,1000,0.00042542099999565153,2350612.687220945
feat,dependent_record,9,500,500,500,1.0,500,1.0,0,1.0,0.00042542099999565153,1175306.3436104725,0,501,2,64,2,414,3,178,3,58,1000,0.00042542099999565153,2350612.687220945
feat,dependent_record,9,1000,1000,1000,1.0,1000,1.0,0,1.0,0.00042542099999565153,2350612.687220945,4,608,2,64,3,414,4,178,8,58,1000,0.00042542099999565153,2350612.687220945
feat,dependent_record,10,100,100,100,1.0,100,1.0,0,0.75,0.00042829699999913373,233482.84017913332,0,101,0,101,1,96,1,3,0,101,1000,0.00042829699999913373,2334828.401791333
feat,dependent_record,10,500,500,500,1.0,500,1.0,0,1.0,0.00042829699999913373,1167414.2008956666,2,158,1,112,5,96,3,3,1,290,1000,0.00042829699999913373,2334828.401791333
feat,dependent_record,10,1000,1000,1000,1.0,1000,1.0,0,1.0,0.00042829699999913373,2334828.401791333,7,158,2,112,10,96,10,3,3,290,1000,0.00042829699999913373,2334828.401791333
feat,dependent_record,11,100,100,100,1.0,100,1.0,0,0.75,0.0004074980000012829,245399.9774224295,1,2,1,55,0,101,1,33,2,11,1000,0.0004074980000012829,2453999.7742242953
feat,dependent_record,11,500,500,500,1.0,500,1.0,0,1.0,0.0004074980000012829,1226999.8871121476,2,2,4,55,2,221,2,33,5,11,1000,0.0004074980000012829,2453999.7742242953
feat,dependent_record,11,1000,1000,1000,1.0,1000,1.0,0,1.0,0.0004074980000012829,2453999.7742242953,6,2,5,55,3,221,2,33,8,11,1000,0.0004074980000012829,2453999.7742242953
feat,dependent_record,12,100,100,100,1.0,100,1.0,0,0.75,0.00042123400000093625,237397.74092256973,0,101,0,101,0,101,3,45,1,59,1000,0.00042123400000093625,2373977.409225697
feat,dependent_record,12,500,500,500,1.0,500,1.0,0,1.0,0.00042123400000093625,1186988.7046128486,1,215,2,315,4,360,4,45,4,59,1000,0.00042123400000093625,2373977.409225697
feat,dependent_record,12,1000,1000,1000,1.0,1000,1.0,0,1.0,0.00042123400000093625,2373977.409225697,4,215,2,315,8,360,6,45,5,59,1000,0.00042123400000093625,2373977.409225697
feat,dependent_record,13,100,100,100,1.0,100,1.0,0,0.75,0.0004953919999977074,201860.3449398916,0,101,0,101,1,49,0,101,0,101,1000,0.0004953919999977074,2018603.449398916
feat,dependent_record,13,500,500,500,1.0,500,1.0,0,1.0,0.0004953919999977074,1009301.724699458,4,125,1,433,4,49,3,203,2,170,1000,0.0004953919999977074,2018603.449398916
feat,dependent_record,13,1000,1000,1000,1.0,1000,1.0,0,1.0,0.0004953919999977074,2018603.449398916,7,125,2,433,8,49,8,203,3,170,1000,0.0004953919999977074,2018603.449398916
feat,dependent_record,14,100,100,100,1.0,100,1.0,0,0.75,0.0004058849999992731,246375.20479983024,0,101,0,101,1,67,1,95,1,24,1000,0.0004058849999992731,2463752.047998302
feat,dependent_record,14,500,500,500,1.0,500,1.0,0,1.0,0.0004058849999992731,1231876.023999151,3,280,1,309,6,67,1,95,3,24,1000,0.0004058849999992731,2463752.047998302
feat,dependent_record,14,1000,1000,1000,1.0,1000,1.0,0,1.0,0.0004058849999992731,2463752.047998302,6,280,3,309,6,67,5,95,7,24,1000,0.0004058849999992731,2463752.047998302
feat,dependent_record,15,100,100,100,1.0,100,1.0,0,0.75,0.00041819799999842644,239121.18183342883,0,101,0,101,0,101,0,101,1,24,1000,0.00041819799999842644,2391211.8183342884
feat,dependent_record,15,500,500,500,1.0,500,1.0,0,0.75,0.00041819799999842644,1195605.9091671442,4,175,0,501,2,366,1,148,6,24,1000,0.00041819799999842644,2391211.8183342884
feat,dependent_record,15,1000,1000,1000,1.0,1000,1.0,0,1.0,0.00041819799999842644,2391211.8183342884,9,175,2,661,4,366,4,148,11,24,1000,0.00041819799999842644,2391211.8183342884
feat,dependent_record,16,100,100,100,1.0,100,1.0,0,0.75,0.0004173959999960175,239580.63805344116,1,20,0,101,0,101,0,101,1,69,1000,0.0004173959999960175,2395806.3805344114
feat,dependent_record,16,500,500,500,1.0,500,1.0,0,0.75,0.0004173959999960175,1197903.1902672057,3,20,0,501,3,234,0,501,3,69,1000,0.0004173959999960175,2395806.3805344114
feat,dependent_record,16,1000,1000,1000,1.0,1000,1.0,0,0.75,0.0004173959999960175,2395806.3805344114,7,20,0,1001,5,234,5,636,7,69,1000,0.0004173959999960175,2395806.3805344114
feat,dependent_record,17,100,100,100,1.0,100,1.0,0,0.75,0.0004312029999979927,231909.3327283565,1,69,0,101,1,95,0,101,0,101,1000,0.0004312029999979927,2319093.327283565
feat,dependent_record,17,500,500,500,1.0,500,1.0,0,1.0,0.0004312029999979927,1159546.6636417825,2,69,2,143,2,95,2,224,4,140,1000,0.0004312029999979927,2319093.327283565
feat,dependent_record,17,1000,1000,1000,1.0,1000,1.0,0,1.0,0.0004312029999979927,2319093.327283565,6,69,5,143,4,95,3,224,10,140,1000,0.0004312029999979927,2319093.327283565
feat,dependent_record,18,100,100,100,1.0,100,1.0,0,1.0,0.00040801899999820535,245086.62586899102,2,36,1,80,1,6,0,101,2,50,1000,0.00040801899999820535,2450866.25868991
feat,dependent_record,18,500,500,500,1.0,500,1.0,0,1.0,0.00040801899999820535,1225433.129344955,3,36,2,80,3,6,3,148,2,50,1000,0.00040801899999820535,2450866.25868991
feat,dependent_record,18,1000,1000,1000,1.0,1000,1.0,0,1.0,0.00040801899999820535,2450866.25868991,6,36,3,80,4,6,11,148,4,50,1000,0.00040801899999820535,2450866.25868991
feat,dependent_record,19,100,100,100,1.0,100,1.0,0,0.75,0.0004217040000042971,237133.15500678442,1,6,0,101,1,43,0,101,0,101,1000,0.0004217040000042971,2371331.5500678443
feat,dependent_record,19,500,500,500,1.0,500,1.0,0,1.0,0.0004217040000042971,1185665.7750339222,3,6,1,439,4,43,1,296,3,161,1000,0.0004217040000042971,2371331.5500678443
feat,dependent_record,19,1000,1000,1000,1.0,1000,1.0,0,1.0,0.0004217040000042971,2371331.5500678443,6,6,7,439,7,43,4,296,5,161,1000,0.0004217040000042971,2371331.5500678443
feat,imbalanced_choice,0,100,100,100,1.0,100,1.0,0,0.75,0.00034743099999445803,287826.93542486173,32,1,0,101,2,33,2,8,2,22,1000,0.00034743099999445803,2878269.354248617
feat,imbalanced_choice,0,500,500,500,1.0,500,1.0,0,0.75,0.00034743099999445803,1439134.6771243084,32,1,0,501,8,33,10,8,4,22,1000,0.00034743099999445803,2878269.354248617
feat,imbalanced_choice,0,1000,1000,1000,1.0,1000,1.0,0,0.75,0.00034743099999445803,2878269.354248617,32,1,0,1001,15,33,16,8,11,22,1000,0.00034743099999445803,2878269.354248617
feat,imbalanced_choice,1,100,100,100,1.0,100,1.0,0,0.5,0.00032429800000954856,308358.3617446164,1,40,0,101,1,7,4,45,2,23,1000,0.00032429800000954856,3083583.6174461646
feat,imbalanced_choice,1,500,500,500,1.0,500,1.0,0,1.0,0.00032429800000954856,1541791.8087230823,2,40,1,217,8,7,9,45,6,23,1000,0.00032429800000954856,3083583.6174461646
feat,imbalanced_choice,1,1000,1000,1000,1.0,1000,1.0,0,1.0,0.00032429800000954856,3083583.6174461646,10,40,2,217,19,7,15,45,15,23,1000,0.00032429800000954856,3083583.6174461646
feat,imbalanced_choice,2,100,100,100,1.0,100,1.0,0,0.75,0.00033163199999819426,301539.0553400893,1,63,0,101,4,5,1,52,2,24,1000,0.00033163199999819426,3015390.553400893
feat,imbalanced_choice,2,500,500,500,1.0,500,1.0,0,0.75,0.00033163199999819426,1507695.2767004466,14,63,0,501,7,5,4,52,14,24,1000,0.00033163199999819426,3015390.553400893
feat,imbalanced_choice,2,1000,1000,1000,1.0,1000,1.0,0,0.75,0.00033163199999819426,3015390.553400893,24,63,0,1001,12,5,15,52,18,24,1000,0.00033163199999819426,3015390.553400893
feat,imbalanced_choice,3,100,100,100,1.0,100,1.0,0,0.75,0.0003385739999970383,295356.40657839866,2,27,1,6,2,6,1,11,2,6,1000,0.0003385739999970383,2953564.065783987
feat,imbalanced_choice,3,500,500,500,1.0,500,1.0,0,1.0,0.0003385739999970383,1476782.0328919934,7,27,1,6,7,6,10,11,11,6,1000,0.0003385739999970383,2953564.065783987
feat,imbalanced_choice,3,1000,1000,1000,1.0,1000,1.0,0,1.0,0.0003385739999970383,2953564.065783987,14,27,1,6,11,6,15,11,16,6,1000,0.0003385739999970383,2953564.065783987
feat,imbalanced_choice,4,100,100,100,1.0,100,1.0,0,0.5,0.00031385799999839037,318615.4248115799,1,4,0,101,1,80,1,59,1,11,1000,0.00031385799999839037,3186154.2481157994
feat,imbalanced_choice,4,500,500,500,1.0,500,1.0,0,1.0,0.00031385799999839037,1593077.1240578997,7,4,1,164,8,80,9,59,8,11,1000,0.00031385799999839037,3186154.2481157994
feat,imbalanced_choice,4,1000,1000,1000,1.0,1000,1.0,0,1.0,0.00031385799999839037,3186154.2481157994,10,4,1,164,12,80,16,59,17,11,1000,0.00031385799999839037,3186154.2481157994
feat,imbalanced_choice,5,100,100,100,1.0,100,1.0,0,0.75,0.00031626199999834625,316193.53574100876,3,50,0,101,1,41,1,32,0,101,1000,0.00031626199999834625,3161935.3574100873
feat,imbalanced_choice,5,500,500,500,1.0,500,1.0,0,0.75,0.00031626199999834625,1580967.6787050436,8,50,0,501,5,41,5,32,7,242,1000,0.00031626199999834625,3161935.3574100873
feat,imbalanced_choice,5,1000,1000,1000,1.0,1000,1.0,0,0.75,0.00031626199999834625,3161935.3574100873,16,50,0,1001,9,41,13,32,15,242,1000,0.00031626199999834625,3161935.3574100873
feat,imbalanced_choice,6,100,100,100,1.0,100,1.0,0,0.75,0.00032287500000904856,309717.3828794348,3,21,0,101,4,15,2,18,2,22,1000,0.00032287500000904856,3097173.8287943476
feat,imbalanced_choice,6,500,500,500,1.0,500,1.0,0,0.75,0.00032287500000904856,1548586.9143971738,9,21,0,501,11,15,8,18,4,22,1000,0.00032287500000904856,3097173.8287943476
feat,imbalanced_choice,6,1000,1000,1000,1.0,1000,1.0,0,1.0,0.00032287500000904856,3097173.8287943476,19,21,1,799,19,15,16,18,12,22,1000,0.00032287500000904856,3097173.8287943476
feat,imbalanced_choice,7,100,100,100,1.0,100,1.0,0,1.0,0.00032330600001273524,309304.4978938248,2,81,1,75,1,75,1,56,2,12,1000,0.00032330600001273524,3093044.9789382485
feat,imbalanced_choice,7,500,500,500,1.0,500,1.0,0,1.0,0.00032330600001273524,1546522.4894691242,5,81,1,75,8,75,10,56,5,12,1000,0.00032330600001273524,3093044.9789382485
feat,imbalanced_choice,7,1000,1000,1000,1.0,1000,1.0,0,1.0,0.00032330600001273524,3093044.9789382485,14,81,1,75,11,75,19,56,9,12,1000,0.00032330600001273524,3093044.9789382485
feat,imbalanced_choice,8,100,100,100,1.0,100,1.0,0,0.75,0.00032139299999300874,311145.5445581431,2,45,0,101,1,92,0,101,3,23,1000,0.00032139299999300874,3111455.4455814315
feat,imbalanced_choice,8,500,500,500,1.0,500,1.0,0,0.75,0.00032139299999300874,1555727.7227907158,7,45,0,501,6,92,7,113,6,23,1000,0.00032139299999300874,3111455.4455814315
feat,imbalanced_choice,8,1000,1000,1000,1.0,1000,1.0,0,0.75,0.00032139299999300874,3111455.4455814315,20,45,0,1001,15,92,13,113,12,23,1000,0.00032139299999300874,3111455.4455814315
feat,imbalanced_choice,9,100,100,100,1.0,100,1.0,0,0.75,0.0003253600000050483,307351.8564004438,0,101,0,101,1,88,0,101,1,59,1000,0.0003253600000050483,3073518.5640044385
feat,imbalanced_choice,9,500,500,500,1.0,500,1.0,0,0.75,0.0003253600000050483,1536759.2820022192,3,181,0,501,8,88,9,102,8,59,1000,0.0003253600000050483,3073518.5640044385
feat,imbalanced_choice,9,1000,1000,1000,1.0,1000,1.0,0,0.75,0.0003253600000050483,3073518.5640044385,15,181,0,1001,18,88,16,102,13,59,1000,0.0003253600000050483,3073518.5640044385
feat,imbalanced_choice,10,100,100,100,1.0,100,1.0,0,0.5,0.00032049000000711203,312022.2159748538,2,37,0,101,1,81,2,19,0,101,1000,0.00032049000000711203,3120222.159748538
feat,imbalanced_choice,10,500,500,500,1.0,500,1.0,0,0.75,0.00032049000000711203,1560111.079874269,8,37,0,501,7,81,7,19,7,157,1000,0.00032049000000711203,3120222.159748538
feat,imbalanced_choice,10,1000,1000,1000,1.0,1000,1.0,0,0.75,0.00032049000000711203,3120222.159748538,15,37,0,1001,15,81,16,19,15,157,1000,0.00032049000000711203,3120222.159748538
feat,imbalanced_choice,11,100,100,100,1.0,100,1.0,0,0.75,0.0003242869999979803,308368.8214471219,1,76,0,101,2,17,3,15,4,19,1000,0.0003242869999979803,3083688.214471219
feat,imbalanced_choice,11,500,500,500,1.0,500,1.0,0,1.0,0.0003242869999979803,1541844.1072356096,4,76,1,474,7,17,5,15,7,19,1000,0.0003242869999979803,3083688.214471219
feat,imbalanced_choice,11,1000,1000,1000,1.0,1000,1.0,0,1.0,0.0003242869999979803,3083688.214471219,13,76,1,474,16,17,15,15,13,19,1000,0.0003242869999979803,3083688.214471219
feat,imbalanced_choice,12,100,100,100,1.0,100,1.0,0,0.5,0.0003142290000113235,318239.2458888149,1,76,0,101,0,101,2,35,0,101,1000,0.0003142290000113235,3182392.4588881494
feat,imbalanced_choice,12,500,500,500,1.0,500,1.0,0,0.75,0.0003142290000113235,1591196.2294440747,7,76,0,501,3,295,4,35,6,108,1000,0.0003142290000113235,3182392.4588881494
feat,imbalanced_choice,12,1000,1000,1000,1.0,1000,1.0,0,0.75,0.0003142290000113235,3182392.4588881494,13,76,0,1001,11,295,11,35,15,108,1000,0.0003142290000113235,3182392.4588881494
feat,imbalanced_choice,13,100,100,100,1.0,100,1.0,0,0.75,0.0003310609999971348,302059.1371404831,1,27,0,101,1,21,4,11,4,13,1000,0.0003310609999971348,3020591.371404831
feat,imbalanced_choice,13,500,500,500,1.0,500,1.0,0,0.75,0.0003310609999971348,1510295.6857024154,6,27,0,501,6,21,10,11,11,13,1000,0.0003310609999971348,3020591.371404831
feat,imbalanced_choice,13,1000,1000,1000,1.0,1000,1.0,0,1.0,0.0003310609999971348,3020591.371404831,12,27,2,719,14,21,16,11,20,13,1000,0.0003310609999971348,3020591.371404831
feat,imbalanced_choice,14,100,100,100,1.0,100,1.0,0,0.75,0.0003317520000081231,301429.9838359722,4,42,0,101,2,76,0,101,3,67,1000,0.0003317520000081231,3014299.838359722
feat,imbalanced_choice,14,500,500,500,1.0,500,1.0,0,0.75,0.0003317520000081231,1507149.919179861,8,42,0,501,6,76,7,168,7,67,1000,0.0003317520000081231,3014299.838359722
feat,imbalanced_choice,14,1000,1000,1000,1.0,1000,1.0,0,1.0,0.0003317520000081231,3014299.838359722,14,42,1,536,14,76,14,168,15,67,1000,0.0003317520000081231,3014299.838359722
feat,imbalanced_choice,15,100,100,100,1.0,100,1.0,0,0.5,0.0003150900000008505,317369.64041934075,0,101,0,101,1,97,1,51,1,1,1000,0.0003150900000008505,3173696.4041934074
feat,imbalanced_choice,15,500,500,500,1.0,500,1.0,0,1.0,0.0003150900000008505,1586848.2020967037,5,214,2,205,6,97,6,51,8,1,1000,0.0003150900000008505,3173696.4041934074
feat,imbalanced_choice,15,1000,1000,1000,1.0,1000,1.0,0,1.0,0.0003150900000008505,3173696.4041934074,11,214,2,205,10,97,18,51,16,1,1000,0.0003150900000008505,3173696.4041934074
feat,imbalanced_choice,16,100,100,100,1.0,100,1.0,0,0.5,0.000320279999996842,312226.80155172356,1,54,0,101,2,6,1,80,2,27,1000,0.000320279999996842,3122268.0155172353
feat,imbalanced_choice,16,500,500,500,1.0,500,1.0,0,1.0,0.000320279999996842,1561134.0077586176,7,54,2,165,8,6,7,80,7,27,1000,0.000320279999996842,3122268.0155172353
feat,imbalanced_choice,16,1000,1000,1000,1.0,1000,1.0,0,1.0,0.000320279999996842,3122268.0155172353,15,54,2,165,11,6,19,80,12,27,1000,0.000320279999996842,3122268.0155172353
feat,imbalanced_choice,17,100,100,100,1.0,100,1.0,0,0.5,0.00032399699999530185,308644.8331356465,3,8,0,101,0,101,0,101,1,8,1000,0.00032399699999530185,3086448.331356465
feat,imbalanced_choice,17,500,500,500,1.0,500,1.0,0,1.0,0.00032399699999530185,1543224.1656782324,10,8,1,217,7,108,6,246,7,8,1000,0.00032399699999530185,3086448.331356465
feat,imbalanced_choice,17,1000,1000,1000,1.0,1000,1.0,0,1.0,0.00032399699999530185,3086448.331356465,15,8,2,217,13,108,15,246,13,8,1000,0.00032399699999530185,3086448.331356465
feat,imbalanced_choice,18,100,100,100,1.0,100,1.0,0,0.75,0.0003198589999868773,312637.7560240689,3,41,0,101,3,19,1,78,0,101,1000,0.0003198589999868773,3126377.560240689
feat,imbalanced_choice,18,500,500,500,1.0,500,1.0,0,0.75,0.0003198589999868773,1563188.7801203446,10,41,0,501,8,19,7,78,7,113,1000,0.0003198589999868773,3126377.560240689
feat,imbalanced_choice,18,1000,1000,1000,1.0,1000,1.0,0,0.75,0.0003198589999868773,3126377.560240689,15,41,0,1001,14,19,12,78,13,113,1000,0.0003198589999868773,3126377.560240689
feat,imbalanced_choice,19,100,100,100,1.0,100,1.0,0,0.75,0.00033152100000677365,301640.01676502184,2,2,0,101,4,3,1,77,0,101,1000,0.00033152100000677365,3016400.167650218
feat,imbalanced_choice,19,500,500,500,1.0,500,1.0,0,1.0,0.00033152100000677365,1508200.083825109,8,2,1,391,9,3,6,77,5,186,1000,0.00033152100000677365,3016400.167650218
feat,imbalanced_choice,19,1000,1000,1000,1.0,1000,1.0,0,1.0,0.00033152100000677365,3016400.167650218,14,2,1,391,15,3,12,77,12,186,1000,0.00033152100000677365,3016400.167650218
feat,protocol_message,0,100,100,100,1.0,100,1.0,0,1.0,0.00037900900000664706,263845.97726768017,1,93,1,11,2,30,5,32,2,15,1000,0.00037900900000664706,2638459.772676802
feat,protocol_message,0,500,500,500,1.0,500,1.0,0,1.0,0.00037900900000664706,1319229.886338401,14,93,2,11,18,30,21,32,14,15,1000,0.00037900900000664706,2638459.772676802
feat,protocol_message,0,1000,1000,1000,1.0,1000,1.0,0,1.0,0.00037900900000664706,2638459.772676802,30,93,7,11,31,30,31,32,25,15,1000,0.00037900900000664706,2638459.772676802
feat,protocol_message,1,100,100,100,1.0,100,1.0,0,1.0,0.00032417699999598426,308473.4574051791,3,2,1,61,6,4,2,22,3,9,1000,0.00032417699999598426,3084734.5740517913
feat,protocol_message,1,500,500,500,1.0,500,1.0,0,1.0,0.00032417699999598426,1542367.2870258957,18,2,5,61,12,4,13,22,18,9,1000,0.00032417699999598426,3084734.5740517913
feat,protocol_message,1,1000,1000,1000,1.0,1000,1.0,0,1.0,0.00032417699999598426,3084734.5740517913,31,2,8,61,28,4,28,22,28,9,1000,0.00032417699999598426,3084734.5740517913
feat,protocol_message,2,100,100,100,1.0,100,1.0,0,0.75,0.0003384239999988381,295487.3176853395,2,24,0,101,2,12,4,10,1,27,1000,0.0003384239999988381,2954873.1768533946
feat,protocol_message,2,500,500,500,1.0,500,1.0,0,1.0,0.0003384239999988381,1477436.5884266973,11,24,2,122,14,12,15,10,10,27,1000,0.0003384239999988381,2954873.1768533946
feat,protocol_message,2,1000,1000,1000,1.0,1000,1.0,0,1.0,0.0003384239999988381,2954873.1768533946,25,24,8,122,28,12,31,10,24,27,1000,0.0003384239999988381,2954873.1768533946
feat,protocol_message,3,100,100,100,1.0,100,1.0,0,1.0,0.00031906799999603663,313412.8148270656,2,19,1,77,5,28,4,22,4,25,1000,0.00031906799999603663,3134128.148270656
feat,protocol_message,3,500,500,500,1.0,500,1.0,0,1.0,0.00031906799999603663,1567064.074135328,16,19,2,77,18,28,18,22,10,25,1000,0.00031906799999603663,3134128.148270656
feat,protocol_message,3,1000,1000,1000,1.0,1000,1.0,0,1.0,0.00031906799999603663,3134128.148270656,31,19,8,77,30,28,29,22,22,25,1000,0.00031906799999603663,3134128.148270656
feat,protocol_message,4,100,100,100,1.0,100,1.0,0,0.75,0.00032302500000014334,309573.56241763214,2,44,2,34,2,5,3,32,2,60,1000,0.00032302500000014334,3095735.6241763216
feat,protocol_message,4,500,500,500,1.0,500,1.0,0,1.0,0.00032302500000014334,1547867.8120881608,12,44,5,34,12,5,20,32,12,60,1000,0.00032302500000014334,3095735.6241763216
feat,protocol_message,4,1000,1000,1000,1.0,1000,1.0,0,1.0,0.00032302500000014334,3095735.6241763216,27,44,7,34,31,5,30,32,27,60,1000,0.00032302500000014334,3095735.6241763216
feat,protocol_message,5,100,100,100,1.0,100,1.0,0,0.5,0.000321872999997197,310681.5421016079,2,61,0,101,1,86,1,18,3,14,1000,0.000321872999997197,3106815.4210160794
feat,protocol_message,5,500,500,500,1.0,500,1.0,0,1.0,0.000321872999997197,1553407.7105080397,13,61,3,239,12,86,14,18,11,14,1000,0.000321872999997197,3106815.4210160794
feat,protocol_message,5,1000,1000,1000,1.0,1000,1.0,0,1.0,0.000321872999997197,3106815.4210160794,28,61,5,239,29,86,30,18,27,14,1000,0.000321872999997197,3106815.4210160794
feat,protocol_message,6,100,100,100,1.0,100,1.0,0,1.0,0.0003183870000000866,314083.1755064522,4,1,1,89,2,69,4,6,4,32,1000,0.0003183870000000866,3140831.7550645224
feat,protocol_message,6,500,500,500,1.0,500,1.0,0,1.0,0.0003183870000000866,1570415.8775322612,10,1,3,89,16,69,13,6,13,32,1000,0.0003183870000000866,3140831.7550645224
feat,protocol_message,6,1000,1000,1000,1.0,1000,1.0,0,1.0,0.0003183870000000866,3140831.7550645224,31,1,7,89,30,69,25,6,26,32,1000,0.0003183870000000866,3140831.7550645224
feat,protocol_message,7,100,100,100,1.0,100,1.0,0,0.75,0.00033798300000142945,295872.86934424826,1,18,0,101,2,11,4,30,4,12,1000,0.00033798300000142945,2958728.693442483
feat,protocol_message,7,500,500,500,1.0,500,1.0,0,1.0,0.00033798300000142945,1479364.3467212415,14,18,3,257,14,11,18,30,15,12,1000,0.00033798300000142945,2958728.693442483
feat,protocol_message,7,1000,1000,1000,1.0,1000,1.0,0,1.0,0.00033798300000142945,2958728.693442483,28,18,6,257,28,11,30,30,27,12,1000,0.00033798300000142945,2958728.693442483
feat,protocol_message,8,100,100,100,1.0,100,1.0,0,1.0,0.0003273829999983491,305452.634988696,3,61,1,26,4,16,6,2,3,1,1000,0.0003273829999983491,3054526.3498869603
feat,protocol_message,8,500,500,500,1.0,500,1.0,0,1.0,0.0003273829999983491,1527263.1749434802,13,61,4,26,18,16,14,2,13,1,1000,0.0003273829999983491,3054526.3498869603
feat,protocol_message,8,1000,1000,1000,1.0,1000,1.0,0,1.0,0.0003273829999983491,3054526.3498869603,29,61,6,26,30,16,30,2,28,1,1000,0.0003273829999983491,3054526.3498869603
feat,protocol_message,9,100,100,100,1.0,100,1.0,0,1.0,0.0003251589999990756,307541.84875794395,3,6,1,83,4,36,1,12,4,42,1000,0.0003251589999990756,3075418.4875794393
feat,protocol_message,9,500,500,500,1.0,500,1.0,0,1.0,0.0003251589999990756,1537709.2437897197,12,6,4,83,11,36,12,12,15,42,1000,0.0003251589999990756,3075418.4875794393
feat,protocol_message,9,1000,1000,1000,1.0,1000,1.0,0,1.0,0.0003251589999990756,3075418.4875794393,29,6,7,83,27,36,29,12,25,42,1000,0.0003251589999990756,3075418.4875794393
feat,protocol_message,10,100,100,100,1.0,100,1.0,0,0.75,0.0003206399999982068,311876.2475067342,1,43,0,101,7,9,0,101,2,47,1000,0.0003206399999982068,3118762.475067342
feat,protocol_message,10,500,500,500,1.0,500,1.0,0,1.0,0.0003206399999982068,1559381.237533671,14,43,2,145,23,9,12,101,4,47,1000,0.0003206399999982068,3118762.475067342
feat,protocol_message,10,1000,1000,1000,1.0,1000,1.0,0,1.0,0.0003206399999982068,3118762.475067342,29,43,7,145,32,9,27,101,23,47,1000,0.0003206399999982068,3118762.475067342
feat,protocol_message,11,100,100,100,1.0,100,1.0,0,0.75,0.0003160909999948558,316364.5912146421,0,101,0,101,4,37,3,23,6,34,1000,0.0003160909999948558,3163645.912146421
feat,protocol_message,11,500,500,500,1.0,500,1.0,0,1.0,0.0003160909999948558,1581822.9560732106,17,188,2,309,12,37,15,23,17,34,1000,0.0003160909999948558,3163645.912146421
feat,protocol_message,11,1000,1000,1000,1.0,1000,1.0,0,1.0,0.0003160909999948558,3163645.912146421,29,188,7,309,29,37,29,23,27,34,1000,0.0003160909999948558,3163645.912146421
feat,protocol_message,12,100,100,100,1.0,100,1.0,0,0.75,0.0003330739999967136,300233.58172954567,3,52,0,101,2,39,1,40,1,44,1000,0.0003330739999967136,3002335.8172954563
feat,protocol_message,12,500,500,500,1.0,500,1.0,0,1.0,0.0003330739999967136,1501167.9086477282,13,52,1,167,15,39,13,40,7,44,1000,0.0003330739999967136,3002335.8172954563
feat,protocol_message,12,1000,1000,1000,1.0,1000,1.0,0,1.0,0.0003330739999967136,3002335.8172954563,28,52,8,167,28,39,27,40,24,44,1000,0.0003330739999967136,3002335.8172954563
feat,protocol_message,13,100,100,100,1.0,100,1.0,0,1.0,0.00040031900000059295,249800.7838744898,2,21,1,43,5,7,2,17,3,12,1000,0.00040031900000059295,2498007.838744898
feat,protocol_message,13,500,500,500,1.0,500,1.0,0,1.0,0.00040031900000059295,1249003.919372449,20,21,5,43,19,7,17,17,9,12,1000,0.00040031900000059295,2498007.838744898
feat,protocol_message,13,1000,1000,1000,1.0,1000,1.0,0,1.0,0.00040031900000059295,2498007.838744898,30,21,8,43,30,7,29,17,25,12,1000,0.00040031900000059295,2498007.838744898
feat,protocol_message,14,100,100,100,1.0,100,1.0,0,1.0,0.0003227749999936691,309813.3374702545,3,19,2,75,1,62,4,29,4,40,1000,0.0003227749999936691,3098133.374702545
feat,protocol_message,14,500,500,500,1.0,500,1.0,0,1.0,0.0003227749999936691,1549066.6873512724,10,19,3,75,13,62,17,29,13,40,1000,0.0003227749999936691,3098133.374702545
feat,protocol_message,14,1000,1000,1000,1.0,1000,1.0,0,1.0,0.0003227749999936691,3098133.374702545,27,19,8,75,29,62,30,29,27,40,1000,0.0003227749999936691,3098133.374702545
feat,protocol_message,15,100,100,100,1.0,100,1.0,0,1.0,0.0003314799999998286,301677.32593233895,4,36,1,68,4,23,1,34,3,22,1000,0.0003314799999998286,3016773.2593233893
feat,protocol_message,15,500,500,500,1.0,500,1.0,0,1.0,0.0003314799999998286,1508386.6296616946,16,36,2,68,13,23,12,34,12,22,1000,0.0003314799999998286,3016773.2593233893
feat,protocol_message,15,1000,1000,1000,1.0,1000,1.0,0,1.0,0.0003314799999998286,3016773.2593233893,27,36,7,68,31,23,29,34,23,22,1000,0.0003314799999998286,3016773.2593233893
feat,protocol_message,16,100,100,100,1.0,100,1.0,0,0.75,0.0003275839999972163,305265.2144208806,4,2,0,101,4,16,3,27,4,3,1000,0.0003275839999972163,3052652.144208806
feat,protocol_message,16,500,500,500,1.0,500,1.0,0,1.0,0.0003275839999972163,1526326.072104403,13,2,3,147,13,16,16,27,16,3,1000,0.0003275839999972163,3052652.144208806
feat,protocol_message,16,1000,1000,1000,1.0,1000,1.0,0,1.0,0.0003275839999972163,3052652.144208806,28,2,7,147,29,16,31,27,29,3,1000,0.0003275839999972163,3052652.144208806
feat,protocol_message,17,100,100,100,1.0,100,1.0,0,1.0,0.0003203799999980106,312129.3464030868,4,50,1,7,7,14,1,97,1,25,1000,0.0003203799999980106,3121293.464030868
feat,protocol_message,17,500,500,500,1.0,500,1.0,0,1.0,0.0003203799999980106,1560646.732015434,17,50,5,7,15,14,12,97,9,25,1000,0.0003203799999980106,3121293.464030868
feat,protocol_message,17,1000,1000,1000,1.0,1000,1.0,0,1.0,0.0003203799999980106,3121293.464030868,31,50,7,7,28,14,28,97,22,25,1000,0.0003203799999980106,3121293.464030868
feat,protocol_message,18,100,100,100,1.0,100,1.0,0,0.5,0.00033409599999600914,299315.1669017125,4,5,0,101,2,80,2,4,4,1,1000,0.00033409599999600914,2993151.6690171245
feat,protocol_message,18,500,500,500,1.0,500,1.0,0,1.0,0.00033409599999600914,1496575.8345085622,21,5,3,271,11,80,17,4,18,1,1000,0.00033409599999600914,2993151.6690171245
feat,protocol_message,18,1000,1000,1000,1.0,1000,1.0,0,1.0,0.00033409599999600914,2993151.6690171245,28,5,6,271,28,80,31,4,29,1,1000,0.00033409599999600914,2993151.6690171245
feat,protocol_message,19,100,100,100,1.0,100,1.0,0,0.75,0.0003220030000008478,310556.1128304292,2,74,0,101,4,29,3,26,3,30,1000,0.0003220030000008478,3105561.1283042924
feat,protocol_message,19,500,500,500,1.0,500,1.0,0,1.0,0.0003220030000008478,1552780.5641521462,19,74,1,144,8,29,18,26,15,30,1000,0.0003220030000008478,3105561.1283042924
feat,protocol_message,19,1000,1000,1000,1.0,1000,1.0,0,1.0,0.0003220030000008478,3105561.1283042924,31,74,7,144,26,29,31,26,26,30,1000,0.0003220030000008478,3105561.1283042924
grammarinator,action_space,0,100,100,100,1.0,100,1.0,0,1.0,1.1976516960000012,83.4967297537229,0,101,11,15,7,10,1,71,0,101,1000,1.1976516960000012,834.967297537229
grammarinator,action_space,0,500,500,500,1.0,500,1.0,0,1.0,1.1976516960000012,417.4836487686145,3,286,32,15,18,10,4,71,6,301,1000,1.1976516960000012,834.967297537229
grammarinator,action_space,0,1000,1000,1000,1.0,1000,1.0,0,1.0,1.1976516960000012,834.967297537229,6,286,32,15,24,10,13,71,13,301,1000,1.1976516960000012,834.967297537229
grammarinator,action_space,1,100,100,100,1.0,100,1.0,0,1.0,0.7850158399999998,127.38596459403931,1,65,9,5,6,37,1,36,2,51,1000,0.7850158399999998,1273.859645940393
grammarinator,action_space,1,500,500,500,1.0,500,1.0,0,1.0,0.7850158399999998,636.9298229701965,4,65,30,5,18,37,3,36,9,51,1000,0.7850158399999998,1273.859645940393
grammarinator,action_space,1,1000,1000,1000,1.0,1000,1.0,0,1.0,0.7850158399999998,1273.859645940393,10,65,32,5,24,37,7,36,13,51,1000,0.7850158399999998,1273.859645940393
grammarinator,action_space,2,100,100,100,1.0,100,1.0,0,1.0,0.769502432000003,129.9541052002804,1,51,12,15,5,21,0,101,0,101,1000,0.769502432000003,1299.541052002804
grammarinator,action_space,2,500,500,500,1.0,500,1.0,0,1.0,0.769502432000003,649.770526001402,5,51,26,15,13,21,4,200,6,115,1000,0.769502432000003,1299.541052002804
grammarinator,action_space,2,1000,1000,1000,1.0,1000,1.0,0,1.0,0.769502432000003,1299.541052002804,11,51,32,15,22,21,10,200,14,115,1000,0.769502432000003,1299.541052002804
grammarinator,action_space,3,100,100,100,1.0,100,1.0,0,1.0,0.7942651109999943,125.90254641060359,0,101,11,2,6,10,0,101,1,10,1000,0.7942651109999943,1259.025464106036
grammarinator,action_space,3,500,500,500,1.0,500,1.0,0,1.0,0.7942651109999943,629.512732053018,4,128,32,2,20,10,2,102,6,10,1000,0.7942651109999943,1259.025464106036
grammarinator,action_space,3,1000,1000,1000,1.0,1000,1.0,0,1.0,0.7942651109999943,1259.025464106036,13,128,32,2,25,10,7,102,13,10,1000,0.7942651109999943,1259.025464106036
grammarinator,action_space,4,100,100,100,1.0,100,1.0,0,1.0,0.7859535800000117,127.23397735525107,0,101,11,3,4,49,1,90,0,101,1000,0.7859535800000117,1272.3397735525107
grammarinator,action_space,4,500,500,500,1.0,500,1.0,0,1.0,0.7859535800000117,636.1698867762553,2,379,30,3,19,49,1,90,5,101,1000,0.7859535800000117,1272.3397735525107
grammarinator,action_space,4,1000,1000,1000,1.0,1000,1.0,0,1.0,0.7859535800000117,1272.3397735525107,10,379,32,3,26,49,5,90,9,101,1000,0.7859535800000117,1272.3397735525107
grammarinator,action_space,5,100,100,100,1.0,100,1.0,0,1.0,0.7856592440000014,127.28164374528738,1,49,14,19,7,6,0,101,1,6,1000,0.7856592440000014,1272.816437452874
grammarinator,action_space,5,500,500,500,1.0,500,1.0,0,1.0,0.7856592440000014,636.408218726437,5,49,32,19,19,6,5,185,5,6,1000,0.7856592440000014,1272.816437452874
grammarinator,action_space,5,1000,1000,1000,1.0,1000,1.0,0,1.0,0.7856592440000014,1272.816437452874,11,49,32,19,24,6,11,185,13,6,1000,0.7856592440000014,1272.816437452874
grammarinator,action_space,6,100,100,100,1.0,100,1.0,0,1.0,0.7838547509999927,127.57465572853424,0,101,10,8,4,11,2,43,1,17,1000,0.7838547509999927,1275.7465572853425
grammarinator,action_space,6,500,500,500,1.0,500,1.0,0,1.0,0.7838547509999927,637.8732786426713,4,204,30,8,18,11,3,43,10,17,1000,0.7838547509999927,1275.7465572853425
grammarinator,action_space,6,1000,1000,1000,1.0,1000,1.0,0,1.0,0.7838547509999927,1275.7465572853425,9,204,32,8,24,11,8,43,14,17,1000,0.7838547509999927,1275.7465572853425
grammarinator,action_space,7,100,100,100,1.0,100,1.0,0,1.0,0.788349538999995,126.84728670844143,1,17,15,2,5,10,0,101,2,10,1000,0.788349538999995,1268.4728670844142
grammarinator,action_space,7,500,500,500,1.0,500,1.0,0,1.0,0.788349538999995,634.2364335422071,8,17,32,2,20,10,4,113,7,10,1000,0.788349538999995,1268.4728670844142
grammarinator,action_space,7,1000,1000,1000,1.0,1000,1.0,0,1.0,0.788349538999995,1268.4728670844142,13,17,32,2,24,10,8,113,14,10,1000,0.788349538999995,1268.4728670844142
grammarinator,action_space,8,100,100,100,1.0,100,1.0,0,1.0,0.800808282999995,124.87383325429543,0,101,15,12,4,1,0,101,3,28,1000,0.800808282999995,1248.7383325429544
grammarinator,action_space,8,500,500,500,1.0,500,1.0,0,1.0,0.800808282999995,624.3691662714772,6,176,29,12,19,1,1,105,7,28,1000,0.800808282999995,1248.7383325429544
grammarinator,action_space,8,1000,1000,1000,1.0,1000,1.0,0,1.0,0.800808282999995,1248.7383325429544,11,176,32,12,23,1,6,105,13,28,1000,0.800808282999995,1248.7383325429544
grammarinator,action_space,9,100,100,100,1.0,100,1.0,0,1.0,0.7976533910000114,125.36773632295456,0,101,12,6,5,24,1,92,0,101,1000,0.7976533910000114,1253.6773632295456
grammarinator,action_space,9,500,500,500,1.0,500,1.0,0,1.0,0.7976533910000114,626.8386816147728,3,217,32,6,18,24,2,92,4,223,1000,0.7976533910000114,1253.6773632295456
grammarinator,action_space,9,1000,1000,1000,1.0,1000,1.0,0,1.0,0.7976533910000114,1253.6773632295456,5,217,32,6,23,24,7,92,9,223,1000,0.7976533910000114,1253.6773632295456
grammarinator,action_space,10,100,100,100,1.0,100,1.0,0,1.0,0.7846264270000063,127.44918671978301,0,101,13,1,10,7,0,101,1,71,1000,0.7846264270000063,1274.49186719783
grammarinator,action_space,10,500,500,500,1.0,500,1.0,0,1.0,0.7846264270000063,637.245933598915,4,157,31,1,22,7,5,112,6,71,1000,0.7846264270000063,1274.49186719783
grammarinator,action_space,10,1000,1000,1000,1.0,1000,1.0,0,1.0,0.7846264270000063,1274.49186719783,9,157,32,1,24,7,10,112,10,71,1000,0.7846264270000063,1274.49186719783
grammarinator,action_space,11,100,100,100,1.0,100,1.0,0,1.0,0.7932643910000081,126.06137516640273,0,101,16,9,2,37,0,101,2,2,1000,0.7932643910000081,1260.6137516640272
grammarinator,action_space,11,500,500,500,1.0,500,1.0,0,1.0,0.7932643910000081,630.3068758320136,1,121,32,9,21,37,0,501,9,2,1000,0.7932643910000081,1260.6137516640272
grammarinator,action_space,11,1000,1000,1000,1.0,1000,1.0,0,1.0,0.7932643910000081,1260.6137516640272,10,121,32,9,23,37,5,545,14,2,1000,0.7932643910000081,1260.6137516640272
grammarinator,action_space,12,100,100,100,1.0,100,1.0,0,1.0,0.8120656650000058,123.14275102371099,0,101,14,16,6,5,0,101,3,11,1000,0.8120656650000058,1231.4275102371098
grammarinator,action_space,12,500,500,500,1.0,500,1.0,0,1.0,0.8120656650000058,615.7137551185549,4,131,31,16,20,5,5,108,5,11,1000,0.8120656650000058,1231.4275102371098
grammarinator,action_space,12,1000,1000,1000,1.0,1000,1.0,0,1.0,0.8120656650000058,1231.4275102371098,12,131,32,16,23,5,14,108,13,11,1000,0.8120656650000058,1231.4275102371098
grammarinator,action_space,13,100,100,100,1.0,100,1.0,0,1.0,0.7884287190000094,126.83454774051528,0,101,13,4,7,7,0,101,1,77,1000,0.7884287190000094,1268.3454774051527
grammarinator,action_space,13,500,500,500,1.0,500,1.0,0,1.0,0.7884287190000094,634.1727387025763,4,166,32,4,18,7,1,235,5,77,1000,0.7884287190000094,1268.3454774051527
grammarinator,action_space,13,1000,1000,1000,1.0,1000,1.0,0,1.0,0.7884287190000094,1268.3454774051527,11,166,32,4,27,7,6,235,12,77,1000,0.7884287190000094,1268.3454774051527
grammarinator,action_space,14,100,100,100,1.0,100,1.0,0,1.0,0.795740257999995,125.66914768311322,2,76,11,6,5,36,2,4,1,36,1000,0.795740257999995,1256.6914768311324
grammarinator,action_space,14,500,500,500,1.0,500,1.0,0,1.0,0.795740257999995,628.3457384155662,4,76,30,6,16,36,4,4,4,36,1000,0.795740257999995,1256.6914768311324
grammarinator,action_space,14,1000,1000,1000,1.0,1000,1.0,0,1.0,0.795740257999995,1256.6914768311324,13,76,32,6,23,36,9,4,12,36,1000,0.795740257999995,1256.6914768311324
grammarinator,action_space,15,100,100,100,1.0,100,1.0,0,1.0,0.7886481439999926,126.79925865646992,0,101,9,1,3,25,2,14,0,101,1000,0.7886481439999926,1267.9925865646992
grammarinator,action_space,15,500,500,500,1.0,500,1.0,0,1.0,0.7886481439999926,633.9962932823496,2,117,31,1,17,25,3,14,3,181,1000,0.7886481439999926,1267.9925865646992
grammarinator,action_space,15,1000,1000,1000,1.0,1000,1.0,0,1.0,0.7886481439999926,1267.9925865646992,11,117,32,1,24,25,5,14,11,181,1000,0.7886481439999926,1267.9925865646992
grammarinator,action_space,16,100,100,100,1.0,100,1.0,0,1.0,0.7821976809999995,127.844920061838,0,101,10,14,7,3,0,101,1,11,1000,0.7821976809999995,1278.44920061838
grammarinator,action_space,16,500,500,500,1.0,500,1.0,0,1.0,0.7821976809999995,639.22460030919,6,384,31,14,18,3,3,124,4,11,1000,0.7821976809999995,1278.44920061838
grammarinator,action_space,16,1000,1000,1000,1.0,1000,1.0,0,1.0,0.7821976809999995,1278.44920061838,16,384,32,14,24,3,8,124,8,11,1000,0.7821976809999995,1278.44920061838
grammarinator,action_space,17,100,100,100,1.0,100,1.0,0,1.0,0.8018749220000103,124.70772842051633,1,39,12,5,8,10,1,76,2,39,1000,0.8018749220000103,1247.0772842051633
grammarinator,action_space,17,500,500,500,1.0,500,1.0,0,1.0,0.8018749220000103,623.5386421025817,6,39,31,5,15,10,5,76,7,39,1000,0.8018749220000103,1247.0772842051633
grammarinator,action_space,17,1000,1000,1000,1.0,1000,1.0,0,1.0,0.8018749220000103,1247.0772842051633,9,39,32,5,23,10,9,76,13,39,1000,0.8018749220000103,1247.0772842051633
grammarinator,action_space,18,100,100,100,1.0,100,1.0,0,1.0,0.7930335799999995,126.09806510337188,0,101,12,31,4,2,1,86,2,16,1000,0.7930335799999995,1260.9806510337187
grammarinator,action_space,18,500,500,500,1.0,500,1.0,0,1.0,0.7930335799999995,630.4903255168593,2,284,31,31,18,2,2,86,7,16,1000,0.7930335799999995,1260.9806510337187
grammarinator,action_space,18,1000,1000,1000,1.0,1000,1.0,0,1.0,0.7930335799999995,1260.9806510337187,7,284,32,31,24,2,13,86,15,16,1000,0.7930335799999995,1260.9806510337187
grammarinator,action_space,19,100,100,100,1.0,100,1.0,0,1.0,0.7950882829999983,125.77219679641564,1,11,9,12,5,14,1,83,2,62,1000,0.7950882829999983,1257.7219679641564
grammarinator,action_space,19,500,500,500,1.0,500,1.0,0,1.0,0.7950882829999983,628.8609839820782,1,11,31,12,16,14,3,83,6,62,1000,0.7950882829999983,1257.7219679641564
grammarinator,action_space,19,1000,1000,1000,1.0,1000,1.0,0,1.0,0.7950882829999983,1257.7219679641564,10,11,32,12,23,14,7,83,12,62,1000,0.7950882829999983,1257.7219679641564
grammarinator,balanced_product,0,100,100,100,1.0,100,1.0,0,1.0,0.9223163699999972,108.42266629182815,3,16,2,35,3,35,1,92,0,101,1000,0.9223163699999972,1084.2266629182816
grammarinator,balanced_product,0,500,500,500,1.0,500,1.0,0,1.0,0.9223163699999972,542.1133314591408,10,16,6,35,8,35,5,92,8,114,1000,0.9223163699999972,1084.2266629182816
grammarinator,balanced_product,0,1000,1000,1000,1.0,1000,1.0,0,1.0,0.9223163699999972,1084.2266629182816,16,16,19,35,17,35,16,92,13,114,1000,0.9223163699999972,1084.2266629182816
grammarinator,balanced_product,1,100,100,100,1.0,100,1.0,0,1.0,0.7252950750000053,137.87491939056565,1,82,1,85,0,101,2,15,0,101,1000,0.7252950750000053,1378.7491939056565
grammarinator,balanced_product,1,500,500,500,1.0,500,1.0,0,1.0,0.7252950750000053,689.3745969528283,4,82,9,85,8,234,11,15,7,139,1000,0.7252950750000053,1378.7491939056565
grammarinator,balanced_product,1,1000,1000,1000,1.0,1000,1.0,0,1.0,0.7252950750000053,1378.7491939056565,9,82,16,85,15,234,23,15,11,139,1000,0.7252950750000053,1378.7491939056565
grammarinator,balanced_product,2,100,100,100,1.0,100,1.0,0,1.0,0.7127892700000018,140.29391884644917,3,32,3,50,2,38,1,46,3,11,1000,0.7127892700000018,1402.9391884644917
grammarinator,balanced_product,2,500,500,500,1.0,500,1.0,0,1.0,0.7127892700000018,701.4695942322459,8,32,9,50,12,38,9,46,9,11,1000,0.7127892700000018,1402.9391884644917
grammarinator,balanced_product,2,1000,1000,1000,1.0,1000,1.0,0,1.0,0.7127892700000018,1402.9391884644917,18,32,13,50,16,38,17,46,16,11,1000,0.7127892700000018,1402.9391884644917
grammarinator,balanced_product,3,100,100,100,1.0,100,1.0,0,1.0,0.7270169689999975,137.54837130906137,0,101,0,101,0,101,3,35,0,101,1000,0.7270169689999975,1375.4837130906135
grammarinator,balanced_product,3,500,500,500,1.0,500,1.0,0,1.0,0.7270169689999975,687.7418565453067,8,151,7,177,6,142,9,35,5,363,1000,0.7270169689999975,1375.4837130906135
grammarinator,balanced_product,3,1000,1000,1000,1.0,1000,1.0,0,1.0,0.7270169689999975,1375.4837130906135,12,151,12,177,13,142,14,35,14,363,1000,0.7270169689999975,1375.4837130906135
grammarinator,balanced_product,4,100,100,100,1.0,100,1.0,0,1.0,0.7202129550000009,138.84782175294234,0,101,0,101,0,101,1,2,2,3,1000,0.7202129550000009,1388.4782175294233
grammarinator,balanced_product,4,500,500,500,1.0,500,1.0,0,1.0,0.7202129550000009,694.2391087647117,4,219,9,103,8,169,5,2,5,3,1000,0.7202129550000009,1388.4782175294233
grammarinator,balanced_product,4,1000,1000,1000,1.0,1000,1.0,0,1.0,0.7202129550000009,1388.4782175294233,14,219,16,103,17,169,13,2,11,3,1000,0.7202129550000009,1388.4782175294233
grammarinator,balanced_product,5,100,100,100,1.0,100,1.0,0,1.0,0.731520555000003,136.70155857752977,0,101,0,101,1,76,2,78,2,33,1000,0.731520555000003,1367.0155857752977
grammarinator,balanced_product,5,500,500,500,1.0,500,1.0,0,1.0,0.731520555000003,683.5077928876489,8,156,8,144,10,76,8,78,13,33,1000,0.731520555000003,1367.0155857752977
grammarinator,balanced_product,5,1000,1000,1000,1.0,1000,1.0,0,1.0,0.731520555000003,1367.0155857752977,15,156,16,144,18,76,16,78,18,33,1000,0.731520555000003,1367.0155857752977
grammarinator,balanced_product,6,100,100,100,1.0,100,1.0,0,1.0,0.7261595089999986,137.7107904814343,2,13,0,101,0,101,5,1,0,101,1000,0.7261595089999986,1377.1079048143429
grammarinator,balanced_product,6,500,500,500,1.0,500,1.0,0,1.0,0.7261595089999986,688.5539524071714,8,13,5,103,3,238,8,1,10,161,1000,0.7261595089999986,1377.1079048143429
grammarinator,balanced_product,6,1000,1000,1000,1.0,1000,1.0,0,1.0,0.7261595089999986,1377.1079048143429,13,13,19,103,16,238,15,1,17,161,1000,0.7261595089999986,1377.1079048143429
grammarinator,balanced_product,7,100,100,100,1.0,100,1.0,0,1.0,0.7293596279999974,137.10657426188163,1,48,2,17,2,17,2,40,2,7,1000,0.7293596279999974,1371.065742618816
grammarinator,balanced_product,7,500,500,500,1.0,500,1.0,0,1.0,0.7293596279999974,685.532871309408,5,48,9,17,11,17,5,40,9,7,1000,0.7293596279999974,1371.065742618816
grammarinator,balanced_product,7,1000,1000,1000,1.0,1000,1.0,0,1.0,0.7293596279999974,1371.065742618816,11,48,19,17,19,17,14,40,19,7,1000,0.7293596279999974,1371.065742618816
grammarinator,balanced_product,8,100,100,100,1.0,100,1.0,0,1.0,0.7236523919999982,138.18789394673934,2,2,2,54,1,54,1,69,2,20,1000,0.7236523919999982,1381.8789394673934
grammarinator,balanced_product,8,500,500,500,1.0,500,1.0,0,1.0,0.7236523919999982,690.9394697336967,4,2,10,54,6,54,8,69,10,20,1000,0.7236523919999982,1381.8789394673934
grammarinator,balanced_product,8,1000,1000,1000,1.0,1000,1.0,0,1.0,0.7236523919999982,1381.8789394673934,15,2,18,54,16,54,18,69,15,20,1000,0.7236523919999982,1381.8789394673934
grammarinator,balanced_product,9,100,100,100,1.0,100,1.0,0,1.0,0.736577429999997,135.7630520935191,2,53,2,12,0,101,5,21,2,31,1000,0.736577429999997,1357.6305209351908
grammarinator,balanced_product,9,500,500,500,1.0,500,1.0,0,1.0,0.736577429999997,678.8152604675954,8,53,8,12,8,181,11,21,8,31,1000,0.736577429999997,1357.6305209351908
grammarinator,balanced_product,9,1000,1000,1000,1.0,1000,1.0,0,1.0,0.736577429999997,1357.6305209351908,14,53,19,12,17,181,16,21,16,31,1000,0.736577429999997,1357.6305209351908
grammarinator,balanced_product,10,100,100,100,1.0,100,1.0,0,1.0,0.727454569999999,137.46562895329689,3,46,2,36,3,2,2,37,1,15,1000,0.727454569999999,1374.656289532969
grammarinator,balanced_product,10,500,500,500,1.0,500,1.0,0,1.0,0.727454569999999,687.3281447664845,6,46,13,36,8,2,7,37,6,15,1000,0.727454569999999,1374.656289532969
grammarinator,balanced_product,10,1000,1000,1000,1.0,1000,1.0,0,1.0,0.727454569999999,1374.656289532969,14,46,19,36,16,2,15,37,16,15,1000,0.727454569999999,1374.656289532969
grammarinator,balanced_product,11,100,100,100,1.0,100,1.0,0,1.0,0.7269609989999992,137.55896139897337,1,64,2,75,3,24,1,53,0,101,1000,0.7269609989999992,1375.5896139897336
grammarinator,balanced_product,11,500,500,500,1.0,500,1.0,0,1.0,0.7269609989999992,687.7948069948668,7,64,8,75,8,24,6,53,6,173,1000,0.7269609989999992,1375.5896139897336
grammarinator,balanced_product,11,1000,1000,1000,1.0,1000,1.0,0,1.0,0.7269609989999992,1375.5896139897336,14,64,17,75,15,24,14,53,14,173,1000,0.7269609989999992,1375.5896139897336
grammarinator,balanced_product,12,100,100,100,1.0,100,1.0,0,1.0,0.7230443269999967,138.30410704543218,2,29,2,13,2,13,3,53,1,1,1000,0.7230443269999967,1383.0410704543217
grammarinator,balanced_product,12,500,500,500,1.0,500,1.0,0,1.0,0.7230443269999967,691.5205352271608,7,29,7,13,8,13,10,53,7,1,1000,0.7230443269999967,1383.0410704543217
grammarinator,balanced_product,12,1000,1000,1000,1.0,1000,1.0,0,1.0,0.7230443269999967,1383.0410704543217,15,29,13,13,11,13,18,53,14,1,1000,0.7230443269999967,1383.0410704543217
grammarinator,balanced_product,13,100,100,100,1.0,100,1.0,0,1.0,0.7310232370000023,136.79455718861053,0,101,1,80,1,80,1,11,0,101,1000,0.7310232370000023,1367.9455718861052
grammarinator,balanced_product,13,500,500,500,1.0,500,1.0,0,1.0,0.7310232370000023,683.9727859430526,8,132,7,80,9,80,9,11,10,161,1000,0.7310232370000023,1367.9455718861052
grammarinator,balanced_product,13,1000,1000,1000,1.0,1000,1.0,0,1.0,0.7310232370000023,1367.9455718861052,14,132,17,80,14,80,18,11,19,161,1000,0.7310232370000023,1367.9455718861052
grammarinator,balanced_product,14,100,100,100,1.0,100,1.0,0,1.0,0.7746904489999977,129.083816805905,3,88,3,57,4,35,0,101,1,97,1000,0.7746904489999977,1290.83816805905
grammarinator,balanced_product,14,500,500,500,1.0,500,1.0,0,1.0,0.7746904489999977,645.419084029525,11,88,11,57,11,35,6,209,5,97,1000,0.7746904489999977,1290.83816805905
grammarinator,balanced_product,14,1000,1000,1000,1.0,1000,1.0,0,1.0,0.7746904489999977,1290.83816805905,20,88,15,57,15,35,17,209,10,97,1000,0.7746904489999977,1290.83816805905
grammarinator,balanced_product,15,100,100,100,1.0,100,1.0,0,1.0,0.7288915569999972,137.1946197478048,0,101,3,29,3,31,1,91,1,88,1000,0.7288915569999972,1371.946197478048
grammarinator,balanced_product,15,500,500,500,1.0,500,1.0,0,1.0,0.7288915569999972,685.973098739024,7,192,10,29,9,31,7,91,6,88,1000,0.7288915569999972,1371.946197478048
grammarinator,balanced_product,15,1000,1000,1000,1.0,1000,1.0,0,1.0,0.7288915569999972,1371.946197478048,17,192,15,29,16,31,14,91,14,88,1000,0.7288915569999972,1371.946197478048
grammarinator,balanced_product,16,100,100,100,1.0,100,1.0,0,1.0,0.7188620290000003,139.10875239732542,1,64,3,20,2,20,2,74,1,50,1000,0.7188620290000003,1391.087523973254
grammarinator,balanced_product,16,500,500,500,1.0,500,1.0,0,1.0,0.7188620290000003,695.543761986627,8,64,7,20,6,20,11,74,6,50,1000,0.7188620290000003,1391.087523973254
grammarinator,balanced_product,16,1000,1000,1000,1.0,1000,1.0,0,1.0,0.7188620290000003,1391.087523973254,11,64,15,20,11,20,16,74,13,50,1000,0.7188620290000003,1391.087523973254
grammarinator,balanced_product,17,100,100,100,1.0,100,1.0,0,1.0,0.7356962560000042,135.92566114676467,2,57,2,40,2,40,1,25,0,101,1000,0.7356962560000042,1359.2566114676465
grammarinator,balanced_product,17,500,500,500,1.0,500,1.0,0,1.0,0.7356962560000042,679.6283057338233,8,57,13,40,8,40,7,25,8,208,1000,0.7356962560000042,1359.2566114676465
grammarinator,balanced_product,17,1000,1000,1000,1.0,1000,1.0,0,1.0,0.7356962560000042,1359.2566114676465,18,57,24,40,19,40,21,25,14,208,1000,0.7356962560000042,1359.2566114676465
grammarinator,balanced_product,18,100,100,100,1.0,100,1.0,0,1.0,0.736956647999996,135.6931920912674,2,17,0,101,1,51,0,101,2,41,1000,0.736956647999996,1356.931920912674
grammarinator,balanced_product,18,500,500,500,1.0,500,1.0,0,1.0,0.736956647999996,678.465960456337,5,17,7,113,3,51,3,174,9,41,1000,0.736956647999996,1356.931920912674
grammarinator,balanced_product,18,1000,1000,1000,1.0,1000,1.0,0,1.0,0.736956647999996,1356.931920912674,12,17,12,113,15,51,16,174,15,41,1000,0.736956647999996,1356.931920912674
grammarinator,balanced_product,19,100,100,100,1.0,100,1.0,0,1.0,0.7331215739999948,136.4030244729924,0,101,1,97,4,22,1,40,1,79,1000,0.7331215739999948,1364.030244729924
grammarinator,balanced_product,19,500,500,500,1.0,500,1.0,0,1.0,0.7331215739999948,682.015122364962,6,129,7,97,9,22,5,40,6,79,1000,0.7331215739999948,1364.030244729924
grammarinator,balanced_product,19,1000,1000,1000,1.0,1000,1.0,0,1.0,0.7331215739999948,1364.030244729924,13,129,15,97,16,22,13,40,15,79,1000,0.7331215739999948,1364.030244729924
grammarinator,dependent_record,0,100,100,100,1.0,100,1.0,0,1.0,0.9301779579999945,107.50631009899784,0,101,15,6,6,9,0,101,1,98,1000,0.9301779579999945,1075.0631009899785
grammarinator,dependent_record,0,500,500,500,1.0,500,1.0,0,1.0,0.9301779579999945,537.5315504949892,2,212,16,6,16,9,0,501,3,98,1000,0.9301779579999945,1075.0631009899785
grammarinator,dependent_record,0,1000,1000,1000,1.0,1000,1.0,0,1.0,0.9301779579999945,1075.0631009899785,4,212,16,6,23,9,1,695,7,98,1000,0.9301779579999945,1075.0631009899785
grammarinator,dependent_record,1,100,100,100,1.0,100,1.0,0,1.0,0.7990719720000001,125.14517278050641,0,101,14,6,4,4,0,101,2,54,1000,0.7990719720000001,1251.4517278050641
grammarinator,dependent_record,1,500,500,500,1.0,500,1.0,0,1.0,0.7990719720000001,625.7258639025321,4,107,16,6,23,4,2,230,3,54,1000,0.7990719720000001,1251.4517278050641
grammarinator,dependent_record,1,1000,1000,1000,1.0,1000,1.0,0,1.0,0.7990719720000001,1251.4517278050641,5,107,16,6,26,4,4,230,6,54,1000,0.7990719720000001,1251.4517278050641
grammarinator,dependent_record,2,100,100,100,1.0,100,1.0,0,1.0,0.7956622799999948,125.68146374866564,1,100,13,1,6,29,0,101,1,99,1000,0.7956622799999948,1256.8146374866565
grammarinator,dependent_record,2,500,500,500,1.0,500,1.0,0,1.0,0.7956622799999948,628.4073187433282,3,100,16,1,20,29,1,496,6,99,1000,0.7956622799999948,1256.8146374866565
grammarinator,dependent_record,2,1000,1000,1000,1.0,1000,1.0,0,1.0,0.7956622799999948,1256.8146374866565,5,100,16,1,24,29,2,496,15,99,1000,0.7956622799999948,1256.8146374866565
grammarinator,dependent_record,3,100,100,100,1.0,100,1.0,0,1.0,0.7816916729999974,127.92767718276606,0,101,11,9,3,66,0,101,1,26,1000,0.7816916729999974,1279.2767718276607
grammarinator,dependent_record,3,500,500,500,1.0,500,1.0,0,1.0,0.7816916729999974,639.6383859138303,2,230,16,9,19,66,3,200,5,26,1000,0.7816916729999974,1279.2767718276607
grammarinator,dependent_record,3,1000,1000,1000,1.0,1000,1.0,0,1.0,0.7816916729999974,1279.2767718276607,3,230,16,9,25,66,4,200,10,26,1000,0.7816916729999974,1279.2767718276607
grammarinator,dependent_record,4,100,100,100,1.0,100,1.0,0,1.0,0.8208089129999934,121.83103572122249,0,101,15,2,5,1,0,101,2,61,1000,0.8208089129999934,1218.310357212225
grammarinator,dependent_record,4,500,500,500,1.0,500,1.0,0,1.0,0.8208089129999934,609.1551786061125,1,149,16,2,18,1,1,343,7,61,1000,0.8208089129999934,1218.310357212225
grammarinator,dependent_record,4,1000,1000,1000,1.0,1000,1.0,0,1.0,0.8208089129999934,1218.310357212225,1,149,16,2,23,1,1,343,11,61,1000,0.8208089129999934,1218.310357212225
grammarinator,dependent_record,5,100,100,100,1.0,100,1.0,0,1.0,0.8375334939999988,119.39821000161714,1,47,14,2,4,10,0,101,0,101,1000,0.8375334939999988,1193.9821000161714
grammarinator,dependent_record,5,500,500,500,1.0,500,1.0,0,1.0,0.8375334939999988,596.9910500080857,3,47,16,2,17,10,1,338,4,183,1000,0.8375334939999988,1193.9821000161714
grammarinator,dependent_record,5,1000,1000,1000,1.0,1000,1.0,0,1.0,0.8375334939999988,1193.9821000161714,5,47,16,2,23,10,2,338,8,183,1000,0.8375334939999988,1193.9821000161714
grammarinator,dependent_record,6,100,100,100,1.0,100,1.0,0,1.0,0.7767702649999961,128.73819262378754,1,42,15,7,5,46,0,101,1,46,1000,0.7767702649999961,1287.3819262378754
grammarinator,dependent_record,6,500,500,500,1.0,500,1.0,0,1.0,0.7767702649999961,643.6909631189377,2,42,16,7,21,46,1,378,6,46,1000,0.7767702649999961,1287.3819262378754
grammarinator,dependent_record,6,1000,1000,1000,1.0,1000,1.0,0,1.0,0.7767702649999961,1287.3819262378754,4,42,16,7,26,46,2,378,9,46,1000,0.7767702649999961,1287.3819262378754
grammarinator,dependent_record,7,100,100,100,1.0,100,1.0,0,1.0,0.8076817249999948,123.81114603032604,2,55,13,19,4,23,0,101,0,101,1000,0.8076817249999948,1238.1114603032604
grammarinator,dependent_record,7,500,500,500,1.0,500,1.0,0,1.0,0.8076817249999948,619.0557301516302,6,55,16,19,13,23,1,241,2,246,1000,0.8076817249999948,1238.1114603032604
grammarinator,dependent_record,7,1000,1000,1000,1.0,1000,1.0,0,1.0,0.8076817249999948,1238.1114603032604,9,55,16,19,23,23,3,241,6,246,1000,0.8076817249999948,1238.1114603032604
grammarinator,dependent_record,8,100,100,100,1.0,100,1.0,0,1.0,0.7812710900000042,127.99654470767562,0,101,13,3,5,7,0,101,1,2,1000,0.7812710900000042,1279.9654470767562
grammarinator,dependent_record,8,500,500,500,1.0,500,1.0,0,1.0,0.7812710900000042,639.9827235383781,3,224,16,3,17,7,2,131,7,2,1000,0.7812710900000042,1279.9654470767562
grammarinator,dependent_record,8,1000,1000,1000,1.0,1000,1.0,0,1.0,0.7812710900000042,1279.9654470767562,5,224,16,3,22,7,4,131,10,2,1000,0.7812710900000042,1279.9654470767562
grammarinator,dependent_record,9,100,100,100,1.0,100,1.0,0,1.0,0.7769833939999984,128.70287933077782,0,101,14,1,2,21,0,101,0,101,1000,0.7769833939999984,1287.0287933077784
grammarinator,dependent_record,9,500,500,500,1.0,500,1.0,0,1.0,0.7769833939999984,643.5143966538892,2,455,16,1,20,21,5,140,6,113,1000,0.7769833939999984,1287.0287933077784
grammarinator,dependent_record,9,1000,1000,1000,1.0,1000,1.0,0,1.0,0.7769833939999984,1287.0287933077784,3,455,16,1,24,21,5,140,9,113,1000,0.7769833939999984,1287.0287933077784
grammarinator,dependent_record,10,100,100,100,1.0,100,1.0,0,1.0,0.782590459000005,127.78075537463121,0,101,15,5,5,22,0,101,0,101,1000,0.782590459000005,1277.8075537463121
grammarinator,dependent_record,10,500,500,500,1.0,500,1.0,0,1.0,0.782590459000005,638.9037768731561,4,173,16,5,20,22,0,501,7,105,1000,0.782590459000005,1277.8075537463121
grammarinator,dependent_record,10,1000,1000,1000,1.0,1000,1.0,0,1.0,0.782590459000005,1277.8075537463121,6,173,16,5,24,22,1,707,9,105,1000,0.782590459000005,1277.8075537463121
grammarinator,dependent_record,11,100,100,100,1.0,100,1.0,0,1.0,0.7841070180000003,127.53361174481921,0,101,13,12,9,9,1,65,2,4,1000,0.7841070180000003,1275.336117448192
grammarinator,dependent_record,11,500,500,500,1.0,500,1.0,0,1.0,0.7841070180000003,637.668058724096,2,221,16,12,19,9,4,65,5,4,1000,0.7841070180000003,1275.336117448192
grammarinator,dependent_record,11,1000,1000,1000,1.0,1000,1.0,0,1.0,0.7841070180000003,1275.336117448192,3,221,16,12,25,9,7,65,7,4,1000,0.7841070180000003,1275.336117448192
grammarinator,dependent_record,12,100,100,100,1.0,100,1.0,0,1.0,0.7787693089999976,128.40773107559676,0,101,15,1,4,21,1,31,0,101,1000,0.7787693089999976,1284.0773107559673
grammarinator,dependent_record,12,500,500,500,1.0,500,1.0,0,1.0,0.7787693089999976,642.0386553779837,4,228,16,1,20,21,1,31,3,201,1000,0.7787693089999976,1284.0773107559673
grammarinator,dependent_record,12,1000,1000,1000,1.0,1000,1.0,0,1.0,0.7787693089999976,1284.0773107559673,8,228,16,1,24,21,4,31,6,201,1000,0.7787693089999976,1284.0773107559673
grammarinator,dependent_record,13,100,100,100,1.0,100,1.0,0,1.0,0.7711661629999895,129.67373932873318,0,101,14,3,6,25,0,101,2,74,1000,0.7711661629999895,1296.7373932873318
grammarinator,dependent_record,13,500,500,500,1.0,500,1.0,0,1.0,0.7711661629999895,648.3686966436659,3,245,16,3,20,25,0,501,5,74,1000,0.7711661629999895,1296.7373932873318
grammarinator,dependent_record,13,1000,1000,1000,1.0,1000,1.0,0,1.0,0.7711661629999895,1296.7373932873318,7,245,16,3,22,25,2,519,11,74,1000,0.7711661629999895,1296.7373932873318
grammarinator,dependent_record,14,100,100,100,1.0,100,1.0,0,1.0,0.791317566999993,126.37151526803004,0,101,14,2,3,60,0,101,1,34,1000,0.791317566999993,1263.7151526803004
grammarinator,dependent_record,14,500,500,500,1.0,500,1.0,0,1.0,0.791317566999993,631.8575763401502,2,141,16,2,19,60,1,147,6,34,1000,0.791317566999993,1263.7151526803004
grammarinator,dependent_record,14,1000,1000,1000,1.0,1000,1.0,0,1.0,0.791317566999993,1263.7151526803004,6,141,16,2,24,60,1,147,12,34,1000,0.791317566999993,1263.7151526803004
grammarinator,dependent_record,15,100,100,100,1.0,100,1.0,0,1.0,0.7791555559999921,128.34407613465189,1,29,16,1,6,24,0,101,2,91,1000,0.7791555559999921,1283.4407613465187
grammarinator,dependent_record,15,500,500,500,1.0,500,1.0,0,1.0,0.7791555559999921,641.7203806732593,3,29,16,1,17,24,2,389,5,91,1000,0.7791555559999921,1283.4407613465187
grammarinator,dependent_record,15,1000,1000,1000,1.0,1000,1.0,0,1.0,0.7791555559999921,1283.4407613465187,5,29,16,1,21,24,5,389,12,91,1000,0.7791555559999921,1283.4407613465187
grammarinator,dependent_record,16,100,100,100,1.0,100,1.0,0,1.0,0.7793564720000035,128.3109893773995,1,5,9,3,7,9,0,101,1,36,1000,0.7793564720000035,1283.109893773995
grammarinator,dependent_record,16,500,500,500,1.0,500,1.0,0,1.0,0.7793564720000035,641.5549468869975,4,5,16,3,17,9,0,501,5,36,1000,0.7793564720000035,1283.109893773995
grammarinator,dependent_record,16,1000,1000,1000,1.0,1000,1.0,0,1.0,0.7793564720000035,1283.109893773995,11,5,16,3,24,9,2,618,10,36,1000,0.7793564720000035,1283.109893773995
grammarinator,dependent_record,17,100,100,100,1.0,100,1.0,0,1.0,0.7721305390000026,129.51177935470787,0,101,13,1,1,14,0,101,2,68,1000,0.7721305390000026,1295.1177935470787
grammarinator,dependent_record,17,500,500,500,1.0,500,1.0,0,1.0,0.7721305390000026,647.5588967735393,0,501,16,1,19,14,0,501,5,68,1000,0.7721305390000026,1295.1177935470787
grammarinator,dependent_record,17,1000,1000,1000,1.0,1000,1.0,0,1.0,0.7721305390000026,1295.1177935470787,1,910,16,1,24,14,4,580,8,68,1000,0.7721305390000026,1295.1177935470787
grammarinator,dependent_record,18,100,100,100,1.0,100,1.0,0,1.0,0.7797834879999925,128.24072519986595,0,101,12,2,4,58,0,101,3,91,1000,0.7797834879999925,1282.4072519986594
grammarinator,dependent_record,18,500,500,500,1.0,500,1.0,0,1.0,0.7797834879999925,641.2036259993297,0,501,16,2,16,58,0,501,6,91,1000,0.7797834879999925,1282.4072519986594
grammarinator,dependent_record,18,1000,1000,1000,1.0,1000,1.0,0,1.0,0.7797834879999925,1282.4072519986594,3,654,16,2,25,58,2,680,6,91,1000,0.7797834879999925,1282.4072519986594
grammarinator,dependent_record,19,100,100,100,1.0,100,1.0,0,1.0,0.7839871440000081,127.55311201888658,0,101,13,2,3,12,0,101,1,94,1000,0.7839871440000081,1275.5311201888658
grammarinator,dependent_record,19,500,500,500,1.0,500,1.0,0,1.0,0.7839871440000081,637.7655600944329,4,260,16,2,20,12,3,247,4,94,1000,0.7839871440000081,1275.5311201888658
grammarinator,dependent_record,19,1000,1000,1000,1.0,1000,1.0,0,1.0,0.7839871440000081,1275.5311201888658,7,260,16,2,25,12,4,247,7,94,1000,0.7839871440000081,1275.5311201888658
grammarinator,imbalanced_choice,0,100,100,100,1.0,100,1.0,0,1.0,1.1828827670000024,84.53923143509606,1,92,2,1,18,1,0,101,2,1,1000,1.1828827670000024,845.3923143509605
grammarinator,imbalanced_choice,0,500,500,500,1.0,500,1.0,0,1.0,1.1828827670000024,422.69615717548027,6,92,2,1,28,1,5,208,10,1,1000,1.1828827670000024,845.3923143509605
grammarinator,imbalanced_choice,0,1000,1000,1000,1.0,1000,1.0,0,1.0,1.1828827670000024,845.3923143509605,12,92,2,1,32,1,13,208,15,1,1000,1.1828827670000024,845.3923143509605
grammarinator,imbalanced_choice,1,100,100,100,1.0,100,1.0,0,1.0,0.8401852309999924,119.0213732761995,1,4,2,1,17,1,3,12,5,1,1000,0.8401852309999924,1190.213732761995
grammarinator,imbalanced_choice,1,500,500,500,1.0,500,1.0,0,1.0,0.8401852309999924,595.1068663809975,6,4,2,1,29,1,6,12,9,1,1000,0.8401852309999924,1190.213732761995
grammarinator,imbalanced_choice,1,1000,1000,1000,1.0,1000,1.0,0,1.0,0.8401852309999924,1190.213732761995,13,4,2,1,32,1,11,12,16,1,1000,0.8401852309999924,1190.213732761995
grammarinator,imbalanced_choice,2,100,100,100,1.0,100,1.0,0,1.0,0.8390562339999974,119.18152317786165,5,3,2,6,15,1,1,22,2,10,1000,0.8390562339999974,1191.8152317786164
grammarinator,imbalanced_choice,2,500,500,500,1.0,500,1.0,0,1.0,0.8390562339999974,595.9076158893082,13,3,2,6,26,1,4,22,10,10,1000,0.8390562339999974,1191.8152317786164
grammarinator,imbalanced_choice,2,1000,1000,1000,1.0,1000,1.0,0,1.0,0.8390562339999974,1191.8152317786164,17,3,2,6,32,1,9,22,15,10,1000,0.8390562339999974,1191.8152317786164
grammarinator,imbalanced_choice,3,100,100,100,1.0,100,1.0,0,1.0,0.8376950690000058,119.37518042140859,4,9,2,2,17,2,3,24,2,2,1000,0.8376950690000058,1193.7518042140857
grammarinator,imbalanced_choice,3,500,500,500,1.0,500,1.0,0,1.0,0.8376950690000058,596.8759021070429,11,9,2,2,29,2,6,24,11,2,1000,0.8376950690000058,1193.7518042140857
grammarinator,imbalanced_choice,3,1000,1000,1000,1.0,1000,1.0,0,1.0,0.8376950690000058,1193.7518042140857,18,9,2,2,32,2,18,24,13,2,1000,0.8376950690000058,1193.7518042140857
grammarinator,imbalanced_choice,4,100,100,100,1.0,100,1.0,0,1.0,0.8352050650000109,119.73107466727191,5,11,2,2,16,2,0,101,2,4,1000,0.8352050650000109,1197.3107466727192
grammarinator,imbalanced_choice,4,500,500,500,1.0,500,1.0,0,1.0,0.8352050650000109,598.6553733363596,7,11,2,2,29,2,2,197,7,4,1000,0.8352050650000109,1197.3107466727192
grammarinator,imbalanced_choice,4,1000,1000,1000,1.0,1000,1.0,0,1.0,0.8352050650000109,1197.3107466727192,13,11,2,2,32,2,9,197,14,4,1000,0.8352050650000109,1197.3107466727192
grammarinator,imbalanced_choice,5,100,100,100,1.0,100,1.0,0,1.0,0.8362030269999963,119.58818226090976,2,61,2,15,17,1,1,71,2,17,1000,0.8362030269999963,1195.8818226090975
grammarinator,imbalanced_choice,5,500,500,500,1.0,500,1.0,0,1.0,0.8362030269999963,597.9409113045488,8,61,2,15,23,1,6,71,9,17,1000,0.8362030269999963,1195.8818226090975
grammarinator,imbalanced_choice,5,1000,1000,1000,1.0,1000,1.0,0,1.0,0.8362030269999963,1195.8818226090975,13,61,2,15,31,1,12,71,17,17,1000,0.8362030269999963,1195.8818226090975
grammarinator,imbalanced_choice,6,100,100,100,1.0,100,1.0,0,1.0,0.8372111440000083,119.44418169378669,2,58,2,2,12,1,2,31,1,2,1000,0.8372111440000083,1194.4418169378669
grammarinator,imbalanced_choice,6,500,500,500,1.0,500,1.0,0,1.0,0.8372111440000083,597.2209084689334,9,58,2,2,25,1,5,31,7,2,1000,0.8372111440000083,1194.4418169378669
grammarinator,imbalanced_choice,6,1000,1000,1000,1.0,1000,1.0,0,1.0,0.8372111440000083,1194.4418169378669,14,58,2,2,31,1,12,31,18,2,1000,0.8372111440000083,1194.4418169378669
grammarinator,imbalanced_choice,7,100,100,100,1.0,100,1.0,0,1.0,0.865381124999999,115.55602163150961,2,23,2,1,11,1,3,48,3,4,1000,0.865381124999999,1155.560216315096
grammarinator,imbalanced_choice,7,500,500,500,1.0,500,1.0,0,1.0,0.865381124999999,577.780108157548,6,23,2,1,24,1,7,48,9,4,1000,0.865381124999999,1155.560216315096
grammarinator,imbalanced_choice,7,1000,1000,1000,1.0,1000,1.0,0,1.0,0.865381124999999,1155.560216315096,14,23,2,1,29,1,15,48,16,4,1000,0.865381124999999,1155.560216315096
grammarinator,imbalanced_choice,8,100,100,100,1.0,100,1.0,0,1.0,0.8576629389999937,116.59592067321535,2,30,2,8,14,5,1,90,4,12,1000,0.8576629389999937,1165.9592067321535
grammarinator,imbalanced_choice,8,500,500,500,1.0,500,1.0,0,1.0,0.8576629389999937,582.9796033660767,8,30,2,8,28,5,4,90,12,12,1000,0.8576629389999937,1165.9592067321535
grammarinator,imbalanced_choice,8,1000,1000,1000,1.0,1000,1.0,0,1.0,0.8576629389999937,1165.9592067321535,15,30,2,8,32,5,11,90,16,12,1000,0.8576629389999937,1165.9592067321535
grammarinator,imbalanced_choice,9,100,100,100,1.0,100,1.0,0,1.0,0.8451083859999926,118.32801763252279,1,16,2,2,13,2,2,68,3,2,1000,0.8451083859999926,1183.2801763252278
grammarinator,imbalanced_choice,9,500,500,500,1.0,500,1.0,0,1.0,0.8451083859999926,591.6400881626139,7,16,2,2,24,2,5,68,11,2,1000,0.8451083859999926,1183.2801763252278
grammarinator,imbalanced_choice,9,1000,1000,1000,1.0,1000,1.0,0,1.0,0.8451083859999926,1183.2801763252278,16,16,2,2,31,2,12,68,19,2,1000,0.8451083859999926,1183.2801763252278
grammarinator,imbalanced_choice,10,100,100,100,1.0,100,1.0,0,1.0,0.837964815999996,119.3367526781703,1,7,2,1,15,1,0,101,1,4,1000,0.837964815999996,1193.367526781703
grammarinator,imbalanced_choice,10,500,500,500,1.0,500,1.0,0,1.0,0.837964815999996,596.6837633908515,6,7,2,1,27,1,1,143,7,4,1000,0.837964815999996,1193.367526781703
grammarinator,imbalanced_choice,10,1000,1000,1000,1.0,1000,1.0,0,1.0,0.837964815999996,1193.367526781703,15,7,2,1,30,1,8,143,13,4,1000,0.837964815999996,1193.367526781703
grammarinator,imbalanced_choice,11,100,100,100,1.0,100,1.0,0,1.0,0.8371177209999985,119.45751175897061,4,1,2,2,15,2,1,45,1,2,1000,0.8371177209999985,1194.5751175897062
grammarinator,imbalanced_choice,11,500,500,500,1.0,500,1.0,0,1.0,0.8371177209999985,597.2875587948531,9,1,2,2,26,2,6,45,10,2,1000,0.8371177209999985,1194.5751175897062
grammarinator,imbalanced_choice,11,1000,1000,1000,1.0,1000,1.0,0,1.0,0.8371177209999985,1194.5751175897062,16,1,2,2,32,2,10,45,16,2,1000,0.8371177209999985,1194.5751175897062
grammarinator,imbalanced_choice,12,100,100,100,1.0,100,1.0,0,1.0,0.8377598250000062,119.36595312385535,3,25,2,5,15,1,3,23,4,13,1000,0.8377598250000062,1193.6595312385534
grammarinator,imbalanced_choice,12,500,500,500,1.0,500,1.0,0,1.0,0.8377598250000062,596.8297656192767,8,25,2,5,26,1,5,23,13,13,1000,0.8377598250000062,1193.6595312385534
grammarinator,imbalanced_choice,12,1000,1000,1000,1.0,1000,1.0,0,1.0,0.8377598250000062,1193.6595312385534,15,25,2,5,31,1,12,23,19,13,1000,0.8377598250000062,1193.6595312385534
grammarinator,imbalanced_choice,13,100,100,100,1.0,100,1.0,0,1.0,0.8357899820000085,119.64728239587703,1,6,2,9,15,2,1,14,1,9,1000,0.8357899820000085,1196.4728239587703
grammarinator,imbalanced_choice,13,500,500,500,1.0,500,1.0,0,1.0,0.8357899820000085,598.2364119793851,9,6,2,9,29,2,4,14,10,9,1000,0.8357899820000085,1196.4728239587703
grammarinator,imbalanced_choice,13,1000,1000,1000,1.0,1000,1.0,0,1.0,0.8357899820000085,1196.4728239587703,19,6,2,9,32,2,12,14,17,9,1000,0.8357899820000085,1196.4728239587703
grammarinator,imbalanced_choice,14,100,100,100,1.0,100,1.0,0,1.0,0.8268270960000024,120.94427055399707,2,12,2,7,14,3,2,31,2,7,1000,0.8268270960000024,1209.4427055399708
grammarinator,imbalanced_choice,14,500,500,500,1.0,500,1.0,0,1.0,0.8268270960000024,604.7213527699854,8,12,2,7,27,3,7,31,5,7,1000,0.8268270960000024,1209.4427055399708
grammarinator,imbalanced_choice,14,1000,1000,1000,1.0,1000,1.0,0,1.0,0.8268270960000024,1209.4427055399708,16,12,2,7,32,3,15,31,17,7,1000,0.8268270960000024,1209.4427055399708
grammarinator,imbalanced_choice,15,100,100,100,1.0,100,1.0,0,1.0,0.8405704349999894,118.96682994804743,1,46,2,4,13,2,1,83,3,4,1000,0.8405704349999894,1189.6682994804744
grammarinator,imbalanced_choice,15,500,500,500,1.0,500,1.0,0,1.0,0.8405704349999894,594.8341497402372,6,46,2,4,24,2,6,83,9,4,1000,0.8405704349999894,1189.6682994804744
grammarinator,imbalanced_choice,15,1000,1000,1000,1.0,1000,1.0,0,1.0,0.8405704349999894,1189.6682994804744,10,46,2,4,30,2,14,83,16,4,1000,0.8405704349999894,1189.6682994804744
grammarinator,imbalanced_choice,16,100,100,100,1.0,100,1.0,0,1.0,0.843849965000004,118.50447845903452,1,60,2,2,13,1,0,101,2,2,1000,0.843849965000004,1185.0447845903452
grammarinator,imbalanced_choice,16,500,500,500,1.0,500,1.0,0,1.0,0.843849965000004,592.5223922951726,7,60,2,2,29,1,7,197,11,2,1000,0.843849965000004,1185.0447845903452
grammarinator,imbalanced_choice,16,1000,1000,1000,1.0,1000,1.0,0,1.0,0.843849965000004,1185.0447845903452,14,60,2,2,32,1,11,197,16,2,1000,0.843849965000004,1185.0447845903452
grammarinator,imbalanced_choice,17,100,100,100,1.0,100,1.0,0,1.0,0.8276424700000007,120.82511908795584,3,23,2,1,14,1,1,36,3,10,1000,0.8276424700000007,1208.2511908795584
grammarinator,imbalanced_choice,17,500,500,500,1.0,500,1.0,0,1.0,0.8276424700000007,604.1255954397792,6,23,2,1,30,1,3,36,10,10,1000,0.8276424700000007,1208.2511908795584
grammarinator,imbalanced_choice,17,1000,1000,1000,1.0,1000,1.0,0,1.0,0.8276424700000007,1208.2511908795584,10,23,2,1,32,1,10,36,14,10,1000,0.8276424700000007,1208.2511908795584
grammarinator,imbalanced_choice,18,100,100,100,1.0,100,1.0,0,1.0,0.8371335039999934,119.45525955200664,3,30,2,1,17,1,1,47,1,1,1000,0.8371335039999934,1194.5525955200665
grammarinator,imbalanced_choice,18,500,500,500,1.0,500,1.0,0,1.0,0.8371335039999934,597.2762977600332,7,30,2,1,26,1,6,47,11,1,1000,0.8371335039999934,1194.5525955200665
grammarinator,imbalanced_choice,18,1000,1000,1000,1.0,1000,1.0,0,1.0,0.8371335039999934,1194.5525955200665,14,30,2,1,32,1,10,47,16,1,1000,0.8371335039999934,1194.5525955200665
grammarinator,imbalanced_choice,19,100,100,100,1.0,100,1.0,0,1.0,0.8362719929999969,119.57832001675126,2,35,2,1,12,1,0,101,3,1,1000,0.8362719929999969,1195.7832001675126
grammarinator,imbalanced_choice,19,500,500,500,1.0,500,1.0,0,1.0,0.8362719929999969,597.8916000837563,8,35,2,1,28,1,4,290,11,1,1000,0.8362719929999969,1195.7832001675126
grammarinator,imbalanced_choice,19,1000,1000,1000,1.0,1000,1.0,0,1.0,0.8362719929999969,1195.7832001675126,13,35,2,1,32,1,10,290,15,1,1000,0.8362719929999969,1195.7832001675126
grammarinator,protocol_message,0,100,100,100,1.0,100,1.0,0,1.0,1.4917643510000005,67.03471626263575,3,59,8,4,9,11,1,65,3,21,1000,1.4917643510000005,670.3471626263575
grammarinator,protocol_message,0,500,500,500,1.0,500,1.0,0,1.0,1.4917643510000005,335.1735813131788,14,59,8,4,13,11,12,65,15,21,1000,1.4917643510000005,670.3471626263575
grammarinator,protocol_message,0,1000,1000,1000,1.0,1000,1.0,0,1.0,1.4917643510000005,670.3471626263575,30,59,8,4,31,11,30,65,26,21,1000,1.4917643510000005,670.3471626263575
grammarinator,protocol_message,1,100,100,100,1.0,100,1.0,0,1.0,1.3366637689999976,74.81312976322633,4,46,8,4,11,1,3,29,2,1,1000,1.3366637689999976,748.1312976322632
grammarinator,protocol_message,1,500,500,500,1.0,500,1.0,0,1.0,1.3366637689999976,374.0656488161316,19,46,8,4,23,1,13,29,15,1,1000,1.3366637689999976,748.1312976322632
grammarinator,protocol_message,1,1000,1000,1000,1.0,1000,1.0,0,1.0,1.3366637689999976,748.1312976322632,27,46,8,4,31,1,29,29,25,1,1000,1.3366637689999976,748.1312976322632
grammarinator,protocol_message,2,100,100,100,1.0,100,1.0,0,1.0,1.3879716860000002,72.04757921841353,3,57,8,1,11,2,0,101,3,3,1000,1.3879716860000002,720.4757921841352
grammarinator,protocol_message,2,500,500,500,1.0,500,1.0,0,1.0,1.3879716860000002,360.2378960920676,13,57,8,1,19,2,9,218,14,3,1000,1.3879716860000002,720.4757921841352
grammarinator,protocol_message,2,1000,1000,1000,1.0,1000,1.0,0,1.0,1.3879716860000002,720.4757921841352,26,57,8,1,28,2,30,218,28,3,1000,1.3879716860000002,720.4757921841352
grammarinator,protocol_message,3,100,100,100,1.0,100,1.0,0,1.0,1.3547986609999896,73.81170566421217,3,39,8,1,11,3,2,39,3,3,1000,1.3547986609999896,738.1170566421217
grammarinator,protocol_message,3,500,500,500,1.0,500,1.0,0,1.0,1.3547986609999896,369.05852832106086,12,39,8,1,20,3,11,39,10,3,1000,1.3547986609999896,738.1170566421217
grammarinator,protocol_message,3,1000,1000,1000,1.0,1000,1.0,0,1.0,1.3547986609999896,738.1170566421217,28,39,8,1,29,3,25,39,25,3,1000,1.3547986609999896,738.1170566421217
grammarinator,protocol_message,4,100,100,100,1.0,100,1.0,0,1.0,1.3627977209999926,73.37846142465081,0,101,8,1,8,14,2,62,1,46,1000,1.3627977209999926,733.7846142465081
grammarinator,protocol_message,4,500,500,500,1.0,500,1.0,0,1.0,1.3627977209999926,366.89230712325406,17,134,8,1,19,14,15,62,16,46,1000,1.3627977209999926,733.7846142465081
grammarinator,protocol_message,4,1000,1000,1000,1.0,1000,1.0,0,1.0,1.3627977209999926,733.7846142465081,30,134,8,1,30,14,27,62,28,46,1000,1.3627977209999926,733.7846142465081
grammarinator,protocol_message,5,100,100,100,1.0,100,1.0,0,1.0,1.350861432000002,74.0268377134331,2,25,8,6,8,9,1,62,1,96,1000,1.350861432000002,740.268377134331
grammarinator,protocol_message,5,500,500,500,1.0,500,1.0,0,1.0,1.350861432000002,370.1341885671655,16,25,8,6,18,9,11,62,6,96,1000,1.350861432000002,740.268377134331
grammarinator,protocol_message,5,1000,1000,1000,1.0,1000,1.0,0,1.0,1.350861432000002,740.268377134331,30,25,8,6,30,9,29,62,24,96,1000,1.350861432000002,740.268377134331
grammarinator,protocol_message,6,100,100,100,1.0,100,1.0,0,1.0,1.3495733889999997,74.09748948450851,0,101,8,4,8,3,3,29,4,21,1000,1.3495733889999997,740.9748948450851
grammarinator,protocol_message,6,500,500,500,1.0,500,1.0,0,1.0,1.3495733889999997,370.4874474225426,16,103,8,4,20,3,9,29,14,21,1000,1.3495733889999997,740.9748948450851
grammarinator,protocol_message,6,1000,1000,1000,1.0,1000,1.0,0,1.0,1.3495733889999997,740.9748948450851,30,103,8,4,31,3,29,29,25,21,1000,1.3495733889999997,740.9748948450851
grammarinator,protocol_message,7,100,100,100,1.0,100,1.0,0,1.0,1.3382920619999936,74.72210501686476,0,101,8,8,10,14,1,29,1,54,1000,1.3382920619999936,747.2210501686476
grammarinator,protocol_message,7,500,500,500,1.0,500,1.0,0,1.0,1.3382920619999936,373.6105250843238,18,101,8,8,18,14,17,29,13,54,1000,1.3382920619999936,747.2210501686476
grammarinator,protocol_message,7,1000,1000,1000,1.0,1000,1.0,0,1.0,1.3382920619999936,747.2210501686476,30,101,8,8,28,14,29,29,26,54,1000,1.3382920619999936,747.2210501686476
grammarinator,protocol_message,8,100,100,100,1.0,100,1.0,0,1.0,1.346698939999996,74.25564618028162,3,19,8,7,9,9,1,48,2,40,1000,1.346698939999996,742.5564618028161
grammarinator,protocol_message,8,500,500,500,1.0,500,1.0,0,1.0,1.346698939999996,371.27823090140805,15,19,8,7,20,9,12,48,10,40,1000,1.346698939999996,742.5564618028161
grammarinator,protocol_message,8,1000,1000,1000,1.0,1000,1.0,0,1.0,1.346698939999996,742.5564618028161,28,19,8,7,32,9,31,48,27,40,1000,1.346698939999996,742.5564618028161
grammarinator,protocol_message,9,100,100,100,1.0,100,1.0,0,1.0,1.3577762680000092,73.64983639557863,2,33,8,3,9,8,1,84,2,20,1000,1.3577762680000092,736.4983639557863
grammarinator,protocol_message,9,500,500,500,1.0,500,1.0,0,1.0,1.3577762680000092,368.24918197789316,11,33,8,3,17,8,11,84,11,20,1000,1.3577762680000092,736.4983639557863
grammarinator,protocol_message,9,1000,1000,1000,1.0,1000,1.0,0,1.0,1.3577762680000092,736.4983639557863,30,33,8,3,29,8,28,84,26,20,1000,1.3577762680000092,736.4983639557863
grammarinator,protocol_message,10,100,100,100,1.0,100,1.0,0,1.0,1.4175766940000187,70.54292048060341,2,34,8,1,9,8,0,101,6,11,1000,1.4175766940000187,705.4292048060341
grammarinator,protocol_message,10,500,500,500,1.0,500,1.0,0,1.0,1.4175766940000187,352.71460240301707,11,34,8,1,17,8,18,104,19,11,1000,1.4175766940000187,705.4292048060341
grammarinator,protocol_message,10,1000,1000,1000,1.0,1000,1.0,0,1.0,1.4175766940000187,705.4292048060341,30,34,8,1,30,8,28,104,27,11,1000,1.4175766940000187,705.4292048060341
grammarinator,protocol_message,11,100,100,100,1.0,100,1.0,0,1.0,1.3348939360000145,74.91231872672086,4,43,8,4,9,1,1,93,2,10,1000,1.3348939360000145,749.1231872672086
grammarinator,protocol_message,11,500,500,500,1.0,500,1.0,0,1.0,1.3348939360000145,374.5615936336043,15,43,8,4,16,1,8,93,15,10,1000,1.3348939360000145,749.1231872672086
grammarinator,protocol_message,11,1000,1000,1000,1.0,1000,1.0,0,1.0,1.3348939360000145,749.1231872672086,27,43,8,4,30,1,26,93,27,10,1000,1.3348939360000145,749.1231872672086
grammarinator,protocol_message,12,100,100,100,1.0,100,1.0,0,1.0,1.3806248690000018,72.43097110979237,3,18,8,8,8,2,2,68,1,82,1000,1.3806248690000018,724.3097110979237
grammarinator,protocol_message,12,500,500,500,1.0,500,1.0,0,1.0,1.3806248690000018,362.15485554896185,15,18,8,8,14,2,16,68,12,82,1000,1.3806248690000018,724.3097110979237
grammarinator,protocol_message,12,1000,1000,1000,1.0,1000,1.0,0,1.0,1.3806248690000018,724.3097110979237,31,18,8,8,30,2,29,68,26,82,1000,1.3806248690000018,724.3097110979237
grammarinator,protocol_message,13,100,100,100,1.0,100,1.0,0,1.0,1.3349041449999959,74.9117458167757,2,15,8,2,8,6,2,37,3,41,1000,1.3349041449999959,749.1174581677571
grammarinator,protocol_message,13,500,500,500,1.0,500,1.0,0,1.0,1.3349041449999959,374.5587290838786,14,15,8,2,16,6,14,37,11,41,1000,1.3349041449999959,749.1174581677571
grammarinator,protocol_message,13,1000,1000,1000,1.0,1000,1.0,0,1.0,1.3349041449999959,749.1174581677571,29,15,8,2,28,6,31,37,23,41,1000,1.3349041449999959,749.1174581677571
grammarinator,protocol_message,14,100,100,100,1.0,100,1.0,0,1.0,1.3418391699999859,74.52457957387028,3,1,8,3,8,7,0,101,3,7,1000,1.3418391699999859,745.2457957387028
grammarinator,protocol_message,14,500,500,500,1.0,500,1.0,0,1.0,1.3418391699999859,372.6228978693514,17,1,8,3,17,7,16,122,14,7,1000,1.3418391699999859,745.2457957387028
grammarinator,protocol_message,14,1000,1000,1000,1.0,1000,1.0,0,1.0,1.3418391699999859,745.2457957387028,28,1,8,3,30,7,29,122,25,7,1000,1.3418391699999859,745.2457957387028
grammarinator,protocol_message,15,100,100,100,1.0,100,1.0,0,1.0,1.3795171210000206,72.48913295654452,5,32,8,2,10,6,4,28,2,3,1000,1.3795171210000206,724.8913295654452
grammarinator,protocol_message,15,500,500,500,1.0,500,1.0,0,1.0,1.3795171210000206,362.4456647827226,18,32,8,2,16,6,16,28,11,3,1000,1.3795171210000206,724.8913295654452
grammarinator,protocol_message,15,1000,1000,1000,1.0,1000,1.0,0,1.0,1.3795171210000206,724.8913295654452,31,32,8,2,28,6,27,28,26,3,1000,1.3795171210000206,724.8913295654452
grammarinator,protocol_message,16,100,100,100,1.0,100,1.0,0,1.0,1.3763853140000037,72.65407366879224,3,23,8,2,8,3,2,42,2,3,1000,1.3763853140000037,726.5407366879223
grammarinator,protocol_message,16,500,500,500,1.0,500,1.0,0,1.0,1.3763853140000037,363.27036834396114,19,23,8,2,18,3,11,42,12,3,1000,1.3763853140000037,726.5407366879223
grammarinator,protocol_message,16,1000,1000,1000,1.0,1000,1.0,0,1.0,1.3763853140000037,726.5407366879223,27,23,8,2,30,3,31,42,25,3,1000,1.3763853140000037,726.5407366879223
grammarinator,protocol_message,17,100,100,100,1.0,100,1.0,0,1.0,1.3312738230000036,75.11602667485164,3,40,8,1,10,6,3,12,2,21,1000,1.3312738230000036,751.1602667485165
grammarinator,protocol_message,17,500,500,500,1.0,500,1.0,0,1.0,1.3312738230000036,375.58013337425825,15,40,8,1,20,6,12,12,14,21,1000,1.3312738230000036,751.1602667485165
grammarinator,protocol_message,17,1000,1000,1000,1.0,1000,1.0,0,1.0,1.3312738230000036,751.1602667485165,27,40,8,1,31,6,26,12,27,21,1000,1.3312738230000036,751.1602667485165
grammarinator,protocol_message,18,100,100,100,1.0,100,1.0,0,1.0,1.336026989000004,74.84878735484864,4,2,8,6,9,1,1,69,0,101,1000,1.336026989000004,748.4878735484864
grammarinator,protocol_message,18,500,500,500,1.0,500,1.0,0,1.0,1.336026989000004,374.2439367742432,16,2,8,6,17,1,13,69,10,108,1000,1.336026989000004,748.4878735484864
grammarinator,protocol_message,18,1000,1000,1000,1.0,1000,1.0,0,1.0,1.336026989000004,748.4878735484864,30,2,8,6,27,1,28,69,26,108,1000,1.336026989000004,748.4878735484864
grammarinator,protocol_message,19,100,100,100,1.0,100,1.0,0,1.0,1.3755097110000065,72.700322796921,2,23,8,4,9,3,1,100,4,21,1000,1.3755097110000065,727.0032279692101
grammarinator,protocol_message,19,500,500,500,1.0,500,1.0,0,1.0,1.3755097110000065,363.50161398460506,17,23,8,4,19,3,12,100,14,21,1000,1.3755097110000065,727.0032279692101
grammarinator,protocol_message,19,1000,1000,1000,1.0,1000,1.0,0,1.0,1.3755097110000065,727.0032279692101,31,23,8,4,31,3,28,100,29,21,1000,1.3755097110000065,727.0032279692101
hypothesis,action_space,0,100,100,100,1.0,100,1.0,0,1.0,1.1599702649999983,86.20910640325779,0,101,7,2,7,1,0,101,1,1,1000,1.1599702649999983,862.091064032578
hypothesis,action_space,0,500,500,500,1.0,500,1.0,0,1.0,1.1599702649999983,431.045532016289,4,322,32,2,22,1,4,159,6,1,1000,1.1599702649999983,862.091064032578
hypothesis,action_space,0,1000,1000,1000,1.0,1000,1.0,0,1.0,1.1599702649999983,862.091064032578,7,322,32,2,29,1,11,159,12,1,1000,1.1599702649999983,862.091064032578
hypothesis,action_space,1,100,100,100,1.0,100,1.0,0,1.0,1.1154963759999958,89.64618993975142,0,101,12,4,4,1,1,55,1,1,1000,1.1154963759999958,896.4618993975142
hypothesis,action_space,1,500,500,500,1.0,500,1.0,0,1.0,1.1154963759999958,448.2309496987571,6,161,32,4,20,1,5,55,7,1,1000,1.1154963759999958,896.4618993975142
hypothesis,action_space,1,1000,1000,1000,1.0,1000,1.0,0,1.0,1.1154963759999958,896.4618993975142,11,161,32,4,29,1,7,55,16,1,1000,1.1154963759999958,896.4618993975142
hypothesis,action_space,2,100,100,100,1.0,100,1.0,0,1.0,1.106368745999994,90.38577812464754,0,101,10,15,8,1,0,101,1,1,1000,1.106368745999994,903.8577812464755
hypothesis,action_space,2,500,500,500,1.0,500,1.0,0,1.0,1.106368745999994,451.92889062323775,2,377,32,15,21,1,2,207,8,1,1000,1.106368745999994,903.8577812464755
hypothesis,action_space,2,1000,1000,1000,1.0,1000,1.0,0,1.0,1.106368745999994,903.8577812464755,9,377,32,15,30,1,7,207,11,1,1000,1.106368745999994,903.8577812464755
hypothesis,action_space,3,100,100,100,1.0,100,1.0,0,1.0,1.1248025599999991,88.90449182476975,0,101,15,14,6,1,1,54,5,1,1000,1.1248025599999991,889.0449182476974
hypothesis,action_space,3,500,500,500,1.0,500,1.0,0,1.0,1.1248025599999991,444.5224591238487,3,240,32,14,17,1,7,54,10,1,1000,1.1248025599999991,889.0449182476974
hypothesis,action_space,3,1000,1000,1000,1.0,1000,1.0,0,1.0,1.1248025599999991,889.0449182476974,10,240,32,14,28,1,16,54,16,1,1000,1.1248025599999991,889.0449182476974
hypothesis,action_space,4,100,100,100,1.0,100,1.0,0,1.0,1.0984381630000044,91.03835187852955,0,101,14,4,4,1,2,41,2,1,1000,1.0984381630000044,910.3835187852955
hypothesis,action_space,4,500,500,500,1.0,500,1.0,0,1.0,1.0984381630000044,455.1917593926477,2,416,32,4,16,1,7,41,4,1,1000,1.0984381630000044,910.3835187852955
hypothesis,action_space,4,1000,1000,1000,1.0,1000,1.0,0,1.0,1.0984381630000044,910.3835187852955,6,416,32,4,30,1,10,41,12,1,1000,1.0984381630000044,910.3835187852955
hypothesis,action_space,5,100,100,100,1.0,100,1.0,0,1.0,1.1257950920000042,88.826111172991,1,90,16,9,4,1,0,101,3,1,1000,1.1257950920000042,888.26111172991
hypothesis,action_space,5,500,500,500,1.0,500,1.0,0,1.0,1.1257950920000042,444.130555864955,3,90,32,9,22,1,4,137,9,1,1000,1.1257950920000042,888.26111172991
hypothesis,action_space,5,1000,1000,1000,1.0,1000,1.0,0,1.0,1.1257950920000042,888.26111172991,7,90,32,9,28,1,9,137,13,1,1000,1.1257950920000042,888.26111172991
hypothesis,action_space,6,100,100,100,1.0,100,1.0,0,1.0,1.1089853690000027,90.17251516146897,1,40,14,2,5,1,0,101,3,1,1000,1.1089853690000027,901.7251516146897
hypothesis,action_space,6,500,500,500,1.0,500,1.0,0,1.0,1.1089853690000027,450.86257580734485,4,40,32,2,23,1,2,298,5,1,1000,1.1089853690000027,901.7251516146897
hypothesis,action_space,6,1000,1000,1000,1.0,1000,1.0,0,1.0,1.1089853690000027,901.7251516146897,10,40,32,2,30,1,8,298,15,1,1000,1.1089853690000027,901.7251516146897
hypothesis,action_space,7,100,100,100,1.0,100,1.0,0,1.0,1.112883551000003,89.85666102274858,1,69,9,4,6,1,3,49,1,1,1000,1.112883551000003,898.5666102274857
hypothesis,action_space,7,500,500,500,1.0,500,1.0,0,1.0,1.112883551000003,449.28330511374287,2,69,32,4,24,1,8,49,7,1,1000,1.112883551000003,898.5666102274857
hypothesis,action_space,7,1000,1000,1000,1.0,1000,1.0,0,1.0,1.112883551000003,898.5666102274857,7,69,32,4,30,1,13,49,12,1,1000,1.112883551000003,898.5666102274857
hypothesis,action_space,8,100,100,100,1.0,100,1.0,0,1.0,1.1248797180000025,88.89839366807729,0,101,8,23,7,1,1,88,3,1,1000,1.1248797180000025,888.983936680773
hypothesis,action_space,8,500,500,500,1.0,500,1.0,0,1.0,1.1248797180000025,444.4919683403865,3,205,32,23,23,1,5,88,7,1,1000,1.1248797180000025,888.983936680773
hypothesis,action_space,8,1000,1000,1000,1.0,1000,1.0,0,1.0,1.1248797180000025,888.983936680773,9,205,32,23,30,1,14,88,14,1,1000,1.1248797180000025,888.983936680773
hypothesis,action_space,9,100,100,100,1.0,100,1.0,0,1.0,1.1151100710000037,89.67724586176719,0,101,11,6,5,1,0,101,2,1,1000,1.1151100710000037,896.7724586176719
hypothesis,action_space,9,500,500,500,1.0,500,1.0,0,1.0,1.1151100710000037,448.38622930883594,5,147,32,6,20,1,1,465,9,1,1000,1.1151100710000037,896.7724586176719
hypothesis,action_space,9,1000,1000,1000,1.0,1000,1.0,0,1.0,1.1151100710000037,896.7724586176719,12,147,32,6,29,1,10,465,10,1,1000,1.1151100710000037,896.7724586176719
hypothesis,action_space,10,100,100,100,1.0,100,1.0,0,1.0,1.1249796930000002,88.89049342155546,2,10,7,33,8,1,0,101,6,1,1000,1.1249796930000002,888.9049342155546
hypothesis,action_space,10,500,500,500,1.0,500,1.0,0,1.0,1.1249796930000002,444.4524671077773,5,10,32,33,26,1,4,306,9,1,1000,1.1249796930000002,888.9049342155546
hypothesis,action_space,10,1000,1000,1000,1.0,1000,1.0,0,1.0,1.1249796930000002,888.9049342155546,10,10,32,33,31,1,18,306,15,1,1000,1.1249796930000002,888.9049342155546
hypothesis,action_space,11,100,100,100,1.0,100,1.0,0,1.0,1.1157657650000061,89.62454588306844,0,101,16,9,5,1,0,101,3,1,1000,1.1157657650000061,896.2454588306844
hypothesis,action_space,11,500,500,500,1.0,500,1.0,0,1.0,1.1157657650000061,448.1227294153422,5,295,32,9,23,1,3,375,7,1,1000,1.1157657650000061,896.2454588306844
hypothesis,action_space,11,1000,1000,1000,1.0,1000,1.0,0,1.0,1.1157657650000061,896.2454588306844,9,295,32,9,31,1,7,375,15,1,1000,1.1157657650000061,896.2454588306844
hypothesis,action_space,12,100,100,100,1.0,100,1.0,0,1.0,1.120389533000008,89.25467174995403,0,101,7,6,4,1,0,101,2,1,1000,1.120389533000008,892.5467174995403
hypothesis,action_space,12,500,500,500,1.0,500,1.0,0,1.0,1.120389533000008,446.2733587497701,3,279,32,6,24,1,7,203,9,1,1000,1.120389533000008,892.5467174995403
hypothesis,action_space,12,1000,1000,1000,1.0,1000,1.0,0,1.0,1.120389533000008,892.5467174995403,9,279,32,6,31,1,10,203,15,1,1000,1.120389533000008,892.5467174995403
hypothesis,action_space,13,100,100,100,1.0,100,1.0,0,1.0,1.127300323,88.70750585245773,1,80,15,4,4,1,0,101,2,1,1000,1.127300323,887.0750585245773
hypothesis,action_space,13,500,500,500,1.0,500,1.0,0,1.0,1.127300323,443.5375292622887,2,80,32,4,18,1,5,169,9,1,1000,1.127300323,887.0750585245773
hypothesis,action_space,13,1000,1000,1000,1.0,1000,1.0,0,1.0,1.127300323,887.0750585245773,11,80,32,4,30,1,10,169,15,1,1000,1.127300323,887.0750585245773
hypothesis,action_space,14,100,100,100,1.0,100,1.0,0,1.0,1.133165746000003,88.24834350402234,1,54,7,4,6,1,0,101,4,1,1000,1.133165746000003,882.4834350402234
hypothesis,action_space,14,500,500,500,1.0,500,1.0,0,1.0,1.133165746000003,441.2417175201117,3,54,32,4,24,1,6,260,10,1,1000,1.133165746000003,882.4834350402234
hypothesis,action_space,14,1000,1000,1000,1.0,1000,1.0,0,1.0,1.133165746000003,882.4834350402234,8,54,32,4,28,1,16,260,16,1,1000,1.133165746000003,882.4834350402234
hypothesis,action_space,15,100,100,100,1.0,100,1.0,0,1.0,1.0575213580000025,94.56073794019748,0,101,16,2,6,1,0,101,1,1,1000,1.0575213580000025,945.6073794019749
hypothesis,action_space,15,500,500,500,1.0,500,1.0,0,1.0,1.0575213580000025,472.80368970098743,5,130,32,2,20,1,3,366,8,1,1000,1.0575213580000025,945.6073794019749
hypothesis,action_space,15,1000,1000,1000,1.0,1000,1.0,0,1.0,1.0575213580000025,945.6073794019749,11,130,32,2,30,1,14,366,12,1,1000,1.0575213580000025,945.6073794019749
hypothesis,action_space,16,100,100,100,1.0,100,1.0,0,1.0,1.1451377320000091,87.32574013201689,1,11,10,2,4,1,0,101,3,1,1000,1.1451377320000091,873.2574013201689
hypothesis,action_space,16,500,500,500,1.0,500,1.0,0,1.0,1.1451377320000091,436.62870066008446,2,11,32,2,22,1,1,243,7,1,1000,1.1451377320000091,873.2574013201689
hypothesis,action_space,16,1000,1000,1000,1.0,1000,1.0,0,1.0,1.1451377320000091,873.2574013201689,11,11,32,2,31,1,8,243,13,1,1000,1.1451377320000091,873.2574013201689
hypothesis,action_space,17,100,100,100,1.0,100,1.0,0,1.0,1.1264929980000034,88.77107996014344,1,47,12,9,7,1,0,101,3,1,1000,1.1264929980000034,887.7107996014344
hypothesis,action_space,17,500,500,500,1.0,500,1.0,0,1.0,1.1264929980000034,443.8553998007172,4,47,32,9,19,1,7,111,12,1,1000,1.1264929980000034,887.7107996014344
hypothesis,action_space,17,1000,1000,1000,1.0,1000,1.0,0,1.0,1.1264929980000034,887.7107996014344,7,47,32,9,30,1,11,111,15,1,1000,1.1264929980000034,887.7107996014344
hypothesis,action_space,18,100,100,100,1.0,100,1.0,0,1.0,1.128656415000009,88.60092289467846,1,14,9,4,5,1,2,69,3,1,1000,1.128656415000009,886.0092289467846
hypothesis,action_space,18,500,500,500,1.0,500,1.0,0,1.0,1.128656415000009,443.0046144733923,4,14,32,4,22,1,5,69,9,1,1000,1.128656415000009,886.0092289467846
hypothesis,action_space,18,1000,1000,1000,1.0,1000,1.0,0,1.0,1.128656415000009,886.0092289467846,13,14,32,4,28,1,14,69,12,1,1000,1.128656415000009,886.0092289467846
hypothesis,action_space,19,100,100,100,1.0,100,1.0,0,1.0,1.1208127369999943,89.22097037161035,0,101,10,2,3,1,1,79,2,1,1000,1.1208127369999943,892.2097037161036
hypothesis,action_space,19,500,500,500,1.0,500,1.0,0,1.0,1.1208127369999943,446.1048518580518,4,172,32,2,22,1,4,79,8,1,1000,1.1208127369999943,892.2097037161036
hypothesis,action_space,19,1000,1000,1000,1.0,1000,1.0,0,1.0,1.1208127369999943,892.2097037161036,10,172,32,2,30,1,8,79,12,1,1000,1.1208127369999943,892.2097037161036
hypothesis,balanced_product,0,100,100,100,1.0,100,1.0,0,1.0,1.026886214000001,97.38177281635987,1,28,3,1,9,1,0,101,2,1,1000,1.026886214000001,973.8177281635986
hypothesis,balanced_product,0,500,500,500,1.0,500,1.0,0,1.0,1.026886214000001,486.9088640817993,6,28,11,1,19,1,6,102,6,1,1000,1.026886214000001,973.8177281635986
hypothesis,balanced_product,0,1000,1000,1000,1.0,1000,1.0,0,1.0,1.026886214000001,973.8177281635986,17,28,17,1,25,1,18,102,9,1,1000,1.026886214000001,973.8177281635986
hypothesis,balanced_product,1,100,100,100,1.0,100,1.0,0,1.0,0.9791377800000021,102.13067255968797,2,7,8,1,9,1,4,15,2,1,1000,0.9791377800000021,1021.3067255968796
hypothesis,balanced_product,1,500,500,500,1.0,500,1.0,0,1.0,0.9791377800000021,510.6533627984398,10,7,16,1,20,1,8,15,5,1,1000,0.9791377800000021,1021.3067255968796
hypothesis,balanced_product,1,1000,1000,1000,1.0,1000,1.0,0,1.0,0.9791377800000021,1021.3067255968796,20,7,22,1,24,1,21,15,11,1,1000,0.9791377800000021,1021.3067255968796
hypothesis,balanced_product,2,100,100,100,1.0,100,1.0,0,1.0,0.9740002380000021,102.66937942986394,2,26,4,1,9,1,0,101,2,1,1000,0.9740002380000021,1026.6937942986394
hypothesis,balanced_product,2,500,500,500,1.0,500,1.0,0,1.0,0.9740002380000021,513.3468971493197,8,26,14,1,18,1,6,175,6,1,1000,0.9740002380000021,1026.6937942986394
hypothesis,balanced_product,2,1000,1000,1000,1.0,1000,1.0,0,1.0,0.9740002380000021,1026.6937942986394,16,26,19,1,23,1,12,175,15,1,1000,0.9740002380000021,1026.6937942986394
hypothesis,balanced_product,3,100,100,100,1.0,100,1.0,0,1.0,0.9761510350000009,102.44316341886572,1,6,7,1,12,1,0,101,2,1,1000,0.9761510350000009,1024.4316341886572
hypothesis,balanced_product,3,500,500,500,1.0,500,1.0,0,1.0,0.9761510350000009,512.2158170943286,3,6,12,1,19,1,4,122,8,1,1000,0.9761510350000009,1024.4316341886572
hypothesis,balanced_product,3,1000,1000,1000,1.0,1000,1.0,0,1.0,0.9761510350000009,1024.4316341886572,14,6,17,1,23,1,14,122,14,1,1000,0.9761510350000009,1024.4316341886572
hypothesis,balanced_product,4,100,100,100,1.0,100,1.0,0,1.0,0.9849939410000061,101.52346713775306,2,28,4,1,7,1,1,10,1,1,1000,0.9849939410000061,1015.2346713775306
hypothesis,balanced_product,4,500,500,500,1.0,500,1.0,0,1.0,0.9849939410000061,507.6173356887653,6,28,17,1,22,1,5,10,7,1,1000,0.9849939410000061,1015.2346713775306
hypothesis,balanced_product,4,1000,1000,1000,1.0,1000,1.0,0,1.0,0.9849939410000061,1015.2346713775306,17,28,19,1,23,1,11,10,15,1,1000,0.9849939410000061,1015.2346713775306
hypothesis,balanced_product,5,100,100,100,1.0,100,1.0,0,1.0,0.9944498999999993,100.55810755272847,2,88,1,1,5,1,2,10,3,1,1000,0.9944498999999993,1005.5810755272846
hypothesis,balanced_product,5,500,500,500,1.0,500,1.0,0,1.0,0.9944498999999993,502.7905377636423,6,88,11,1,17,1,8,10,7,1,1000,0.9944498999999993,1005.5810755272846
hypothesis,balanced_product,5,1000,1000,1000,1.0,1000,1.0,0,1.0,0.9944498999999993,1005.5810755272846,13,88,16,1,22,1,18,10,12,1,1000,0.9944498999999993,1005.5810755272846
hypothesis,balanced_product,6,100,100,100,1.0,100,1.0,0,1.0,0.9962688000000028,100.37451739932006,3,4,2,1,5,1,8,14,2,1,1000,0.9962688000000028,1003.7451739932005
hypothesis,balanced_product,6,500,500,500,1.0,500,1.0,0,1.0,0.9962688000000028,501.87258699660026,5,4,14,1,19,1,11,14,8,1,1000,0.9962688000000028,1003.7451739932005
hypothesis,balanced_product,6,1000,1000,1000,1.0,1000,1.0,0,1.0,0.9962688000000028,1003.7451739932005,10,4,21,1,27,1,18,14,17,1,1000,0.9962688000000028,1003.7451739932005
hypothesis,balanced_product,7,100,100,100,1.0,100,1.0,0,1.0,0.9690412960000003,103.19477654128784,0,101,1,1,7,1,1,78,1,1,1000,0.9690412960000003,1031.9477654128784
hypothesis,balanced_product,7,500,500,500,1.0,500,1.0,0,1.0,0.9690412960000003,515.9738827064392,10,114,11,1,18,1,9,78,6,1,1000,0.9690412960000003,1031.9477654128784
hypothesis,balanced_product,7,1000,1000,1000,1.0,1000,1.0,0,1.0,0.9690412960000003,1031.9477654128784,14,114,19,1,27,1,14,78,16,1,1000,0.9690412960000003,1031.9477654128784
hypothesis,balanced_product,8,100,100,100,1.0,100,1.0,0,1.0,0.9424436600000021,106.10713854237162,0,101,2,1,6,1,2,27,3,1,1000,0.9424436600000021,1061.0713854237163
hypothesis,balanced_product,8,500,500,500,1.0,500,1.0,0,1.0,0.9424436600000021,530.5356927118581,6,116,13,1,19,1,6,27,5,1,1000,0.9424436600000021,1061.0713854237163
hypothesis,balanced_product,8,1000,1000,1000,1.0,1000,1.0,0,1.0,0.9424436600000021,1061.0713854237163,14,116,21,1,22,1,17,27,12,1,1000,0.9424436600000021,1061.0713854237163
hypothesis,balanced_product,9,100,100,100,1.0,100,1.0,0,1.0,0.9878894490000008,101.22590144193343,1,2,7,1,9,1,3,4,1,1,1000,0.9878894490000008,1012.2590144193343
hypothesis,balanced_product,9,500,500,500,1.0,500,1.0,0,1.0,0.9878894490000008,506.12950720966717,7,2,12,1,19,1,8,4,9,1,1000,0.9878894490000008,1012.2590144193343
hypothesis,balanced_product,9,1000,1000,1000,1.0,1000,1.0,0,1.0,0.9878894490000008,1012.2590144193343,16,2,22,1,26,1,17,4,16,1,1000,0.9878894490000008,1012.2590144193343
hypothesis,balanced_product,10,100,100,100,1.0,100,1.0,0,1.0,0.9816430360000012,101.87002437003981,1,10,1,1,2,1,1,57,4,1,1000,0.9816430360000012,1018.7002437003981
hypothesis,balanced_product,10,500,500,500,1.0,500,1.0,0,1.0,0.9816430360000012,509.35012185019906,7,10,14,1,17,1,5,57,7,1,1000,0.9816430360000012,1018.7002437003981
hypothesis,balanced_product,10,1000,1000,1000,1.0,1000,1.0,0,1.0,0.9816430360000012,1018.7002437003981,15,10,18,1,23,1,12,57,17,1,1000,0.9816430360000012,1018.7002437003981
hypothesis,balanced_product,11,100,100,100,1.0,100,1.0,0,1.0,0.9990151470000015,100.09858238916156,3,16,4,1,7,1,1,10,1,1,1000,0.9990151470000015,1000.9858238916156
hypothesis,balanced_product,11,500,500,500,1.0,500,1.0,0,1.0,0.9990151470000015,500.4929119458078,7,16,16,1,21,1,6,10,6,1,1000,0.9990151470000015,1000.9858238916156
hypothesis,balanced_product,11,1000,1000,1000,1.0,1000,1.0,0,1.0,0.9990151470000015,1000.9858238916156,15,16,20,1,26,1,14,10,10,1,1000,0.9990151470000015,1000.9858238916156
hypothesis,balanced_product,12,100,100,100,1.0,100,1.0,0,1.0,0.9988163660000069,100.11850366496628,3,6,6,1,8,1,0,101,3,1,1000,0.9988163660000069,1001.1850366496628
hypothesis,balanced_product,12,500,500,500,1.0,500,1.0,0,1.0,0.9988163660000069,500.5925183248314,8,6,13,1,17,1,4,185,10,1,1000,0.9988163660000069,1001.1850366496628
hypothesis,balanced_product,12,1000,1000,1000,1.0,1000,1.0,0,1.0,0.9988163660000069,1001.1850366496628,15,6,22,1,22,1,8,185,15,1,1000,0.9988163660000069,1001.1850366496628
hypothesis,balanced_product,13,100,100,100,1.0,100,1.0,0,1.0,0.9838933979999993,101.63702714468268,3,12,3,1,8,1,2,2,1,1,1000,0.9838933979999993,1016.3702714468267
hypothesis,balanced_product,13,500,500,500,1.0,500,1.0,0,1.0,0.9838933979999993,508.18513572341334,7,12,15,1,18,1,5,2,8,1,1000,0.9838933979999993,1016.3702714468267
hypothesis,balanced_product,13,1000,1000,1000,1.0,1000,1.0,0,1.0,0.9838933979999993,1016.3702714468267,15,12,23,1,25,1,18,2,16,1,1000,0.9838933979999993,1016.3702714468267
hypothesis,balanced_product,14,100,100,100,1.0,100,1.0,0,1.0,0.9911729780000087,100.89056322114456,2,41,2,1,7,1,4,8,1,1,1000,0.9911729780000087,1008.9056322114455
hypothesis,balanced_product,14,500,500,500,1.0,500,1.0,0,1.0,0.9911729780000087,504.4528161057228,5,41,14,1,19,1,12,8,7,1,1000,0.9911729780000087,1008.9056322114455
hypothesis,balanced_product,14,1000,1000,1000,1.0,1000,1.0,0,1.0,0.9911729780000087,1008.9056322114455,16,41,20,1,25,1,18,8,15,1,1000,0.9911729780000087,1008.9056322114455
hypothesis,balanced_product,15,100,100,100,1.0,100,1.0,0,1.0,0.9491133880000007,105.36148922177034,1,49,4,1,11,1,2,6,1,1,1000,0.9491133880000007,1053.6148922177033
hypothesis,balanced_product,15,500,500,500,1.0,500,1.0,0,1.0,0.9491133880000007,526.8074461088517,9,49,13,1,21,1,6,6,6,1,1000,0.9491133880000007,1053.6148922177033
hypothesis,balanced_product,15,1000,1000,1000,1.0,1000,1.0,0,1.0,0.9491133880000007,1053.6148922177033,14,49,18,1,26,1,13,6,16,1,1000,0.9491133880000007,1053.6148922177033
hypothesis,balanced_product,16,100,100,100,1.0,100,1.0,0,1.0,0.9941778970000001,100.58561983902162,0,101,5,1,7,1,2,10,2,1,1000,0.9941778970000001,1005.8561983902162
hypothesis,balanced_product,16,500,500,500,1.0,500,1.0,0,1.0,0.9941778970000001,502.9280991951081,6,225,9,1,16,1,8,10,5,1,1000,0.9941778970000001,1005.8561983902162
hypothesis,balanced_product,16,1000,1000,1000,1.0,1000,1.0,0,1.0,0.9941778970000001,1005.8561983902162,17,225,21,1,24,1,17,10,14,1,1000,0.9941778970000001,1005.8561983902162
hypothesis,balanced_product,17,100,100,100,1.0,100,1.0,0,1.0,0.9905117909999888,100.95790974789227,1,82,2,1,6,1,1,25,1,1,1000,0.9905117909999888,1009.5790974789228
hypothesis,balanced_product,17,500,500,500,1.0,500,1.0,0,1.0,0.9905117909999888,504.7895487394614,5,82,11,1,19,1,11,25,8,1,1000,0.9905117909999888,1009.5790974789228
hypothesis,balanced_product,17,1000,1000,1000,1.0,1000,1.0,0,1.0,0.9905117909999888,1009.5790974789228,17,82,27,1,28,1,26,25,15,1,1000,0.9905117909999888,1009.5790974789228
hypothesis,balanced_product,18,100,100,100,1.0,100,1.0,0,1.0,0.9947650799999934,100.52624686021413,1,29,3,1,7,1,0,101,1,1,1000,0.9947650799999934,1005.2624686021413
hypothesis,balanced_product,18,500,500,500,1.0,500,1.0,0,1.0,0.9947650799999934,502.63123430107066,7,29,11,1,17,1,5,182,6,1,1000,0.9947650799999934,1005.2624686021413
hypothesis,balanced_product,18,1000,1000,1000,1.0,1000,1.0,0,1.0,0.9947650799999934,1005.2624686021413,12,29,19,1,24,1,14,182,11,1,1000,0.9947650799999934,1005.2624686021413
hypothesis,balanced_product,19,100,100,100,1.0,100,1.0,0,1.0,0.99268644,100.73674422308015,2,38,2,1,7,1,2,14,3,1,1000,0.99268644,1007.3674422308015
hypothesis,balanced_product,19,500,500,500,1.0,500,1.0,0,1.0,0.99268644,503.6837211154008,10,38,13,1,20,1,6,14,10,1,1000,0.99268644,1007.3674422308015
hypothesis,balanced_product,19,1000,1000,1000,1.0,1000,1.0,0,1.0,0.99268644,1007.3674422308015,20,38,18,1,23,1,13,14,15,1,1000,0.99268644,1007.3674422308015
hypothesis,dependent_record,0,100,100,100,1.0,100,1.0,0,1.0,0.8852660849999978,112.96038749750619,0,101,7,6,8,1,0,101,1,1,1000,0.8852660849999978,1129.603874975062
hypothesis,dependent_record,0,500,500,500,1.0,500,1.0,0,1.0,0.8852660849999978,564.801937487531,2,155,16,6,17,1,1,297,6,1,1000,0.8852660849999978,1129.603874975062
hypothesis,dependent_record,0,1000,1000,1000,1.0,1000,1.0,0,1.0,0.8852660849999978,1129.603874975062,9,155,16,6,27,1,6,297,14,1,1000,0.8852660849999978,1129.603874975062
hypothesis,dependent_record,1,100,100,100,1.0,100,1.0,0,1.0,0.7356869620000026,135.9273783079489,0,101,10,2,6,1,0,101,2,1,1000,0.7356869620000026,1359.2737830794892
hypothesis,dependent_record,1,500,500,500,1.0,500,1.0,0,1.0,0.7356869620000026,679.6368915397446,4,118,16,2,19,1,2,356,8,1,1000,0.7356869620000026,1359.2737830794892
hypothesis,dependent_record,1,1000,1000,1000,1.0,1000,1.0,0,1.0,0.7356869620000026,1359.2737830794892,7,118,16,2,27,1,8,356,10,1,1000,0.7356869620000026,1359.2737830794892
hypothesis,dependent_record,2,100,100,100,1.0,100,1.0,0,1.0,0.8719698079999958,114.68286984542071,0,101,7,4,7,1,2,75,1,1,1000,0.8719698079999958,1146.8286984542071
hypothesis,dependent_record,2,500,500,500,1.0,500,1.0,0,1.0,0.8719698079999958,573.4143492271036,1,344,16,4,20,1,7,75,4,1,1000,0.8719698079999958,1146.8286984542071
hypothesis,dependent_record,2,1000,1000,1000,1.0,1000,1.0,0,1.0,0.8719698079999958,1146.8286984542071,5,344,16,4,28,1,10,75,9,1,1000,0.8719698079999958,1146.8286984542071
hypothesis,dependent_record,3,100,100,100,1.0,100,1.0,0,1.0,0.7394344779999997,135.23848694542485,1,51,5,2,6,1,0,101,1,1,1000,0.7394344779999997,1352.3848694542485
hypothesis,dependent_record,3,500,500,500,1.0,500,1.0,0,1.0,0.7394344779999997,676.1924347271242,2,51,16,2,16,1,1,349,5,1,1000,0.7394344779999997,1352.3848694542485
hypothesis,dependent_record,3,1000,1000,1000,1.0,1000,1.0,0,1.0,0.7394344779999997,1352.3848694542485,5,51,16,2,26,1,2,349,9,1,1000,0.7394344779999997,1352.3848694542485
hypothesis,dependent_record,4,100,100,100,1.0,100,1.0,0,1.0,0.8247784879999998,121.2446753339668,2,21,5,10,6,1,1,50,1,1,1000,0.8247784879999998,1212.446753339668
hypothesis,dependent_record,4,500,500,500,1.0,500,1.0,0,1.0,0.8247784879999998,606.223376669834,5,21,16,10,15,1,2,50,6,1,1000,0.8247784879999998,1212.446753339668
hypothesis,dependent_record,4,1000,1000,1000,1.0,1000,1.0,0,1.0,0.8247784879999998,1212.446753339668,8,21,16,10,21,1,5,50,10,1,1000,0.8247784879999998,1212.446753339668
hypothesis,dependent_record,5,100,100,100,1.0,100,1.0,0,1.0,0.8056002759999998,124.1310398955226,0,101,8,4,5,1,2,11,2,1,1000,0.8056002759999998,1241.310398955226
hypothesis,dependent_record,5,500,500,500,1.0,500,1.0,0,1.0,0.8056002759999998,620.655199477613,2,214,16,4,16,1,5,11,5,1,1000,0.8056002759999998,1241.310398955226
hypothesis,dependent_record,5,1000,1000,1000,1.0,1000,1.0,0,1.0,0.8056002759999998,1241.310398955226,7,214,16,4,24,1,7,11,8,1,1000,0.8056002759999998,1241.310398955226
hypothesis,dependent_record,6,100,100,100,1.0,100,1.0,0,1.0,0.8680393220000013,115.20215440194062,0,101,5,16,7,1,1,42,2,1,1000,0.8680393220000013,1152.021544019406
hypothesis,dependent_record,6,500,500,500,1.0,500,1.0,0,1.0,0.8680393220000013,576.010772009703,5,210,16,16,17,1,3,42,6,1,1000,0.8680393220000013,1152.021544019406
hypothesis,dependent_record,6,1000,1000,1000,1.0,1000,1.0,0,1.0,0.8680393220000013,1152.021544019406,10,210,16,16,27,1,7,42,10,1,1000,0.8680393220000013,1152.021544019406
hypothesis,dependent_record,7,100,100,100,1.0,100,1.0,0,1.0,0.7399754150000035,135.1396248752393,0,101,7,4,4,1,0,101,2,1,1000,0.7399754150000035,1351.396248752393
hypothesis,dependent_record,7,500,500,500,1.0,500,1.0,0,1.0,0.7399754150000035,675.6981243761965,2,241,16,4,13,1,0,501,4,1,1000,0.7399754150000035,1351.396248752393
hypothesis,dependent_record,7,1000,1000,1000,1.0,1000,1.0,0,1.0,0.7399754150000035,1351.396248752393,6,241,16,4,25,1,6,528,6,1,1000,0.7399754150000035,1351.396248752393
hypothesis,dependent_record,8,100,100,100,1.0,100,1.0,0,1.0,0.8395286720000001,119.11445473538274,0,101,4,65,5,1,0,101,2,1,1000,0.8395286720000001,1191.1445473538274
hypothesis,dependent_record,8,500,500,500,1.0,500,1.0,0,1.0,0.8395286720000001,595.5722736769137,1,168,16,65,14,1,2,190,4,1,1000,0.8395286720000001,1191.1445473538274
hypothesis,dependent_record,8,1000,1000,1000,1.0,1000,1.0,0,1.0,0.8395286720000001,1191.1445473538274,6,168,16,65,29,1,6,190,10,1,1000,0.8395286720000001,1191.1445473538274
hypothesis,dependent_record,9,100,100,100,1.0,100,1.0,0,1.0,0.8326618739999958,120.09676811502541,0,101,3,45,3,1,0,101,4,1,1000,0.8326618739999958,1200.967681150254
hypothesis,dependent_record,9,500,500,500,1.0,500,1.0,0,1.0,0.8326618739999958,600.483840575127,3,139,16,45,16,1,0,501,9,1,1000,0.8326618739999958,1200.967681150254
hypothesis,dependent_record,9,1000,1000,1000,1.0,1000,1.0,0,1.0,0.8326618739999958,1200.967681150254,7,139,16,45,22,1,3,532,9,1,1000,0.8326618739999958,1200.967681150254
hypothesis,dependent_record,10,100,100,100,1.0,100,1.0,0,1.0,0.8026354550000008,124.58956226896294,0,101,8,2,5,1,0,101,2,1,1000,0.8026354550000008,1245.8956226896294
hypothesis,dependent_record,10,500,500,500,1.0,500,1.0,0,1.0,0.8026354550000008,622.9478113448147,2,159,16,2,15,1,0,501,5,1,1000,0.8026354550000008,1245.8956226896294
hypothesis,dependent_record,10,1000,1000,1000,1.0,1000,1.0,0,1.0,0.8026354550000008,1245.8956226896294,4,159,16,2,24,1,1,580,9,1,1000,0.8026354550000008,1245.8956226896294
hypothesis,dependent_record,11,100,100,100,1.0,100,1.0,0,1.0,0.8028731980000003,124.55266939923428,1,17,5,10,5,1,0,101,1,1,1000,0.8028731980000003,1245.5266939923426
hypothesis,dependent_record,11,500,500,500,1.0,500,1.0,0,1.0,0.8028731980000003,622.7633469961713,3,17,16,10,16,1,2,425,3,1,1000,0.8028731980000003,1245.5266939923426
hypothesis,dependent_record,11,1000,1000,1000,1.0,1000,1.0,0,1.0,0.8028731980000003,1245.5266939923426,7,17,16,10,26,1,6,425,9,1,1000,0.8028731980000003,1245.5266939923426
hypothesis,dependent_record,12,100,100,100,1.0,100,1.0,0,1.0,0.8658855099999982,115.48870935604431,0,101,7,8,6,1,0,101,3,1,1000,0.8658855099999982,1154.8870935604432
hypothesis,dependent_record,12,500,500,500,1.0,500,1.0,0,1.0,0.8658855099999982,577.4435467802216,2,187,16,8,15,1,3,357,6,1,1000,0.8658855099999982,1154.8870935604432
hypothesis,dependent_record,12,1000,1000,1000,1.0,1000,1.0,0,1.0,0.8658855099999982,1154.8870935604432,6,187,16,8,25,1,4,357,12,1,1000,0.8658855099999982,1154.8870935604432
hypothesis,dependent_record,13,100,100,100,1.0,100,1.0,0,1.0,0.7365616949999989,135.7659523687288,0,101,12,4,6,1,1,36,1,1,1000,0.7365616949999989,1357.659523687288
hypothesis,dependent_record,13,500,500,500,1.0,500,1.0,0,1.0,0.7365616949999989,678.829761843644,1,417,16,4,13,1,1,36,5,1,1000,0.7365616949999989,1357.659523687288
hypothesis,dependent_record,13,1000,1000,1000,1.0,1000,1.0,0,1.0,0.7365616949999989,1357.659523687288,8,417,16,4,28,1,2,36,9,1,1000,0.7365616949999989,1357.659523687288
hypothesis,dependent_record,14,100,100,100,1.0,100,1.0,0,1.0,0.8337440849999993,119.94088089992276,1,16,3,49,8,1,0,101,3,1,1000,0.8337440849999993,1199.4088089992276
hypothesis,dependent_record,14,500,500,500,1.0,500,1.0,0,1.0,0.8337440849999993,599.7044044996138,7,16,16,49,18,1,3,136,4,1,1000,0.8337440849999993,1199.4088089992276
hypothesis,dependent_record,14,1000,1000,1000,1.0,1000,1.0,0,1.0,0.8337440849999993,1199.4088089992276,9,16,16,49,27,1,7,136,8,1,1000,0.8337440849999993,1199.4088089992276
hypothesis,dependent_record,15,100,100,100,1.0,100,1.0,0,1.0,0.8708153529999976,114.83490691280943,0,101,7,2,2,1,2,42,2,1,1000,0.8708153529999976,1148.3490691280942
hypothesis,dependent_record,15,500,500,500,1.0,500,1.0,0,1.0,0.8708153529999976,574.1745345640471,4,122,16,2,12,1,4,42,6,1,1000,0.8708153529999976,1148.3490691280942
hypothesis,dependent_record,15,1000,1000,1000,1.0,1000,1.0,0,1.0,0.8708153529999976,1148.3490691280942,9,122,16,2,22,1,6,42,7,1,1000,0.8708153529999976,1148.3490691280942
hypothesis,dependent_record,16,100,100,100,1.0,100,1.0,0,1.0,0.7357806660000037,135.9100675254757,1,98,6,2,4,1,0,101,4,1,1000,0.7357806660000037,1359.100675254757
hypothesis,dependent_record,16,500,500,500,1.0,500,1.0,0,1.0,0.7357806660000037,679.5503376273786,1,98,16,2,15,1,1,348,8,1,1000,0.7357806660000037,1359.100675254757
hypothesis,dependent_record,16,1000,1000,1000,1.0,1000,1.0,0,1.0,0.7357806660000037,1359.100675254757,6,98,16,2,27,1,6,348,9,1,1000,0.7357806660000037,1359.100675254757
hypothesis,dependent_record,17,100,100,100,1.0,100,1.0,0,1.0,0.8357055660000015,119.65936816555775,1,91,10,2,9,1,0,101,2,1,1000,0.8357055660000015,1196.5936816555775
hypothesis,dependent_record,17,500,500,500,1.0,500,1.0,0,1.0,0.8357055660000015,598.2968408277887,5,91,16,2,16,1,4,136,7,1,1000,0.8357055660000015,1196.5936816555775
hypothesis,dependent_record,17,1000,1000,1000,1.0,1000,1.0,0,1.0,0.8357055660000015,1196.5936816555775,9,91,16,2,26,1,4,136,11,1,1000,0.8357055660000015,1196.5936816555775
hypothesis,dependent_record,18,100,100,100,1.0,100,1.0,0,1.0,0.8653435519999988,115.56103904498747,0,101,12,10,7,1,1,75,3,1,1000,0.8653435519999988,1155.6103904498746
hypothesis,dependent_record,18,500,500,500,1.0,500,1.0,0,1.0,0.8653435519999988,577.8051952249373,3,132,16,10,14,1,2,75,8,1,1000,0.8653435519999988,1155.6103904498746
hypothesis,dependent_record,18,1000,1000,1000,1.0,1000,1.0,0,1.0,0.8653435519999988,1155.6103904498746,6,132,16,10,26,1,4,75,11,1,1000,0.8653435519999988,1155.6103904498746
hypothesis,dependent_record,19,100,100,100,1.0,100,1.0,0,1.0,0.7339512909999968,136.2488236293605,2,95,7,2,7,1,1,12,2,1,1000,0.7339512909999968,1362.4882362936048
hypothesis,dependent_record,19,500,500,500,1.0,500,1.0,0,1.0,0.7339512909999968,681.2441181468024,5,95,16,2,17,1,5,12,6,1,1000,0.7339512909999968,1362.4882362936048
hypothesis,dependent_record,19,1000,1000,1000,1.0,1000,1.0,0,1.0,0.7339512909999968,1362.4882362936048,8,95,16,2,30,1,8,12,11,1,1000,0.7339512909999968,1362.4882362936048
hypothesis,imbalanced_choice,0,100,100,100,1.0,100,1.0,0,1.0,1.2278727959999998,81.4416609975941,1,71,2,1,13,1,0,101,4,1,1000,1.2278727959999998,814.416609975941
hypothesis,imbalanced_choice,0,500,500,500,1.0,500,1.0,0,1.0,1.2278727959999998,407.2083049879705,6,71,2,1,28,1,9,122,10,1,1000,1.2278727959999998,814.416609975941
hypothesis,imbalanced_choice,0,1000,1000,1000,1.0,1000,1.0,0,1.0,1.2278727959999998,814.416609975941,12,71,2,1,32,1,15,122,13,1,1000,1.2278727959999998,814.416609975941
hypothesis,imbalanced_choice,1,100,100,100,1.0,100,1.0,0,1.0,1.131625310000004,88.36847242308468,1,89,2,1,18,1,0,101,2,1,1000,1.131625310000004,883.6847242308468
hypothesis,imbalanced_choice,1,500,500,500,1.0,500,1.0,0,1.0,1.131625310000004,441.8423621154234,6,89,2,1,28,1,4,113,9,1,1000,1.131625310000004,883.6847242308468
hypothesis,imbalanced_choice,1,1000,1000,1000,1.0,1000,1.0,0,1.0,1.131625310000004,883.6847242308468,12,89,2,1,32,1,7,113,14,1,1000,1.131625310000004,883.6847242308468
hypothesis,imbalanced_choice,2,100,100,100,1.0,100,1.0,0,1.0,1.1566310829999935,86.45799120375236,3,13,2,1,13,1,0,101,2,1,1000,1.1566310829999935,864.5799120375235
hypothesis,imbalanced_choice,2,500,500,500,1.0,500,1.0,0,1.0,1.1566310829999935,432.28995601876176,8,13,2,1,25,1,5,101,11,1,1000,1.1566310829999935,864.5799120375235
hypothesis,imbalanced_choice,2,1000,1000,1000,1.0,1000,1.0,0,1.0,1.1566310829999935,864.5799120375235,14,13,2,1,32,1,8,101,17,1,1000,1.1566310829999935,864.5799120375235
hypothesis,imbalanced_choice,3,100,100,100,1.0,100,1.0,0,1.0,1.169721867000007,85.4904082937858,2,48,2,1,18,1,0,101,3,1,1000,1.169721867000007,854.904082937858
hypothesis,imbalanced_choice,3,500,500,500,1.0,500,1.0,0,1.0,1.169721867000007,427.452041468929,5,48,2,1,25,1,7,200,10,1,1000,1.169721867000007,854.904082937858
hypothesis,imbalanced_choice,3,1000,1000,1000,1.0,1000,1.0,0,1.0,1.169721867000007,854.904082937858,11,48,2,1,32,1,11,200,17,1,1000,1.169721867000007,854.904082937858
hypothesis,imbalanced_choice,4,100,100,100,1.0,100,1.0,0,1.0,1.1821951160000026,84.58840562491359,2,36,2,1,19,1,0,101,2,1,1000,1.1821951160000026,845.8840562491359
hypothesis,imbalanced_choice,4,500,500,500,1.0,500,1.0,0,1.0,1.1821951160000026,422.94202812456797,7,36,2,1,30,1,4,146,8,1,1000,1.1821951160000026,845.8840562491359
hypothesis,imbalanced_choice,4,1000,1000,1000,1.0,1000,1.0,0,1.0,1.1821951160000026,845.8840562491359,12,36,2,1,32,1,11,146,13,1,1000,1.1821951160000026,845.8840562491359
hypothesis,imbalanced_choice,5,100,100,100,1.0,100,1.0,0,1.0,1.1873576029999953,84.22062548581701,2,44,2,1,15,1,1,99,3,1,1000,1.1873576029999953,842.2062548581702
hypothesis,imbalanced_choice,5,500,500,500,1.0,500,1.0,0,1.0,1.1873576029999953,421.1031274290851,8,44,2,1,24,1,2,99,7,1,1000,1.1873576029999953,842.2062548581702
hypothesis,imbalanced_choice,5,1000,1000,1000,1.0,1000,1.0,0,1.0,1.1873576029999953,842.2062548581702,12,44,2,1,32,1,10,99,13,1,1000,1.1873576029999953,842.2062548581702
hypothesis,imbalanced_choice,6,100,100,100,1.0,100,1.0,0,1.0,1.1968205740000002,83.55471335672408,1,69,2,1,17,1,2,94,3,1,1000,1.1968205740000002,835.5471335672408
hypothesis,imbalanced_choice,6,500,500,500,1.0,500,1.0,0,1.0,1.1968205740000002,417.7735667836204,8,69,2,1,27,1,5,94,7,1,1000,1.1968205740000002,835.5471335672408
hypothesis,imbalanced_choice,6,1000,1000,1000,1.0,1000,1.0,0,1.0,1.1968205740000002,835.5471335672408,11,69,2,1,32,1,10,94,17,1,1000,1.1968205740000002,835.5471335672408
hypothesis,imbalanced_choice,7,100,100,100,1.0,100,1.0,0,1.0,1.2072353959999873,82.8338866896519,1,33,2,1,15,1,1,97,2,1,1000,1.2072353959999873,828.3388668965191
hypothesis,imbalanced_choice,7,500,500,500,1.0,500,1.0,0,1.0,1.2072353959999873,414.16943344825955,8,33,2,1,23,1,2,97,7,1,1000,1.2072353959999873,828.3388668965191
hypothesis,imbalanced_choice,7,1000,1000,1000,1.0,1000,1.0,0,1.0,1.2072353959999873,828.3388668965191,12,33,2,1,32,1,9,97,13,1,1000,1.2072353959999873,828.3388668965191
hypothesis,imbalanced_choice,8,100,100,100,1.0,100,1.0,0,1.0,1.1342836240000054,88.1613715336505,3,5,2,1,17,1,0,101,1,1,1000,1.1342836240000054,881.613715336505
hypothesis,imbalanced_choice,8,500,500,500,1.0,500,1.0,0,1.0,1.1342836240000054,440.8068576682525,7,5,2,1,27,1,6,169,7,1,1000,1.1342836240000054,881.613715336505
hypothesis,imbalanced_choice,8,1000,1000,1000,1.0,1000,1.0,0,1.0,1.1342836240000054,881.613715336505,12,5,2,1,32,1,14,169,15,1,1000,1.1342836240000054,881.613715336505
hypothesis,imbalanced_choice,9,100,100,100,1.0,100,1.0,0,1.0,1.1613681860000042,86.10533782953104,1,73,2,1,15,1,0,101,2,1,1000,1.1613681860000042,861.0533782953104
hypothesis,imbalanced_choice,9,500,500,500,1.0,500,1.0,0,1.0,1.1613681860000042,430.5266891476552,4,73,2,1,23,1,4,277,8,1,1000,1.1613681860000042,861.0533782953104
hypothesis,imbalanced_choice,9,1000,1000,1000,1.0,1000,1.0,0,1.0,1.1613681860000042,861.0533782953104,13,73,2,1,32,1,12,277,14,1,1000,1.1613681860000042,861.0533782953104
hypothesis,imbalanced_choice,10,100,100,100,1.0,100,1.0,0,1.0,1.1409389479999845,87.64710870401574,3,45,2,1,17,1,1,52,1,1,1000,1.1409389479999845,876.4710870401574
hypothesis,imbalanced_choice,10,500,500,500,1.0,500,1.0,0,1.0,1.1409389479999845,438.2355435200787,7,45,2,1,26,1,1,52,7,1,1000,1.1409389479999845,876.4710870401574
hypothesis,imbalanced_choice,10,1000,1000,1000,1.0,1000,1.0,0,1.0,1.1409389479999845,876.4710870401574,13,45,2,1,32,1,8,52,14,1,1000,1.1409389479999845,876.4710870401574
hypothesis,imbalanced_choice,11,100,100,100,1.0,100,1.0,0,1.0,1.2305395439999813,81.2651657458653,2,84,2,1,15,1,0,101,1,1,1000,1.2305395439999813,812.6516574586531
hypothesis,imbalanced_choice,11,500,500,500,1.0,500,1.0,0,1.0,1.2305395439999813,406.32582872932653,3,84,2,1,23,1,4,153,6,1,1000,1.2305395439999813,812.6516574586531
hypothesis,imbalanced_choice,11,1000,1000,1000,1.0,1000,1.0,0,1.0,1.2305395439999813,812.6516574586531,8,84,2,1,32,1,11,153,13,1,1000,1.2305395439999813,812.6516574586531
hypothesis,imbalanced_choice,12,100,100,100,1.0,100,1.0,0,1.0,1.2298903480000263,81.30806145654691,2,14,2,1,12,1,3,65,4,1,1000,1.2298903480000263,813.0806145654691
hypothesis,imbalanced_choice,12,500,500,500,1.0,500,1.0,0,1.0,1.2298903480000263,406.54030728273455,3,14,2,1,28,1,6,65,7,1,1000,1.2298903480000263,813.0806145654691
hypothesis,imbalanced_choice,12,1000,1000,1000,1.0,1000,1.0,0,1.0,1.2298903480000263,813.0806145654691,15,14,2,1,32,1,13,65,15,1,1000,1.2298903480000263,813.0806145654691
hypothesis,imbalanced_choice,13,100,100,100,1.0,100,1.0,0,1.0,1.1545540949999804,86.61352502500257,2,48,2,1,14,1,0,101,1,1,1000,1.1545540949999804,866.1352502500257
hypothesis,imbalanced_choice,13,500,500,500,1.0,500,1.0,0,1.0,1.1545540949999804,433.06762512501285,7,48,2,1,24,1,2,199,9,1,1000,1.1545540949999804,866.1352502500257
hypothesis,imbalanced_choice,13,1000,1000,1000,1.0,1000,1.0,0,1.0,1.1545540949999804,866.1352502500257,17,48,2,1,32,1,7,199,16,1,1000,1.1545540949999804,866.1352502500257
hypothesis,imbalanced_choice,14,100,100,100,1.0,100,1.0,0,1.0,1.1521032410000203,86.79777683222248,1,87,2,1,14,1,2,31,1,1,1000,1.1521032410000203,867.9777683222248
hypothesis,imbalanced_choice,14,500,500,500,1.0,500,1.0,0,1.0,1.1521032410000203,433.9888841611124,8,87,2,1,27,1,8,31,6,1,1000,1.1521032410000203,867.9777683222248
hypothesis,imbalanced_choice,14,1000,1000,1000,1.0,1000,1.0,0,1.0,1.1521032410000203,867.9777683222248,12,87,2,1,32,1,16,31,14,1,1000,1.1521032410000203,867.9777683222248
hypothesis,imbalanced_choice,15,100,100,100,1.0,100,1.0,0,1.0,1.1638066220000098,85.92492782705541,1,91,2,1,16,1,1,99,3,1,1000,1.1638066220000098,859.2492782705541
hypothesis,imbalanced_choice,15,500,500,500,1.0,500,1.0,0,1.0,1.1638066220000098,429.62463913527705,6,91,2,1,25,1,5,99,8,1,1000,1.1638066220000098,859.2492782705541
hypothesis,imbalanced_choice,15,1000,1000,1000,1.0,1000,1.0,0,1.0,1.1638066220000098,859.2492782705541,14,91,2,1,32,1,14,99,13,1,1000,1.1638066220000098,859.2492782705541
hypothesis,imbalanced_choice,16,100,100,100,1.0,100,1.0,0,1.0,1.1789651999999933,84.82014566672585,1,18,2,1,15,1,0,101,3,1,1000,1.1789651999999933,848.2014566672584
hypothesis,imbalanced_choice,16,500,500,500,1.0,500,1.0,0,1.0,1.1789651999999933,424.1007283336292,7,18,2,1,23,1,7,203,9,1,1000,1.1789651999999933,848.2014566672584
hypothesis,imbalanced_choice,16,1000,1000,1000,1.0,1000,1.0,0,1.0,1.1789651999999933,848.2014566672584,12,18,2,1,32,1,12,203,14,1,1000,1.1789651999999933,848.2014566672584
hypothesis,imbalanced_choice,17,100,100,100,1.0,100,1.0,0,1.0,1.1628869399999928,85.99288250670406,2,3,2,1,16,1,0,101,1,1,1000,1.1628869399999928,859.9288250670406
hypothesis,imbalanced_choice,17,500,500,500,1.0,500,1.0,0,1.0,1.1628869399999928,429.9644125335203,5,3,2,1,23,1,6,229,8,1,1000,1.1628869399999928,859.9288250670406
hypothesis,imbalanced_choice,17,1000,1000,1000,1.0,1000,1.0,0,1.0,1.1628869399999928,859.9288250670406,16,3,2,1,32,1,13,229,14,1,1000,1.1628869399999928,859.9288250670406
hypothesis,imbalanced_choice,18,100,100,100,1.0,100,1.0,0,1.0,1.1892855080000118,84.08409866876055,1,38,2,1,17,1,1,30,2,1,1000,1.1892855080000118,840.8409866876054
hypothesis,imbalanced_choice,18,500,500,500,1.0,500,1.0,0,1.0,1.1892855080000118,420.4204933438027,6,38,2,1,25,1,3,30,6,1,1000,1.1892855080000118,840.8409866876054
hypothesis,imbalanced_choice,18,1000,1000,1000,1.0,1000,1.0,0,1.0,1.1892855080000118,840.8409866876054,15,38,2,1,32,1,4,30,13,1,1000,1.1892855080000118,840.8409866876054
hypothesis,imbalanced_choice,19,100,100,100,1.0,100,1.0,0,1.0,1.1954230610000138,83.65239325092696,1,26,2,1,18,1,1,58,2,1,1000,1.1954230610000138,836.5239325092696
hypothesis,imbalanced_choice,19,500,500,500,1.0,500,1.0,0,1.0,1.1954230610000138,418.2619662546348,4,26,2,1,23,1,1,58,7,1,1000,1.1954230610000138,836.5239325092696
hypothesis,imbalanced_choice,19,1000,1000,1000,1.0,1000,1.0,0,1.0,1.1954230610000138,836.5239325092696,8,26,2,1,32,1,6,58,14,1,1000,1.1954230610000138,836.5239325092696
hypothesis,protocol_message,0,100,100,100,1.0,100,1.0,0,1.0,1.2525447279999966,79.83746828720058,2,26,8,11,13,1,3,13,2,1,1000,1.2525447279999966,798.3746828720058
hypothesis,protocol_message,0,500,500,500,1.0,500,1.0,0,1.0,1.2525447279999966,399.1873414360029,13,26,8,11,26,1,11,13,12,1,1000,1.2525447279999966,798.3746828720058
hypothesis,protocol_message,0,1000,1000,1000,1.0,1000,1.0,0,1.0,1.2525447279999966,798.3746828720058,28,26,8,11,31,1,26,13,24,1,1000,1.2525447279999966,798.3746828720058
hypothesis,protocol_message,1,100,100,100,1.0,100,1.0,0,1.0,1.0552663099999933,94.76280920974406,2,38,8,2,15,1,2,26,4,1,1000,1.0552663099999933,947.6280920974407
hypothesis,protocol_message,1,500,500,500,1.0,500,1.0,0,1.0,1.0552663099999933,473.81404604872034,12,38,8,2,27,1,14,26,12,1,1000,1.0552663099999933,947.6280920974407
hypothesis,protocol_message,1,1000,1000,1000,1.0,1000,1.0,0,1.0,1.0552663099999933,947.6280920974407,25,38,8,2,32,1,28,26,26,1,1000,1.0552663099999933,947.6280920974407
hypothesis,protocol_message,2,100,100,100,1.0,100,1.0,0,1.0,1.139217741000003,87.77953186738489,2,48,8,2,13,1,2,73,5,1,1000,1.139217741000003,877.7953186738489
hypothesis,protocol_message,2,500,500,500,1.0,500,1.0,0,1.0,1.139217741000003,438.89765933692445,14,48,8,2,28,1,12,73,14,1,1000,1.139217741000003,877.7953186738489
hypothesis,protocol_message,2,1000,1000,1000,1.0,1000,1.0,0,1.0,1.139217741000003,877.7953186738489,27,48,8,2,32,1,27,73,25,1,1000,1.139217741000003,877.7953186738489
hypothesis,protocol_message,3,100,100,100,1.0,100,1.0,0,1.0,1.1516301270000042,86.83343519372833,1,61,8,8,9,1,5,33,3,1,1000,1.1516301270000042,868.3343519372834
hypothesis,protocol_message,3,500,500,500,1.0,500,1.0,0,1.0,1.1516301270000042,434.1671759686417,14,61,8,8,27,1,14,33,15,1,1000,1.1516301270000042,868.3343519372834
hypothesis,protocol_message,3,1000,1000,1000,1.0,1000,1.0,0,1.0,1.1516301270000042,868.3343519372834,31,61,8,8,32,1,32,33,25,1,1000,1.1516301270000042,868.3343519372834
hypothesis,protocol_message,4,100,100,100,1.0,100,1.0,0,1.0,1.1264972789999987,88.77074260558433,3,49,8,6,13,1,1,100,6,1,1000,1.1264972789999987,887.7074260558433
hypothesis,protocol_message,4,500,500,500,1.0,500,1.0,0,1.0,1.1264972789999987,443.85371302792163,13,49,8,6,25,1,13,100,12,1,1000,1.1264972789999987,887.7074260558433
hypothesis,protocol_message,4,1000,1000,1000,1.0,1000,1.0,0,1.0,1.1264972789999987,887.7074260558433,31,49,8,6,32,1,23,100,28,1,1000,1.1264972789999987,887.7074260558433
hypothesis,protocol_message,5,100,100,100,1.0,100,1.0,0,1.0,1.1155828569999997,89.63924048538873,2,84,8,2,11,1,1,62,3,1,1000,1.1155828569999997,896.3924048538873
hypothesis,protocol_message,5,500,500,500,1.0,500,1.0,0,1.0,1.1155828569999997,448.19620242694367,14,84,8,2,25,1,15,62,11,1,1000,1.1155828569999997,896.3924048538873
hypothesis,protocol_message,5,1000,1000,1000,1.0,1000,1.0,0,1.0,1.1155828569999997,896.3924048538873,31,84,8,2,32,1,29,62,24,1,1000,1.1155828569999997,896.3924048538873
hypothesis,protocol_message,6,100,100,100,1.0,100,1.0,0,1.0,1.131463710999995,88.38109347017355,3,28,8,6,12,1,8,3,2,1,1000,1.131463710999995,883.8109347017356
hypothesis,protocol_message,6,500,500,500,1.0,500,1.0,0,1.0,1.131463710999995,441.9054673508678,12,28,8,6,26,1,18,3,13,1,1000,1.131463710999995,883.8109347017356
hypothesis,protocol_message,6,1000,1000,1000,1.0,1000,1.0,0,1.0,1.131463710999995,883.8109347017356,30,28,8,6,32,1,29,3,25,1,1000,1.131463710999995,883.8109347017356
hypothesis,protocol_message,7,100,100,100,1.0,100,1.0,0,1.0,1.1362737440000004,88.00696181535632,2,89,8,2,15,1,3,16,4,1,1000,1.1362737440000004,880.0696181535633
hypothesis,protocol_message,7,500,500,500,1.0,500,1.0,0,1.0,1.1362737440000004,440.03480907678164,15,89,8,2,25,1,14,16,14,1,1000,1.1362737440000004,880.0696181535633
hypothesis,protocol_message,7,1000,1000,1000,1.0,1000,1.0,0,1.0,1.1362737440000004,880.0696181535633,31,89,8,2,32,1,32,16,28,1,1000,1.1362737440000004,880.0696181535633
hypothesis,protocol_message,8,100,100,100,1.0,100,1.0,0,1.0,1.047905342000007,95.42846666774538,4,21,8,2,15,1,4,26,3,1,1000,1.047905342000007,954.2846666774539
hypothesis,protocol_message,8,500,500,500,1.0,500,1.0,0,1.0,1.047905342000007,477.1423333387269,14,21,8,2,25,1,13,26,13,1,1000,1.047905342000007,954.2846666774539
hypothesis,protocol_message,8,1000,1000,1000,1.0,1000,1.0,0,1.0,1.047905342000007,954.2846666774539,31,21,8,2,32,1,26,26,27,1,1000,1.047905342000007,954.2846666774539
hypothesis,protocol_message,9,100,100,100,1.0,100,1.0,0,1.0,1.1484300559999951,87.0753943416476,1,87,8,2,10,1,2,71,3,1,1000,1.1484300559999951,870.7539434164759
hypothesis,protocol_message,9,500,500,500,1.0,500,1.0,0,1.0,1.1484300559999951,435.37697170823793,15,87,8,2,24,1,13,71,12,1,1000,1.1484300559999951,870.7539434164759
hypothesis,protocol_message,9,1000,1000,1000,1.0,1000,1.0,0,1.0,1.1484300559999951,870.7539434164759,27,87,8,2,32,1,30,71,26,1,1000,1.1484300559999951,870.7539434164759
hypothesis,protocol_message,10,100,100,100,1.0,100,1.0,0,1.0,1.0941946539999918,91.39141708875572,3,45,8,10,13,1,1,41,3,1,1000,1.0941946539999918,913.9141708875571
hypothesis,protocol_message,10,500,500,500,1.0,500,1.0,0,1.0,1.0941946539999918,456.95708544377857,15,45,8,10,27,1,9,41,14,1,1000,1.0941946539999918,913.9141708875571
hypothesis,protocol_message,10,1000,1000,1000,1.0,1000,1.0,0,1.0,1.0941946539999918,913.9141708875571,30,45,8,10,32,1,28,41,25,1,1000,1.0941946539999918,913.9141708875571
hypothesis,protocol_message,11,100,100,100,1.0,100,1.0,0,1.0,1.0937582460000073,91.42788213548182,2,13,8,2,12,1,2,19,5,1,1000,1.0937582460000073,914.2788213548182
hypothesis,protocol_message,11,500,500,500,1.0,500,1.0,0,1.0,1.0937582460000073,457.1394106774091,11,13,8,2,27,1,14,19,14,1,1000,1.0937582460000073,914.2788213548182
hypothesis,protocol_message,11,1000,1000,1000,1.0,1000,1.0,0,1.0,1.0937582460000073,914.2788213548182,31,13,8,2,32,1,28,19,27,1,1000,1.0937582460000073,914.2788213548182
hypothesis,protocol_message,12,100,100,100,1.0,100,1.0,0,1.0,1.110074742000009,90.08402427014161,0,101,8,2,12,1,2,84,3,1,1000,1.110074742000009,900.8402427014162
hypothesis,protocol_message,12,500,500,500,1.0,500,1.0,0,1.0,1.110074742000009,450.4201213507081,15,102,8,2,28,1,16,84,13,1,1000,1.110074742000009,900.8402427014162
hypothesis,protocol_message,12,1000,1000,1000,1.0,1000,1.0,0,1.0,1.110074742000009,900.8402427014162,29,102,8,2,32,1,32,84,24,1,1000,1.110074742000009,900.8402427014162
hypothesis,protocol_message,13,100,100,100,1.0,100,1.0,0,1.0,1.1143200780000058,89.74082220566386,3,79,8,5,12,1,1,86,3,1,1000,1.1143200780000058,897.4082220566386
hypothesis,protocol_message,13,500,500,500,1.0,500,1.0,0,1.0,1.1143200780000058,448.7041110283193,17,79,8,5,22,1,11,86,15,1,1000,1.1143200780000058,897.4082220566386
hypothesis,protocol_message,13,1000,1000,1000,1.0,1000,1.0,0,1.0,1.1143200780000058,897.4082220566386,31,79,8,5,32,1,30,86,25,1,1000,1.1143200780000058,897.4082220566386
hypothesis,protocol_message,14,100,100,100,1.0,100,1.0,0,1.0,1.1436332169999872,87.44062214485426,2,46,8,11,15,1,1,66,6,1,1000,1.1436332169999872,874.4062214485426
hypothesis,protocol_message,14,500,500,500,1.0,500,1.0,0,1.0,1.1436332169999872,437.2031107242713,15,46,8,11,27,1,15,66,14,1,1000,1.1436332169999872,874.4062214485426
hypothesis,protocol_message,14,1000,1000,1000,1.0,1000,1.0,0,1.0,1.1436332169999872,874.4062214485426,31,46,8,11,32,1,31,66,28,1,1000,1.1436332169999872,874.4062214485426
hypothesis,protocol_message,15,100,100,100,1.0,100,1.0,0,1.0,1.1577228500000132,86.37645875262707,4,5,8,10,11,1,1,99,2,1,1000,1.1577228500000132,863.7645875262707
hypothesis,protocol_message,15,500,500,500,1.0,500,1.0,0,1.0,1.1577228500000132,431.88229376313535,16,5,8,10,26,1,15,99,12,1,1000,1.1577228500000132,863.7645875262707
hypothesis,protocol_message,15,1000,1000,1000,1.0,1000,1.0,0,1.0,1.1577228500000132,863.7645875262707,31,5,8,10,32,1,28,99,25,1,1000,1.1577228500000132,863.7645875262707
hypothesis,protocol_message,16,100,100,100,1.0,100,1.0,0,1.0,1.1455458259999887,87.29463084788107,2,25,8,4,9,1,1,71,3,1,1000,1.1455458259999887,872.9463084788106
hypothesis,protocol_message,16,500,500,500,1.0,500,1.0,0,1.0,1.1455458259999887,436.4731542394053,15,25,8,4,26,1,15,71,13,1,1000,1.1455458259999887,872.9463084788106
hypothesis,protocol_message,16,1000,1000,1000,1.0,1000,1.0,0,1.0,1.1455458259999887,872.9463084788106,31,25,8,4,32,1,28,71,25,1,1000,1.1455458259999887,872.9463084788106
hypothesis,protocol_message,17,100,100,100,1.0,100,1.0,0,1.0,1.106174377000002,90.40166006304068,4,66,8,6,10,1,4,46,5,1,1000,1.106174377000002,904.0166006304069
hypothesis,protocol_message,17,500,500,500,1.0,500,1.0,0,1.0,1.106174377000002,452.0083003152034,15,66,8,6,26,1,15,46,12,1,1000,1.106174377000002,904.0166006304069
hypothesis,protocol_message,17,1000,1000,1000,1.0,1000,1.0,0,1.0,1.106174377000002,904.0166006304069,29,66,8,6,32,1,32,46,27,1,1000,1.106174377000002,904.0166006304069
hypothesis,protocol_message,18,100,100,100,1.0,100,1.0,0,1.0,1.1524112019999961,86.77458170004871,2,62,8,2,10,1,3,51,2,1,1000,1.1524112019999961,867.7458170004871
hypothesis,protocol_message,18,500,500,500,1.0,500,1.0,0,1.0,1.1524112019999961,433.87290850024357,19,62,8,2,23,1,18,51,11,1,1000,1.1524112019999961,867.7458170004871
hypothesis,protocol_message,18,1000,1000,1000,1.0,1000,1.0,0,1.0,1.1524112019999961,867.7458170004871,31,62,8,2,31,1,31,51,28,1,1000,1.1524112019999961,867.7458170004871
hypothesis,protocol_message,19,100,100,100,1.0,100,1.0,0,1.0,1.1452711689999973,87.31556569900891,1,16,8,7,11,1,1,95,2,1,1000,1.1452711689999973,873.1556569900891
hypothesis,protocol_message,19,500,500,500,1.0,500,1.0,0,1.0,1.1452711689999973,436.57782849504457,14,16,8,7,24,1,9,95,15,1,1000,1.1452711689999973,873.1556569900891
hypothesis,protocol_message,19,1000,1000,1000,1.0,1000,1.0,0,1.0,1.1452711689999973,873.1556569900891,29,16,8,7,32,1,32,95,26,1,1000,1.1452711689999973,873.1556569900891
pdrs,action_space,0,100,100,100,1.0,100,1.0,0,1.0,0.04405888600000196,2269.6897057269116,32,1,3,35,0,101,1,45,2,5,1000,0.04405888600000196,22696.897057269118
pdrs,action_space,0,500,500,500,1.0,500,1.0,0,1.0,0.04405888600000196,11348.448528634559,32,1,9,35,7,176,7,45,11,5,1000,0.04405888600000196,22696.897057269118
pdrs,action_space,0,1000,1000,1000,1.0,1000,1.0,0,1.0,0.04405888600000196,22696.897057269118,32,1,13,35,8,176,13,45,15,5,1000,0.04405888600000196,22696.897057269118
pdrs,action_space,1,100,100,100,1.0,100,1.0,0,1.0,0.0027810800000054314,35957.25401635505,0,101,1,95,3,1,1,5,0,101,1000,0.0027810800000054314,359572.54016355047
pdrs,action_space,1,500,500,500,1.0,500,1.0,0,1.0,0.0027810800000054314,179786.27008177523,7,158,8,95,6,1,8,5,7,127,1000,0.0027810800000054314,359572.54016355047
pdrs,action_space,1,1000,1000,1000,1.0,1000,1.0,0,1.0,0.0027810800000054314,359572.54016355047,10,158,13,95,14,1,15,5,16,127,1000,0.0027810800000054314,359572.54016355047
pdrs,action_space,2,100,100,100,1.0,100,1.0,0,1.0,0.0027540490000035334,36310.17458290383,3,38,4,37,0,101,0,101,0,101,1000,0.0027540490000035334,363101.74582903826
pdrs,action_space,2,500,500,500,1.0,500,1.0,0,1.0,0.0027540490000035334,181550.87291451913,8,38,7,37,5,112,4,151,5,254,1000,0.0027540490000035334,363101.74582903826
pdrs,action_space,2,1000,1000,1000,1.0,1000,1.0,0,1.0,0.0027540490000035334,363101.74582903826,14,38,11,37,10,112,13,151,11,254,1000,0.0027540490000035334,363101.74582903826
pdrs,action_space,3,100,100,100,1.0,100,1.0,0,1.0,0.002774787000006995,36038.80225752387,0,101,2,72,1,52,1,71,2,33,1000,0.002774787000006995,360388.0225752388
pdrs,action_space,3,500,500,500,1.0,500,1.0,0,1.0,0.002774787000006995,180194.0112876194,6,186,8,72,5,52,7,71,5,33,1000,0.002774787000006995,360388.0225752388
pdrs,action_space,3,1000,1000,1000,1.0,1000,1.0,0,1.0,0.002774787000006995,360388.0225752388,13,186,11,72,14,52,14,71,12,33,1000,0.002774787000006995,360388.0225752388
pdrs,action_space,4,100,100,100,1.0,100,1.0,0,1.0,0.0027831019999950968,35931.13008440804,0,101,0,101,1,86,1,6,2,51,1000,0.0027831019999950968,359311.3008440804
pdrs,action_space,4,500,500,500,1.0,500,1.0,0,1.0,0.0027831019999950968,179655.6504220402,8,196,8,239,5,86,12,6,7,51,1000,0.0027831019999950968,359311.3008440804
pdrs,action_space,4,1000,1000,1000,1.0,1000,1.0,0,1.0,0.0027831019999950968,359311.3008440804,13,196,14,239,12,86,20,6,13,51,1000,0.0027831019999950968,359311.3008440804
pdrs,action_space,5,100,100,100,1.0,100,1.0,0,1.0,0.0027966529999901013,35757.02813339873,0,101,0,101,1,55,1,41,1,53,1000,0.0027966529999901013,357570.28133398725
pdrs,action_space,5,500,500,500,1.0,500,1.0,0,1.0,0.0027966529999901013,178785.14066699363,6,201,4,253,5,55,4,41,7,53,1000,0.0027966529999901013,357570.28133398725
pdrs,action_space,5,1000,1000,1000,1.0,1000,1.0,0,1.0,0.0027966529999901013,357570.28133398725,8,201,8,253,13,55,9,41,12,53,1000,0.0027966529999901013,357570.28133398725
pdrs,action_space,6,100,100,100,1.0,100,1.0,0,1.0,0.002802724999995121,35679.561855042535,2,51,3,60,4,4,2,79,0,101,1000,0.002802724999995121,356795.61855042534
pdrs,action_space,6,500,500,500,1.0,500,1.0,0,1.0,0.002802724999995121,178397.80927521267,5,51,8,60,13,4,6,79,4,174,1000,0.002802724999995121,356795.61855042534
pdrs,action_space,6,1000,1000,1000,1.0,1000,1.0,0,1.0,0.002802724999995121,356795.61855042534,13,51,12,60,20,4,17,79,16,174,1000,0.002802724999995121,356795.61855042534
pdrs,action_space,7,100,100,100,1.0,100,1.0,0,1.0,0.0027669010000010985,36141.517170278334,0,101,0,101,2,10,1,12,0,101,1000,0.0027669010000010985,361415.1717027834
pdrs,action_space,7,500,500,500,1.0,500,1.0,0,1.0,0.0027669010000010985,180707.5858513917,3,124,8,110,5,10,10,12,6,101,1000,0.0027669010000010985,361415.1717027834
pdrs,action_space,7,1000,1000,1000,1.0,1000,1.0,0,1.0,0.0027669010000010985,361415.1717027834,15,124,21,110,11,10,16,12,17,101,1000,0.0027669010000010985,361415.1717027834
pdrs,action_space,8,100,100,100,1.0,100,1.0,0,1.0,0.002755446999998412,36291.75230010144,3,33,1,65,0,101,3,10,1,69,1000,0.002755446999998412,362917.52300101443
pdrs,action_space,8,500,500,500,1.0,500,1.0,0,1.0,0.002755446999998412,181458.76150050721,10,33,3,65,4,123,10,10,7,69,1000,0.002755446999998412,362917.52300101443
pdrs,action_space,8,1000,1000,1000,1.0,1000,1.0,0,1.0,0.002755446999998412,362917.52300101443,15,33,14,65,9,123,19,10,13,69,1000,0.002755446999998412,362917.52300101443
pdrs,action_space,9,100,100,100,1.0,100,1.0,0,1.0,0.0028272959999924296,35369.48377540511,3,40,3,55,0,101,3,24,2,59,1000,0.0028272959999924296,353694.8377540511
pdrs,action_space,9,500,500,500,1.0,500,1.0,0,1.0,0.0028272959999924296,176847.41887702554,6,40,9,55,3,305,5,24,6,59,1000,0.0028272959999924296,353694.8377540511
pdrs,action_space,9,1000,1000,1000,1.0,1000,1.0,0,1.0,0.0028272959999924296,353694.8377540511,10,40,13,55,9,305,11,24,14,59,1000,0.0028272959999924296,353694.8377540511
pdrs,action_space,10,100,100,100,1.0,100,1.0,0,1.0,0.0027545340000045826,36303.7813291953,3,13,1,68,0,101,4,1,1,72,1000,0.0027545340000045826,363037.81329195295
pdrs,action_space,10,500,500,500,1.0,500,1.0,0,1.0,0.0027545340000045826,181518.90664597647,6,13,10,68,4,177,11,1,7,72,1000,0.0027545340000045826,363037.81329195295
pdrs,action_space,10,1000,1000,1000,1.0,1000,1.0,0,1.0,0.0027545340000045826,363037.81329195295,12,13,14,68,14,177,14,1,15,72,1000,0.0027545340000045826,363037.81329195295
pdrs,action_space,11,100,100,100,1.0,100,1.0,0,1.0,0.0027574899999933677,36264.86406124429,3,57,2,10,1,64,3,39,2,41,1000,0.0027574899999933677,362648.6406124429
pdrs,action_space,11,500,500,500,1.0,500,1.0,0,1.0,0.0027574899999933677,181324.32030622146,7,57,12,10,7,64,11,39,7,41,1000,0.0027574899999933677,362648.6406124429
pdrs,action_space,11,1000,1000,1000,1.0,1000,1.0,0,1.0,0.0027574899999933677,362648.6406124429,12,57,16,10,13,64,14,39,14,41,1000,0.0027574899999933677,362648.6406124429
pdrs,action_space,12,100,100,100,1.0,100,1.0,0,1.0,0.0028283360000074254,35356.47815526072,0,101,2,9,0,101,2,3,1,86,1000,0.0028283360000074254,353564.78155260714
pdrs,action_space,12,500,500,500,1.0,500,1.0,0,1.0,0.0028283360000074254,176782.39077630357,2,106,7,9,2,182,8,3,3,86,1000,0.0028283360000074254,353564.78155260714
pdrs,action_space,12,1000,1000,1000,1.0,1000,1.0,0,1.0,0.0028283360000074254,353564.78155260714,10,106,15,9,6,182,18,3,8,86,1000,0.0028283360000074254,353564.78155260714
pdrs,action_space,13,100,100,100,1.0,100,1.0,0,1.0,0.0028333550000070318,35293.84775284136,4,33,0,101,0,101,1,68,2,9,1000,0.0028333550000070318,352938.4775284136
pdrs,action_space,13,500,500,500,1.0,500,1.0,0,1.0,0.0028333550000070318,176469.2387642068,9,33,2,175,3,315,6,68,6,9,1000,0.0028333550000070318,352938.4775284136
pdrs,action_space,13,1000,1000,1000,1.0,1000,1.0,0,1.0,0.0028333550000070318,352938.4775284136,13,33,11,175,8,315,7,68,10,9,1000,0.0028333550000070318,352938.4775284136
pdrs,action_space,14,100,100,100,1.0,100,1.0,0,1.0,0.002799438000010923,35721.455520575844,3,19,3,60,1,38,4,2,1,82,1000,0.002799438000010923,357214.5552057585
pdrs,action_space,14,500,500,500,1.0,500,1.0,0,1.0,0.002799438000010923,178607.27760287924,10,19,7,60,7,38,11,2,8,82,1000,0.002799438000010923,357214.5552057585
pdrs,action_space,14,1000,1000,1000,1.0,1000,1.0,0,1.0,0.002799438000010923,357214.5552057585,17,19,14,60,15,38,17,2,16,82,1000,0.002799438000010923,357214.5552057585
pdrs,action_space,15,100,100,100,1.0,100,1.0,0,1.0,0.002810701000001359,35578.31302580803,0,101,2,69,0,101,2,56,0,101,1000,0.002810701000001359,355783.1302580803
pdrs,action_space,15,500,500,500,1.0,500,1.0,0,1.0,0.002810701000001359,177891.56512904016,5,108,8,69,4,165,8,56,10,118,1000,0.002810701000001359,355783.1302580803
pdrs,action_space,15,1000,1000,1000,1.0,1000,1.0,0,1.0,0.002810701000001359,355783.1302580803,14,108,11,69,9,165,14,56,17,118,1000,0.002810701000001359,355783.1302580803
pdrs,action_space,16,100,100,100,1.0,100,1.0,0,1.0,0.0027864019999981338,35888.576020282424,5,32,0,101,2,26,0,101,0,101,1000,0.0027864019999981338,358885.7602028242
pdrs,action_space,16,500,500,500,1.0,500,1.0,0,1.0,0.0027864019999981338,179442.8801014121,12,32,6,167,5,26,9,166,5,127,1000,0.0027864019999981338,358885.7602028242
pdrs,action_space,16,1000,1000,1000,1.0,1000,1.0,0,1.0,0.0027864019999981338,358885.7602028242,14,32,15,167,14,26,13,166,9,127,1000,0.0027864019999981338,358885.7602028242
pdrs,action_space,17,100,100,100,1.0,100,1.0,0,1.0,0.00282298499999456,35423.4967597039,0,101,1,12,1,39,0,101,3,51,1000,0.00282298499999456,354234.96759703895
pdrs,action_space,17,500,500,500,1.0,500,1.0,0,1.0,0.00282298499999456,177117.48379851948,6,102,10,12,6,39,8,103,5,51,1000,0.00282298499999456,354234.96759703895
pdrs,action_space,17,1000,1000,1000,1.0,1000,1.0,0,1.0,0.00282298499999456,354234.96759703895,15,102,15,12,10,39,14,103,11,51,1000,0.00282298499999456,354234.96759703895
pdrs,action_space,18,100,100,100,1.0,100,1.0,0,1.0,0.002797954999991248,35740.388962764875,0,101,1,35,2,10,1,54,1,5,1000,0.002797954999991248,357403.8896276488
pdrs,action_space,18,500,500,500,1.0,500,1.0,0,1.0,0.002797954999991248,178701.9448138244,9,169,7,35,11,10,10,54,8,5,1000,0.002797954999991248,357403.8896276488
pdrs,action_space,18,1000,1000,1000,1.0,1000,1.0,0,1.0,0.002797954999991248,357403.8896276488,13,169,16,35,16,10,16,54,13,5,1000,0.002797954999991248,357403.8896276488
pdrs,action_space,19,100,100,100,1.0,100,1.0,0,1.0,0.0028682609999890474,34864.33068691512,3,39,2,52,1,14,2,92,1,30,1000,0.0028682609999890474,348643.30686915125
pdrs,action_space,19,500,500,500,1.0,500,1.0,0,1.0,0.0028682609999890474,174321.65343457562,6,39,6,52,10,14,5,92,5,30,1000,0.0028682609999890474,348643.30686915125
pdrs,action_space,19,1000,1000,1000,1.0,1000,1.0,0,1.0,0.0028682609999890474,348643.30686915125,15,39,16,52,21,14,8,92,12,30,1000,0.0028682609999890474,348643.30686915125
pdrs,balanced_product,0,100,100,100,1.0,100,1.0,0,1.0,0.034401088999999274,2906.884721004097,6,1,1,99,2,2,3,1,0,101,1000,0.034401088999999274,29068.84721004097
pdrs,balanced_product,0,500,500,500,1.0,500,1.0,0,1.0,0.034401088999999274,14534.423605020485,12,1,7,99,12,2,9,1,9,108,1000,0.034401088999999274,29068.84721004097
pdrs,balanced_product,0,1000,1000,1000,1.0,1000,1.0,0,1.0,0.034401088999999274,29068.84721004097,21,1,11,99,17,2,16,1,18,108,1000,0.034401088999999274,29068.84721004097
pdrs,balanced_product,1,100,100,100,1.0,100,1.0,0,1.0,0.0025213890000017614,39660.67909391615,0,101,0,101,1,63,2,69,2,40,1000,0.0025213890000017614,396606.7909391615
pdrs,balanced_product,1,500,500,500,1.0,500,1.0,0,1.0,0.0025213890000017614,198303.39546958075,5,116,6,164,7,63,8,69,6,40,1000,0.0025213890000017614,396606.7909391615
pdrs,balanced_product,1,1000,1000,1000,1.0,1000,1.0,0,1.0,0.0025213890000017614,396606.7909391615,10,116,16,164,18,63,19,69,12,40,1000,0.0025213890000017614,396606.7909391615
pdrs,balanced_product,2,100,100,100,1.0,100,1.0,0,1.0,0.002550471999995807,39208.428871269476,5,5,3,19,4,9,0,101,3,11,1000,0.002550471999995807,392084.2887126948
pdrs,balanced_product,2,500,500,500,1.0,500,1.0,0,1.0,0.002550471999995807,196042.1443563474,12,5,13,19,14,9,6,165,11,11,1000,0.002550471999995807,392084.2887126948
pdrs,balanced_product,2,1000,1000,1000,1.0,1000,1.0,0,1.0,0.002550471999995807,392084.2887126948,17,5,20,19,18,9,15,165,16,11,1000,0.002550471999995807,392084.2887126948
pdrs,balanced_product,3,100,100,100,1.0,100,1.0,0,1.0,0.002527807999996412,39559.96657979638,1,59,5,16,4,16,2,54,1,47,1000,0.002527807999996412,395599.66579796385
pdrs,balanced_product,3,500,500,500,1.0,500,1.0,0,1.0,0.002527807999996412,197799.83289898193,7,59,6,16,6,16,6,54,7,47,1000,0.002527807999996412,395599.66579796385
pdrs,balanced_product,3,1000,1000,1000,1.0,1000,1.0,0,1.0,0.002527807999996412,395599.66579796385,15,59,15,16,13,16,11,54,15,47,1000,0.002527807999996412,395599.66579796385
pdrs,balanced_product,4,100,100,100,1.0,100,1.0,0,1.0,0.002532586000000947,39485.33238356471,1,87,1,16,1,16,3,13,1,86,1000,0.002532586000000947,394853.3238356471
pdrs,balanced_product,4,500,500,500,1.0,500,1.0,0,1.0,0.002532586000000947,197426.66191782354,9,87,4,16,3,16,8,13,3,86,1000,0.002532586000000947,394853.3238356471
pdrs,balanced_product,4,1000,1000,1000,1.0,1000,1.0,0,1.0,0.002532586000000947,394853.3238356471,18,87,12,16,12,16,18,13,12,86,1000,0.002532586000000947,394853.3238356471
pdrs,balanced_product,5,100,100,100,1.0,100,1.0,0,1.0,0.002539417999997795,39379.10182572811,0,101,1,58,2,17,1,54,0,101,1000,0.002539417999997795,393791.0182572811
pdrs,balanced_product,5,500,500,500,1.0,500,1.0,0,1.0,0.002539417999997795,196895.50912864055,8,105,8,58,8,17,6,54,9,123,1000,0.002539417999997795,393791.0182572811
pdrs,balanced_product,5,1000,1000,1000,1.0,1000,1.0,0,1.0,0.002539417999997795,393791.0182572811,13,105,14,58,16,17,16,54,15,123,1000,0.002539417999997795,393791.0182572811
pdrs,balanced_product,6,100,100,100,1.0,100,1.0,0,1.0,0.002563788999999872,39004.7698933122,2,32,1,91,1,91,2,83,2,1,1000,0.002563788999999872,390047.698933122
pdrs,balanced_product,6,500,500,500,1.0,500,1.0,0,1.0,0.002563788999999872,195023.849466561,4,32,6,91,3,91,5,83,7,1,1000,0.002563788999999872,390047.698933122
pdrs,balanced_product,6,1000,1000,1000,1.0,1000,1.0,0,1.0,0.002563788999999872,390047.698933122,15,32,11,91,12,91,14,83,17,1,1000,0.002563788999999872,390047.698933122
pdrs,balanced_product,7,100,100,100,1.0,100,1.0,0,1.0,0.002536183000003689,39429.33140071302,3,31,2,29,2,29,2,31,1,40,1000,0.002536183000003689,394293.3140071302
pdrs,balanced_product,7,500,500,500,1.0,500,1.0,0,1.0,0.002536183000003689,197146.6570035651,12,31,6,29,6,29,14,31,8,40,1000,0.002536183000003689,394293.3140071302
pdrs,balanced_product,7,1000,1000,1000,1.0,1000,1.0,0,1.0,0.002536183000003689,394293.3140071302,20,31,17,29,13,29,20,31,10,40,1000,0.002536183000003689,394293.3140071302
pdrs,balanced_product,8,100,100,100,1.0,100,1.0,0,1.0,0.0025537730000024794,39157.74816316991,2,3,0,101,0,101,0,101,4,5,1000,0.0025537730000024794,391577.4816316991
pdrs,balanced_product,8,500,500,500,1.0,500,1.0,0,1.0,0.0025537730000024794,195788.74081584954,8,3,4,203,6,198,6,111,6,5,1000,0.0025537730000024794,391577.4816316991
pdrs,balanced_product,8,1000,1000,1000,1.0,1000,1.0,0,1.0,0.0025537730000024794,391577.4816316991,15,3,12,203,14,198,15,111,10,5,1000,0.0025537730000024794,391577.4816316991
pdrs,balanced_product,9,100,100,100,1.0,100,1.0,0,1.0,0.0025890920000009032,38623.57923162449,1,13,0,101,0,101,1,48,1,58,1000,0.0025890920000009032,386235.7923162449
pdrs,balanced_product,9,500,500,500,1.0,500,1.0,0,1.0,0.0025890920000009032,193117.89615812246,10,13,8,153,11,143,5,48,5,58,1000,0.0025890920000009032,386235.7923162449
pdrs,balanced_product,9,1000,1000,1000,1.0,1000,1.0,0,1.0,0.0025890920000009032,386235.7923162449,18,13,15,153,20,143,15,48,13,58,1000,0.0025890920000009032,386235.7923162449
pdrs,balanced_product,10,100,100,100,1.0,100,1.0,0,1.0,0.0024930599999990477,40111.34910513112,0,101,1,38,5,24,2,74,0,101,1000,0.0024930599999990477,401113.49105131126
pdrs,balanced_product,10,500,500,500,1.0,500,1.0,0,1.0,0.0024930599999990477,200556.74552565563,9,119,6,38,8,24,9,74,8,120,1000,0.0024930599999990477,401113.49105131126
pdrs,balanced_product,10,1000,1000,1000,1.0,1000,1.0,0,1.0,0.0024930599999990477,401113.49105131126,18,119,14,38,15,24,17,74,17,120,1000,0.0024930599999990477,401113.49105131126
pdrs,balanced_product,11,100,100,100,1.0,100,1.0,0,1.0,0.0025183520000027215,39708.5077860013,0,101,3,15,3,30,2,32,0,101,1000,0.0025183520000027215,397085.07786001294
pdrs,balanced_product,11,500,500,500,1.0,500,1.0,0,1.0,0.0025183520000027215,198542.53893000647,9,108,8,15,8,30,9,32,6,148,1000,0.0025183520000027215,397085.07786001294
pdrs,balanced_product,11,1000,1000,1000,1.0,1000,1.0,0,1.0,0.0025183520000027215,397085.07786001294,14,108,21,15,16,30,17,32,16,148,1000,0.0025183520000027215,397085.07786001294
pdrs,balanced_product,12,100,100,100,1.0,100,1.0,0,1.0,0.002607333000000267,38353.367214694,0,101,0,101,2,28,0,101,0,101,1000,0.002607333000000267,383533.67214694
pdrs,balanced_product,12,500,500,500,1.0,500,1.0,0,1.0,0.002607333000000267,191766.83607347,7,101,3,193,5,28,5,239,5,107,1000,0.002607333000000267,383533.67214694
pdrs,balanced_product,12,1000,1000,1000,1.0,1000,1.0,0,1.0,0.002607333000000267,383533.67214694,15,101,9,193,10,28,12,239,14,107,1000,0.002607333000000267,383533.67214694
pdrs,balanced_product,13,100,100,100,1.0,100,1.0,0,1.0,0.0025162589999965235,39741.53694040962,3,1,3,7,3,7,0,101,0,101,1000,0.0025162589999965235,397415.36940409616
pdrs,balanced_product,13,500,500,500,1.0,500,1.0,0,1.0,0.0025162589999965235,198707.68470204808,7,1,6,7,8,7,7,116,8,118,1000,0.0025162589999965235,397415.36940409616
pdrs,balanced_product,13,1000,1000,1000,1.0,1000,1.0,0,1.0,0.0025162589999965235,397415.36940409616,18,1,14,7,17,7,19,116,18,118,1000,0.0025162589999965235,397415.36940409616
pdrs,balanced_product,14,100,100,100,1.0,100,1.0,0,1.0,0.002499339999999961,40010.562788576804,0,101,1,81,1,81,3,58,0,101,1000,0.002499339999999961,400105.6278857681
pdrs,balanced_product,14,500,500,500,1.0,500,1.0,0,1.0,0.002499339999999961,200052.81394288404,5,218,8,81,6,81,8,58,3,181,1000,0.002499339999999961,400105.6278857681
pdrs,balanced_product,14,1000,1000,1000,1.0,1000,1.0,0,1.0,0.002499339999999961,400105.6278857681,14,218,15,81,15,81,15,58,10,181,1000,0.002499339999999961,400105.6278857681
pdrs,balanced_product,15,100,100,100,1.0,100,1.0,0,1.0,0.0025297120000047357,39530.19157904647,2,16,0,101,2,5,1,25,0,101,1000,0.0025297120000047357,395301.91579046467
pdrs,balanced_product,15,500,500,500,1.0,500,1.0,0,1.0,0.0025297120000047357,197650.95789523234,9,16,1,388,6,5,9,25,6,120,1000,0.0025297120000047357,395301.91579046467
pdrs,balanced_product,15,1000,1000,1000,1.0,1000,1.0,0,1.0,0.0025297120000047357,395301.91579046467,14,16,13,388,19,5,14,25,9,120,1000,0.0025297120000047357,395301.91579046467
pdrs,balanced_product,16,100,100,100,1.0,100,1.0,0,1.0,0.0025120019999960164,39808.88550254283,3,27,0,101,1,84,0,101,1,73,1000,0.0025120019999960164,398088.8550254283
pdrs,balanced_product,16,500,500,500,1.0,500,1.0,0,1.0,0.0025120019999960164,199044.42751271414,10,27,10,167,11,84,9,121,4,73,1000,0.0025120019999960164,398088.8550254283
pdrs,balanced_product,16,1000,1000,1000,1.0,1000,1.0,0,1.0,0.0025120019999960164,398088.8550254283,20,27,20,167,15,84,16,121,14,73,1000,0.0025120019999960164,398088.8550254283
pdrs,balanced_product,17,100,100,100,1.0,100,1.0,0,1.0,0.0024771830000034356,40368.43462911755,3,52,1,58,1,58,0,101,1,60,1000,0.0024771830000034356,403684.3462911755
pdrs,balanced_product,17,500,500,500,1.0,500,1.0,0,1.0,0.0024771830000034356,201842.17314558776,8,52,7,58,10,58,5,115,8,60,1000,0.0024771830000034356,403684.3462911755
pdrs,balanced_product,17,1000,1000,1000,1.0,1000,1.0,0,1.0,0.0024771830000034356,403684.3462911755,19,52,19,58,18,58,15,115,18,60,1000,0.0024771830000034356,403684.3462911755
pdrs,balanced_product,18,100,100,100,1.0,100,1.0,0,1.0,0.0025086759999979336,39861.66408100622,0,101,2,67,2,33,0,101,0,101,1000,0.0025086759999979336,398616.64081006224
pdrs,balanced_product,18,500,500,500,1.0,500,1.0,0,1.0,0.0025086759999979336,199308.32040503112,7,149,9,67,8,33,6,127,5,216,1000,0.0025086759999979336,398616.64081006224
pdrs,balanced_product,18,1000,1000,1000,1.0,1000,1.0,0,1.0,0.0025086759999979336,398616.64081006224,12,149,14,67,14,33,15,127,16,216,1000,0.0025086759999979336,398616.64081006224
pdrs,balanced_product,19,100,100,100,1.0,100,1.0,0,1.0,0.002496936999996535,40049.06811831406,1,26,0,101,0,101,0,101,3,18,1000,0.002496936999996535,400490.6811831406
pdrs,balanced_product,19,500,500,500,1.0,500,1.0,0,1.0,0.002496936999996535,200245.3405915703,11,26,6,112,8,112,9,223,6,18,1000,0.002496936999996535,400490.6811831406
pdrs,balanced_product,19,1000,1000,1000,1.0,1000,1.0,0,1.0,0.002496936999996535,400490.6811831406,21,26,11,112,16,112,21,223,13,18,1000,0.002496936999996535,400490.6811831406
pdrs,dependent_record,0,100,100,100,1.0,100,1.0,0,0.75,0.029515676999992024,3388.030028924189,32,1,0,101,0,101,1,45,1,93,1000,0.029515676999992024,33880.30028924189
pdrs,dependent_record,0,500,500,500,1.0,500,1.0,0,1.0,0.029515676999992024,16940.150144620944,32,1,2,333,0,501,5,45,3,93,1000,0.029515676999992024,33880.30028924189
pdrs,dependent_record,0,1000,1000,1000,1.0,1000,1.0,0,1.0,0.029515676999992024,33880.30028924189,32,1,5,333,1,750,7,45,6,93,1000,0.029515676999992024,33880.30028924189
pdrs,dependent_record,1,100,100,100,1.0,100,1.0,0,0.75,0.00482551200001069,20723.18958066594,1,100,0,101,0,101,0,101,0,101,1000,0.00482551200001069,207231.89580665942
pdrs,dependent_record,1,500,500,500,1.0,500,1.0,0,1.0,0.00482551200001069,103615.94790332971,3,100,1,201,3,139,1,121,0,501,1000,0.00482551200001069,207231.89580665942
pdrs,dependent_record,1,1000,1000,1000,1.0,1000,1.0,0,1.0,0.00482551200001069,207231.89580665942,7,100,2,201,4,139,3,121,4,561,1000,0.00482551200001069,207231.89580665942
pdrs,dependent_record,2,100,100,100,1.0,100,1.0,0,0.75,0.004707873000000973,21241.014785228774,2,55,0,101,0,101,1,36,0,101,1000,0.004707873000000973,212410.14785228772
pdrs,dependent_record,2,500,500,500,1.0,500,1.0,0,1.0,0.004707873000000973,106205.07392614386,6,55,1,192,0,501,2,36,0,501,1000,0.004707873000000973,212410.14785228772
pdrs,dependent_record,2,1000,1000,1000,1.0,1000,1.0,0,1.0,0.004707873000000973,212410.14785228772,6,55,1,192,5,511,4,36,2,697,1000,0.004707873000000973,212410.14785228772
pdrs,dependent_record,3,100,100,100,1.0,100,1.0,0,1.0,0.004763376000013864,20993.51384390167,0,101,1,92,1,9,1,85,0,101,1000,0.004763376000013864,209935.13843901668
pdrs,dependent_record,3,500,500,500,1.0,500,1.0,0,1.0,0.004763376000013864,104967.56921950834,3,183,2,92,1,9,1,85,3,195,1000,0.004763376000013864,209935.13843901668
pdrs,dependent_record,3,1000,1000,1000,1.0,1000,1.0,0,1.0,0.004763376000013864,209935.13843901668,6,183,2,92,3,9,5,85,8,195,1000,0.004763376000013864,209935.13843901668
pdrs,dependent_record,4,100,100,100,1.0,100,1.0,0,1.0,0.004748509000009449,21059.241964119898,0,101,1,88,0,101,1,44,2,10,1000,0.004748509000009449,210592.419641199
pdrs,dependent_record,4,500,500,500,1.0,500,1.0,0,1.0,0.004748509000009449,105296.2098205995,2,316,1,88,3,192,1,44,2,10,1000,0.004748509000009449,210592.419641199
pdrs,dependent_record,4,1000,1000,1000,1.0,1000,1.0,0,1.0,0.004748509000009449,210592.419641199,3,316,1,88,5,192,3,44,4,10,1000,0.004748509000009449,210592.419641199
pdrs,dependent_record,5,100,100,100,1.0,100,1.0,0,1.0,0.00473033499999076,21140.151807471426,0,101,2,66,0,101,1,77,1,91,1000,0.00473033499999076,211401.51807471426
pdrs,dependent_record,5,500,500,500,1.0,500,1.0,0,1.0,0.00473033499999076,105700.75903735713,1,487,2,66,1,220,2,77,3,91,1000,0.00473033499999076,211401.51807471426
pdrs,dependent_record,5,1000,1000,1000,1.0,1000,1.0,0,1.0,0.00473033499999076,211401.51807471426,4,487,2,66,2,220,4,77,5,91,1000,0.00473033499999076,211401.51807471426
pdrs,dependent_record,6,100,100,100,1.0,100,1.0,0,0.75,0.004752546999995388,21041.348986153538,1,31,0,101,2,25,0,101,0,101,1000,0.004752546999995388,210413.48986153537
pdrs,dependent_record,6,500,500,500,1.0,500,1.0,0,0.75,0.004752546999995388,105206.74493076769,5,31,0,501,2,25,0,501,4,109,1000,0.004752546999995388,210413.48986153537
pdrs,dependent_record,6,1000,1000,1000,1.0,1000,1.0,0,0.75,0.004752546999995388,210413.48986153537,8,31,0,1001,5,25,2,639,6,109,1000,0.004752546999995388,210413.48986153537
pdrs,dependent_record,7,100,100,100,1.0,100,1.0,0,0.75,0.004751313999989293,21046.809366887843,1,36,0,101,1,43,1,50,0,101,1000,0.004751313999989293,210468.09366887846
pdrs,dependent_record,7,500,500,500,1.0,500,1.0,0,1.0,0.004751313999989293,105234.04683443923,5,36,1,231,2,43,1,50,1,115,1000,0.004751313999989293,210468.09366887846
pdrs,dependent_record,7,1000,1000,1000,1.0,1000,1.0,0,1.0,0.004751313999989293,210468.09366887846,9,36,3,231,4,43,3,50,4,115,1000,0.004751313999989293,210468.09366887846
pdrs,dependent_record,8,100,100,100,1.0,100,1.0,0,0.75,0.005126625000002605,19506.01028941052,1,40,0,101,0,101,1,56,0,101,1000,0.005126625000002605,195060.10289410516
pdrs,dependent_record,8,500,500,500,1.0,500,1.0,0,1.0,0.005126625000002605,97530.05144705258,2,40,1,368,1,236,2,56,1,264,1000,0.005126625000002605,195060.10289410516
pdrs,dependent_record,8,1000,1000,1000,1.0,1000,1.0,0,1.0,0.005126625000002605,195060.10289410516,3,40,2,368,4,236,3,56,4,264,1000,0.005126625000002605,195060.10289410516
pdrs,dependent_record,9,100,100,100,1.0,100,1.0,0,1.0,0.004712942000011822,21218.16903321729,0,101,1,94,1,64,0,101,0,101,1000,0.004712942000011822,212181.6903321729
pdrs,dependent_record,9,500,500,500,1.0,500,1.0,0,1.0,0.004712942000011822,106090.84516608645,1,476,3,94,2,64,4,142,4,218,1000,0.004712942000011822,212181.6903321729
pdrs,dependent_record,9,1000,1000,1000,1.0,1000,1.0,0,1.0,0.004712942000011822,212181.6903321729,2,476,4,94,2,64,7,142,4,218,1000,0.004712942000011822,212181.6903321729
pdrs,dependent_record,10,100,100,100,1.0,100,1.0,0,1.0,0.004796467999995002,20848.674482995444,0,101,1,85,0,101,1,3,0,101,1000,0.004796467999995002,208486.74482995446
pdrs,dependent_record,10,500,500,500,1.0,500,1.0,0,1.0,0.004796467999995002,104243.37241497723,2,162,3,85,3,112,1,3,0,501,1000,0.004796467999995002,208486.74482995446
pdrs,dependent_record,10,1000,1000,1000,1.0,1000,1.0,0,1.0,0.004796467999995002,208486.74482995446,4,162,5,85,7,112,7,3,1,892,1000,0.004796467999995002,208486.74482995446
pdrs,dependent_record,11,100,100,100,1.0,100,1.0,0,0.75,0.004707010999993599,21244.904675203856,1,12,0,101,0,101,0,101,1,99,1000,0.004707010999993599,212449.04675203856
pdrs,dependent_record,11,500,500,500,1.0,500,1.0,0,1.0,0.004707010999993599,106224.52337601928,2,12,2,287,3,279,2,160,2,99,1000,0.004707010999993599,212449.04675203856
pdrs,dependent_record,11,1000,1000,1000,1.0,1000,1.0,0,1.0,0.004707010999993599,212449.04675203856,4,12,2,287,4,279,4,160,6,99,1000,0.004707010999993599,212449.04675203856
pdrs,dependent_record,12,100,100,100,1.0,100,1.0,0,0.75,0.005868411999998102,17040.38503091336,0,101,1,71,1,59,1,99,0,101,1000,0.005868411999998102,170403.85030913362
pdrs,dependent_record,12,500,500,500,1.0,500,1.0,0,1.0,0.005868411999998102,85201.92515456681,2,299,2,71,5,59,4,99,3,203,1000,0.005868411999998102,170403.85030913362
pdrs,dependent_record,12,1000,1000,1000,1.0,1000,1.0,0,1.0,0.005868411999998102,170403.85030913362,5,299,2,71,7,59,5,99,3,203,1000,0.005868411999998102,170403.85030913362
pdrs,dependent_record,13,100,100,100,1.0,100,1.0,0,0.75,0.004802658999992104,20821.798924338455,1,82,0,101,0,101,0,101,0,101,1000,0.004802658999992104,208217.98924338457
pdrs,dependent_record,13,500,500,500,1.0,500,1.0,0,1.0,0.004802658999992104,104108.99462169228,5,82,1,393,1,412,2,161,3,121,1000,0.004802658999992104,208217.98924338457
pdrs,dependent_record,13,1000,1000,1000,1.0,1000,1.0,0,1.0,0.004802658999992104,208217.98924338457,8,82,2,393,3,412,6,161,3,121,1000,0.004802658999992104,208217.98924338457
pdrs,dependent_record,14,100,100,100,1.0,100,1.0,0,0.75,0.004724133000010511,21167.905306598586,0,101,0,101,0,101,0,101,0,101,1000,0.004724133000010511,211679.05306598588
pdrs,dependent_record,14,500,500,500,1.0,500,1.0,0,0.75,0.004724133000010511,105839.52653299294,2,214,0,501,4,138,1,418,1,446,1000,0.004724133000010511,211679.05306598588
pdrs,dependent_record,14,1000,1000,1000,1.0,1000,1.0,0,1.0,0.004724133000010511,211679.05306598588,4,214,1,783,7,138,4,418,4,446,1000,0.004724133000010511,211679.05306598588
pdrs,dependent_record,15,100,100,100,1.0,100,1.0,0,0.75,0.0046762039999919125,21384.86687068677,0,101,0,101,1,3,0,101,0,101,1000,0.0046762039999919125,213848.6687068677
pdrs,dependent_record,15,500,500,500,1.0,500,1.0,0,1.0,0.0046762039999919125,106924.33435343385,5,221,1,343,4,3,4,148,2,165,1000,0.0046762039999919125,213848.6687068677
pdrs,dependent_record,15,1000,1000,1000,1.0,1000,1.0,0,1.0,0.0046762039999919125,213848.6687068677,6,221,2,343,4,3,6,148,2,165,1000,0.0046762039999919125,213848.6687068677
pdrs,dependent_record,16,100,100,100,1.0,100,1.0,0,0.75,0.0047425070000031155,21085.894021861077,0,101,1,59,1,85,0,101,0,101,1000,0.0047425070000031155,210858.94021861075
pdrs,dependent_record,16,500,500,500,1.0,500,1.0,0,1.0,0.0047425070000031155,105429.47010930537,1,111,1,59,2,85,1,480,0,501,1000,0.0047425070000031155,210858.94021861075
pdrs,dependent_record,16,1000,1000,1000,1.0,1000,1.0,0,1.0,0.0047425070000031155,210858.94021861075,5,111,4,59,3,85,3,480,0,1001,1000,0.0047425070000031155,210858.94021861075
pdrs,dependent_record,17,100,100,100,1.0,100,1.0,0,1.0,0.004739410999988536,21099.668292165818,0,101,2,48,1,95,0,101,1,46,1000,0.004739410999988536,210996.68292165818
pdrs,dependent_record,17,500,500,500,1.0,500,1.0,0,1.0,0.004739410999988536,105498.34146082909,3,103,4,48,2,95,2,367,3,46,1000,0.004739410999988536,210996.68292165818
pdrs,dependent_record,17,1000,1000,1000,1.0,1000,1.0,0,1.0,0.004739410999988536,210996.68292165818,5,103,5,48,7,95,4,367,6,46,1000,0.004739410999988536,210996.68292165818
pdrs,dependent_record,18,100,100,100,1.0,100,1.0,0,0.75,0.004761974000004443,20999.694664419985,1,23,0,101,1,80,0,101,0,101,1000,0.004761974000004443,209996.94664419987
pdrs,dependent_record,18,500,500,500,1.0,500,1.0,0,1.0,0.004761974000004443,104998.47332209993,3,23,2,196,5,80,3,133,1,438,1000,0.004761974000004443,209996.94664419987
pdrs,dependent_record,18,1000,1000,1000,1.0,1000,1.0,0,1.0,0.004761974000004443,209996.94664419987,4,23,3,196,7,80,9,133,3,438,1000,0.004761974000004443,209996.94664419987
pdrs,dependent_record,19,100,100,100,1.0,100,1.0,0,0.75,0.004736615999988203,21112.11886297075,1,28,0,101,0,101,0,101,0,101,1000,0.004736615999988203,211121.1886297075
pdrs,dependent_record,19,500,500,500,1.0,500,1.0,0,1.0,0.004736615999988203,105560.59431485375,2,28,2,423,2,439,4,144,2,196,1000,0.004736615999988203,211121.1886297075
pdrs,dependent_record,19,1000,1000,1000,1.0,1000,1.0,0,1.0,0.004736615999988203,211121.1886297075,3,28,5,423,7,439,6,144,4,196,1000,0.004736615999988203,211121.1886297075
pdrs,imbalanced_choice,0,100,100,100,1.0,100,1.0,0,0.75,0.028498927000001117,3508.90403698343,32,1,0,101,2,33,2,8,2,22,1000,0.028498927000001117,35089.0403698343
pdrs,imbalanced_choice,0,500,500,500,1.0,500,1.0,0,0.75,0.028498927000001117,17544.52018491715,32,1,0,501,8,33,10,8,4,22,1000,0.028498927000001117,35089.0403698343
pdrs,imbalanced_choice,0,1000,1000,1000,1.0,1000,1.0,0,0.75,0.028498927000001117,35089.0403698343,32,1,0,1001,15,33,16,8,11,22,1000,0.028498927000001117,35089.0403698343
pdrs,imbalanced_choice,1,100,100,100,1.0,100,1.0,0,0.5,0.003261299000001827,30662.62860288001,1,40,0,101,1,7,4,45,2,23,1000,0.003261299000001827,306626.2860288001
pdrs,imbalanced_choice,1,500,500,500,1.0,500,1.0,0,1.0,0.003261299000001827,153313.14301440006,2,40,1,217,8,7,9,45,6,23,1000,0.003261299000001827,306626.2860288001
pdrs,imbalanced_choice,1,1000,1000,1000,1.0,1000,1.0,0,1.0,0.003261299000001827,306626.2860288001,10,40,2,217,19,7,15,45,15,23,1000,0.003261299000001827,306626.2860288001
pdrs,imbalanced_choice,2,100,100,100,1.0,100,1.0,0,0.75,0.003246459999999729,30802.7821072825,1,63,0,101,4,5,1,52,2,24,1000,0.003246459999999729,308027.821072825
pdrs,imbalanced_choice,2,500,500,500,1.0,500,1.0,0,0.75,0.003246459999999729,154013.9105364125,14,63,0,501,7,5,4,52,14,24,1000,0.003246459999999729,308027.821072825
pdrs,imbalanced_choice,2,1000,1000,1000,1.0,1000,1.0,0,0.75,0.003246459999999729,308027.821072825,24,63,0,1001,12,5,15,52,18,24,1000,0.003246459999999729,308027.821072825
pdrs,imbalanced_choice,3,100,100,100,1.0,100,1.0,0,0.75,0.003220832000010887,31047.87831208271,2,27,1,6,2,6,1,11,2,6,1000,0.003220832000010887,310478.7831208271
pdrs,imbalanced_choice,3,500,500,500,1.0,500,1.0,0,1.0,0.003220832000010887,155239.39156041355,7,27,1,6,7,6,10,11,11,6,1000,0.003220832000010887,310478.7831208271
pdrs,imbalanced_choice,3,1000,1000,1000,1.0,1000,1.0,0,1.0,0.003220832000010887,310478.7831208271,14,27,1,6,11,6,15,11,16,6,1000,0.003220832000010887,310478.7831208271
pdrs,imbalanced_choice,4,100,100,100,1.0,100,1.0,0,0.5,0.003235072000009609,30911.213104284227,1,4,0,101,1,80,1,59,1,11,1000,0.003235072000009609,309112.13104284223
pdrs,imbalanced_choice,4,500,500,500,1.0,500,1.0,0,1.0,0.003235072000009609,154556.06552142111,7,4,1,164,8,80,9,59,8,11,1000,0.003235072000009609,309112.13104284223
pdrs,imbalanced_choice,4,1000,1000,1000,1.0,1000,1.0,0,1.0,0.003235072000009609,309112.13104284223,10,4,1,164,12,80,16,59,17,11,1000,0.003235072000009609,309112.13104284223
pdrs,imbalanced_choice,5,100,100,100,1.0,100,1.0,0,0.75,0.0032250330000067606,31007.434652541655,3,50,0,101,1,41,1,32,0,101,1000,0.0032250330000067606,310074.34652541653
pdrs,imbalanced_choice,5,500,500,500,1.0,500,1.0,0,0.75,0.0032250330000067606,155037.17326270827,8,50,0,501,5,41,5,32,7,242,1000,0.0032250330000067606,310074.34652541653
pdrs,imbalanced_choice,5,1000,1000,1000,1.0,1000,1.0,0,0.75,0.0032250330000067606,310074.34652541653,16,50,0,1001,9,41,13,32,15,242,1000,0.0032250330000067606,310074.34652541653
pdrs,imbalanced_choice,6,100,100,100,1.0,100,1.0,0,0.75,0.003280797000002167,30480.398512902186,3,21,0,101,4,15,2,18,2,22,1000,0.003280797000002167,304803.98512902186
pdrs,imbalanced_choice,6,500,500,500,1.0,500,1.0,0,0.75,0.003280797000002167,152401.99256451093,9,21,0,501,11,15,8,18,4,22,1000,0.003280797000002167,304803.98512902186
pdrs,imbalanced_choice,6,1000,1000,1000,1.0,1000,1.0,0,1.0,0.003280797000002167,304803.98512902186,19,21,1,799,19,15,16,18,12,22,1000,0.003280797000002167,304803.98512902186
pdrs,imbalanced_choice,7,100,100,100,1.0,100,1.0,0,1.0,0.0032372860000009496,30890.0727337562,2,81,1,75,1,75,1,56,2,12,1000,0.0032372860000009496,308900.72733756196
pdrs,imbalanced_choice,7,500,500,500,1.0,500,1.0,0,1.0,0.0032372860000009496,154450.36366878098,5,81,1,75,8,75,10,56,5,12,1000,0.0032372860000009496,308900.72733756196
pdrs,imbalanced_choice,7,1000,1000,1000,1.0,1000,1.0,0,1.0,0.0032372860000009496,308900.72733756196,14,81,1,75,11,75,19,56,9,12,1000,0.0032372860000009496,308900.72733756196
pdrs,imbalanced_choice,8,100,100,100,1.0,100,1.0,0,0.75,0.003247393999998849,30793.922757766828,2,45,0,101,1,92,0,101,3,23,1000,0.003247393999998849,307939.22757766827
pdrs,imbalanced_choice,8,500,500,500,1.0,500,1.0,0,0.75,0.003247393999998849,153969.61378883413,7,45,0,501,6,92,7,113,6,23,1000,0.003247393999998849,307939.22757766827
pdrs,imbalanced_choice,8,1000,1000,1000,1.0,1000,1.0,0,0.75,0.003247393999998849,307939.22757766827,20,45,0,1001,15,92,13,113,12,23,1000,0.003247393999998849,307939.22757766827
pdrs,imbalanced_choice,9,100,100,100,1.0,100,1.0,0,0.75,0.003374062000006006,29637.866761138943,0,101,0,101,1,88,0,101,1,59,1000,0.003374062000006006,296378.6676113894
pdrs,imbalanced_choice,9,500,500,500,1.0,500,1.0,0,0.75,0.003374062000006006,148189.3338056947,3,181,0,501,8,88,9,102,8,59,1000,0.003374062000006006,296378.6676113894
pdrs,imbalanced_choice,9,1000,1000,1000,1.0,1000,1.0,0,0.75,0.003374062000006006,296378.6676113894,15,181,0,1001,18,88,16,102,13,59,1000,0.003374062000006006,296378.6676113894
pdrs,imbalanced_choice,10,100,100,100,1.0,100,1.0,0,0.5,0.0033058129999972152,30249.744919051453,2,37,0,101,1,81,2,19,0,101,1000,0.0033058129999972152,302497.4491905145
pdrs,imbalanced_choice,10,500,500,500,1.0,500,1.0,0,0.75,0.0033058129999972152,151248.72459525726,8,37,0,501,7,81,7,19,7,157,1000,0.0033058129999972152,302497.4491905145
pdrs,imbalanced_choice,10,1000,1000,1000,1.0,1000,1.0,0,0.75,0.0033058129999972152,302497.4491905145,15,37,0,1001,15,81,16,19,15,157,1000,0.0033058129999972152,302497.4491905145
pdrs,imbalanced_choice,11,100,100,100,1.0,100,1.0,0,0.75,0.0032524040000083687,30746.487828616217,1,76,0,101,2,17,3,15,4,19,1000,0.0032524040000083687,307464.87828616216
pdrs,imbalanced_choice,11,500,500,500,1.0,500,1.0,0,1.0,0.0032524040000083687,153732.43914308108,4,76,1,474,7,17,5,15,7,19,1000,0.0032524040000083687,307464.87828616216
pdrs,imbalanced_choice,11,1000,1000,1000,1.0,1000,1.0,0,1.0,0.0032524040000083687,307464.87828616216,13,76,1,474,16,17,15,15,13,19,1000,0.0032524040000083687,307464.87828616216
pdrs,imbalanced_choice,12,100,100,100,1.0,100,1.0,0,0.5,0.0032794440000003533,30492.973808971652,1,76,0,101,0,101,2,35,0,101,1000,0.0032794440000003533,304929.7380897165
pdrs,imbalanced_choice,12,500,500,500,1.0,500,1.0,0,0.75,0.0032794440000003533,152464.86904485826,7,76,0,501,3,295,4,35,6,108,1000,0.0032794440000003533,304929.7380897165
pdrs,imbalanced_choice,12,1000,1000,1000,1.0,1000,1.0,0,0.75,0.0032794440000003533,304929.7380897165,13,76,0,1001,11,295,11,35,15,108,1000,0.0032794440000003533,304929.7380897165
pdrs,imbalanced_choice,13,100,100,100,1.0,100,1.0,0,0.75,0.003277620999995179,30509.93388196716,1,27,0,101,1,21,4,11,4,13,1000,0.003277620999995179,305099.3388196716
pdrs,imbalanced_choice,13,500,500,500,1.0,500,1.0,0,0.75,0.003277620999995179,152549.6694098358,6,27,0,501,6,21,10,11,11,13,1000,0.003277620999995179,305099.3388196716
pdrs,imbalanced_choice,13,1000,1000,1000,1.0,1000,1.0,0,1.0,0.003277620999995179,305099.3388196716,12,27,2,719,14,21,16,11,20,13,1000,0.003277620999995179,305099.3388196716
pdrs,imbalanced_choice,14,100,100,100,1.0,100,1.0,0,0.75,0.003315161000003286,30164.447518506906,4,42,0,101,2,76,0,101,3,67,1000,0.003315161000003286,301644.4751850691
pdrs,imbalanced_choice,14,500,500,500,1.0,500,1.0,0,0.75,0.003315161000003286,150822.23759253454,8,42,0,501,6,76,7,168,7,67,1000,0.003315161000003286,301644.4751850691
pdrs,imbalanced_choice,14,1000,1000,1000,1.0,1000,1.0,0,1.0,0.003315161000003286,301644.4751850691,14,42,1,536,14,76,14,168,15,67,1000,0.003315161000003286,301644.4751850691
pdrs,imbalanced_choice,15,100,100,100,1.0,100,1.0,0,0.5,0.003263795000009395,30639.179237578384,0,101,0,101,1,97,1,51,1,1,1000,0.003263795000009395,306391.79237578384
pdrs,imbalanced_choice,15,500,500,500,1.0,500,1.0,0,1.0,0.003263795000009395,153195.89618789192,5,214,2,205,6,97,6,51,8,1,1000,0.003263795000009395,306391.79237578384
pdrs,imbalanced_choice,15,1000,1000,1000,1.0,1000,1.0,0,1.0,0.003263795000009395,306391.79237578384,11,214,2,205,10,97,18,51,16,1,1000,0.003263795000009395,306391.79237578384
pdrs,imbalanced_choice,16,100,100,100,1.0,100,1.0,0,0.5,0.003280185999997798,30486.07609448584,1,54,0,101,2,6,1,80,2,27,1000,0.003280185999997798,304860.7609448584
pdrs,imbalanced_choice,16,500,500,500,1.0,500,1.0,0,1.0,0.003280185999997798,152430.3804724292,7,54,2,165,8,6,7,80,7,27,1000,0.003280185999997798,304860.7609448584
pdrs,imbalanced_choice,16,1000,1000,1000,1.0,1000,1.0,0,1.0,0.003280185999997798,304860.7609448584,15,54,2,165,11,6,19,80,12,27,1000,0.003280185999997798,304860.7609448584
pdrs,imbalanced_choice,17,100,100,100,1.0,100,1.0,0,0.5,0.003237206000008541,30890.836109823147,3,8,0,101,0,101,0,101,1,8,1000,0.003237206000008541,308908.36109823146
pdrs,imbalanced_choice,17,500,500,500,1.0,500,1.0,0,1.0,0.003237206000008541,154454.18054911573,10,8,1,217,7,108,6,246,7,8,1000,0.003237206000008541,308908.36109823146
pdrs,imbalanced_choice,17,1000,1000,1000,1.0,1000,1.0,0,1.0,0.003237206000008541,308908.36109823146,15,8,2,217,13,108,15,246,13,8,1000,0.003237206000008541,308908.36109823146
pdrs,imbalanced_choice,18,100,100,100,1.0,100,1.0,0,0.75,0.0032545170000020107,30726.525625749757,3,41,0,101,3,19,1,78,0,101,1000,0.0032545170000020107,307265.25625749753
pdrs,imbalanced_choice,18,500,500,500,1.0,500,1.0,0,0.75,0.0032545170000020107,153632.62812874877,10,41,0,501,8,19,7,78,7,113,1000,0.0032545170000020107,307265.25625749753
pdrs,imbalanced_choice,18,1000,1000,1000,1.0,1000,1.0,0,0.75,0.0032545170000020107,307265.25625749753,15,41,0,1001,14,19,12,78,13,113,1000,0.0032545170000020107,307265.25625749753
pdrs,imbalanced_choice,19,100,100,100,1.0,100,1.0,0,0.75,0.0032564910000019154,30707.900006461306,2,2,0,101,4,3,1,77,0,101,1000,0.0032564910000019154,307079.00006461306
pdrs,imbalanced_choice,19,500,500,500,1.0,500,1.0,0,1.0,0.0032564910000019154,153539.50003230653,8,2,1,391,9,3,6,77,5,186,1000,0.0032564910000019154,307079.00006461306
pdrs,imbalanced_choice,19,1000,1000,1000,1.0,1000,1.0,0,1.0,0.0032564910000019154,307079.00006461306,14,2,1,391,15,3,12,77,12,186,1000,0.0032564910000019154,307079.00006461306
pdrs,protocol_message,0,100,100,100,1.0,100,1.0,0,1.0,0.03720775100001106,2687.6120515849043,32,1,1,41,1,78,5,27,2,8,1000,0.03720775100001106,26876.120515849045
pdrs,protocol_message,0,500,500,500,1.0,500,1.0,0,1.0,0.03720775100001106,13438.060257924522,32,1,4,41,16,78,16,27,10,8,1000,0.03720775100001106,26876.120515849045
pdrs,protocol_message,0,1000,1000,1000,1.0,1000,1.0,0,1.0,0.03720775100001106,26876.120515849045,32,1,7,41,28,78,28,27,24,8,1000,0.03720775100001106,26876.120515849045
pdrs,protocol_message,1,100,100,100,1.0,100,1.0,0,1.0,0.003331406000000925,30017.356035251254,4,57,1,19,3,4,3,43,2,33,1000,0.003331406000000925,300173.5603525125
pdrs,protocol_message,1,500,500,500,1.0,500,1.0,0,1.0,0.003331406000000925,150086.78017625626,17,57,3,19,15,4,17,43,17,33,1000,0.003331406000000925,300173.5603525125
pdrs,protocol_message,1,1000,1000,1000,1.0,1000,1.0,0,1.0,0.003331406000000925,300173.5603525125,29,57,6,19,29,4,29,43,28,33,1000,0.003331406000000925,300173.5603525125
pdrs,protocol_message,2,100,100,100,1.0,100,1.0,0,1.0,0.00325935700000457,30680.898103478627,4,1,1,48,2,19,3,4,5,22,1000,0.00325935700000457,306808.98103478627
pdrs,protocol_message,2,500,500,500,1.0,500,1.0,0,1.0,0.00325935700000457,153404.49051739313,12,1,5,48,13,19,17,4,16,22,1000,0.00325935700000457,306808.98103478627
pdrs,protocol_message,2,1000,1000,1000,1.0,1000,1.0,0,1.0,0.00325935700000457,306808.98103478627,29,1,8,48,26,19,29,4,27,22,1000,0.00325935700000457,306808.98103478627
pdrs,protocol_message,3,100,100,100,1.0,100,1.0,0,0.75,0.00326691899999787,30609.880440887944,3,8,0,101,1,51,3,1,4,13,1000,0.00326691899999787,306098.8044088794
pdrs,protocol_message,3,500,500,500,1.0,500,1.0,0,1.0,0.00326691899999787,153049.4022044397,17,8,4,107,9,51,15,1,13,13,1000,0.00326691899999787,306098.8044088794
pdrs,protocol_message,3,1000,1000,1000,1.0,1000,1.0,0,1.0,0.00326691899999787,306098.8044088794,32,8,8,107,24,51,31,1,25,13,1000,0.00326691899999787,306098.8044088794
pdrs,protocol_message,4,100,100,100,1.0,100,1.0,0,0.75,0.0032687120000076675,30593.0898775314,2,18,1,59,4,5,5,16,2,90,1000,0.0032687120000076675,305930.89877531404
pdrs,protocol_message,4,500,500,500,1.0,500,1.0,0,1.0,0.0032687120000076675,152965.44938765702,15,18,3,59,10,5,14,16,11,90,1000,0.0032687120000076675,305930.89877531404
pdrs,protocol_message,4,1000,1000,1000,1.0,1000,1.0,0,1.0,0.0032687120000076675,305930.89877531404,26,18,6,59,32,5,26,16,25,90,1000,0.0032687120000076675,305930.89877531404
pdrs,protocol_message,5,100,100,100,1.0,100,1.0,0,0.5,0.0032792880000016567,30494.4243994274,1,52,0,101,3,73,5,9,2,56,1000,0.0032792880000016567,304944.243994274
pdrs,protocol_message,5,500,500,500,1.0,500,1.0,0,1.0,0.0032792880000016567,152472.121997137,11,52,4,150,14,73,19,9,14,56,1000,0.0032792880000016567,304944.243994274
pdrs,protocol_message,5,1000,1000,1000,1.0,1000,1.0,0,1.0,0.0032792880000016567,304944.243994274,26,52,7,150,30,73,32,9,26,56,1000,0.0032792880000016567,304944.243994274
pdrs,protocol_message,6,100,100,100,1.0,100,1.0,0,0.75,0.0033900549999970053,29498.046491897134,5,18,0,101,3,68,0,101,2,13,1000,0.0033900549999970053,294980.46491897135
pdrs,protocol_message,6,500,500,500,1.0,500,1.0,0,1.0,0.0033900549999970053,147490.23245948568,18,18,3,169,13,68,7,104,16,13,1000,0.0033900549999970053,294980.46491897135
pdrs,protocol_message,6,1000,1000,1000,1.0,1000,1.0,0,1.0,0.0033900549999970053,294980.46491897135,31,18,7,169,31,68,27,104,28,13,1000,0.0033900549999970053,294980.46491897135
pdrs,protocol_message,7,100,100,100,1.0,100,1.0,0,0.75,0.0032592080000029,30682.300730702373,6,4,0,101,4,11,5,9,3,14,1000,0.0032592080000029,306823.00730702374
pdrs,protocol_message,7,500,500,500,1.0,500,1.0,0,1.0,0.0032592080000029,153411.50365351187,14,4,3,144,15,11,15,9,15,14,1000,0.0032592080000029,306823.00730702374
pdrs,protocol_message,7,1000,1000,1000,1.0,1000,1.0,0,1.0,0.0032592080000029,306823.00730702374,30,4,5,144,29,11,32,9,25,14,1000,0.0032592080000029,306823.00730702374
pdrs,protocol_message,8,100,100,100,1.0,100,1.0,0,1.0,0.0032664889999978186,30613.90991981506,2,59,1,62,2,42,4,11,2,24,1000,0.0032664889999978186,306139.0991981506
pdrs,protocol_message,8,500,500,500,1.0,500,1.0,0,1.0,0.0032664889999978186,153069.5495990753,13,59,3,62,16,42,16,11,16,24,1000,0.0032664889999978186,306139.0991981506
pdrs,protocol_message,8,1000,1000,1000,1.0,1000,1.0,0,1.0,0.0032664889999978186,306139.0991981506,28,59,7,62,29,42,30,11,28,24,1000,0.0032664889999978186,306139.0991981506
pdrs,protocol_message,9,100,100,100,1.0,100,1.0,0,1.0,0.0033946520000114333,29458.100565142817,4,9,2,30,2,28,2,18,1,9,1000,0.0033946520000114333,294581.0056514282
pdrs,protocol_message,9,500,500,500,1.0,500,1.0,0,1.0,0.0033946520000114333,147290.5028257141,16,9,5,30,15,28,12,18,11,9,1000,0.0033946520000114333,294581.0056514282
pdrs,protocol_message,9,1000,1000,1000,1.0,1000,1.0,0,1.0,0.0033946520000114333,294581.0056514282,30,9,7,30,29,28,28,18,24,9,1000,0.0033946520000114333,294581.0056514282
pdrs,protocol_message,10,100,100,100,1.0,100,1.0,0,0.75,0.0032557319999995116,30715.058856200387,5,6,0,101,5,1,2,2,3,8,1000,0.0032557319999995116,307150.58856200386
pdrs,protocol_message,10,500,500,500,1.0,500,1.0,0,1.0,0.0032557319999995116,153575.29428100193,14,6,3,354,16,1,13,2,13,8,1000,0.0032557319999995116,307150.58856200386
pdrs,protocol_message,10,1000,1000,1000,1.0,1000,1.0,0,1.0,0.0032557319999995116,307150.58856200386,29,6,8,354,32,1,28,2,28,8,1000,0.0032557319999995116,307150.58856200386
pdrs,protocol_message,11,100,100,100,1.0,100,1.0,0,0.75,0.0032421620000064877,30843.61608081271,2,6,0,101,4,22,4,9,4,5,1000,0.0032421620000064877,308436.1608081271
pdrs,protocol_message,11,500,500,500,1.0,500,1.0,0,1.0,0.0032421620000064877,154218.08040406354,15,6,3,218,14,22,17,9,19,5,1000,0.0032421620000064877,308436.1608081271
pdrs,protocol_message,11,1000,1000,1000,1.0,1000,1.0,0,1.0,0.0032421620000064877,308436.1608081271,29,6,8,218,29,22,29,9,27,5,1000,0.0032421620000064877,308436.1608081271
pdrs,protocol_message,12,100,100,100,1.0,100,1.0,0,1.0,0.003274980999989907,30534.52829201396,3,8,1,64,3,22,1,8,3,5,1000,0.003274980999989907,305345.2829201396
pdrs,protocol_message,12,500,500,500,1.0,500,1.0,0,1.0,0.003274980999989907,152672.6414600698,13,8,3,64,12,22,13,8,15,5,1000,0.003274980999989907,305345.2829201396
pdrs,protocol_message,12,1000,1000,1000,1.0,1000,1.0,0,1.0,0.003274980999989907,305345.2829201396,31,8,7,64,29,22,30,8,27,5,1000,0.003274980999989907,305345.2829201396
pdrs,protocol_message,13,100,100,100,1.0,100,1.0,0,0.75,0.0032907350000073166,30388.34789181677,3,46,0,101,2,77,3,4,2,49,1000,0.0032907350000073166,303883.4789181677
pdrs,protocol_message,13,500,500,500,1.0,500,1.0,0,1.0,0.0032907350000073166,151941.73945908385,14,46,3,262,17,77,15,4,14,49,1000,0.0032907350000073166,303883.4789181677
pdrs,protocol_message,13,1000,1000,1000,1.0,1000,1.0,0,1.0,0.0032907350000073166,303883.4789181677,29,46,6,262,30,77,31,4,26,49,1000,0.0032907350000073166,303883.4789181677
pdrs,protocol_message,14,100,100,100,1.0,100,1.0,0,0.75,0.003292297000001554,30373.930419993336,2,38,0,101,3,67,7,3,4,35,1000,0.003292297000001554,303739.30419993337
pdrs,protocol_message,14,500,500,500,1.0,500,1.0,0,1.0,0.003292297000001554,151869.65209996668,13,38,3,166,17,67,20,3,17,35,1000,0.003292297000001554,303739.30419993337
pdrs,protocol_message,14,1000,1000,1000,1.0,1000,1.0,0,1.0,0.003292297000001554,303739.30419993337,27,38,7,166,29,67,30,3,28,35,1000,0.003292297000001554,303739.30419993337
pdrs,protocol_message,15,100,100,100,1.0,100,1.0,0,1.0,0.003269633000002159,30584.472324549566,3,10,1,65,6,15,2,33,6,44,1000,0.003269633000002159,305844.72324549564
pdrs,protocol_message,15,500,500,500,1.0,500,1.0,0,1.0,0.003269633000002159,152922.36162274782,12,10,3,65,16,15,15,33,16,44,1000,0.003269633000002159,305844.72324549564
pdrs,protocol_message,15,1000,1000,1000,1.0,1000,1.0,0,1.0,0.003269633000002159,305844.72324549564,29,10,8,65,31,15,29,33,29,44,1000,0.003269633000002159,305844.72324549564
pdrs,protocol_message,16,100,100,100,1.0,100,1.0,0,1.0,0.0033291329999940444,30037.850695715337,6,36,1,6,4,20,3,7,5,10,1000,0.0033291329999940444,300378.5069571534
pdrs,protocol_message,16,500,500,500,1.0,500,1.0,0,1.0,0.0033291329999940444,150189.2534785767,16,36,4,6,14,20,17,7,14,10,1000,0.0033291329999940444,300378.5069571534
pdrs,protocol_message,16,1000,1000,1000,1.0,1000,1.0,0,1.0,0.0033291329999940444,300378.5069571534,31,36,6,6,29,20,28,7,25,10,1000,0.0033291329999940444,300378.5069571534
pdrs,protocol_message,17,100,100,100,1.0,100,1.0,0,1.0,0.0032462270000053195,30804.992996434365,5,11,3,18,6,6,4,10,2,69,1000,0.0032462270000053195,308049.9299643436
pdrs,protocol_message,17,500,500,500,1.0,500,1.0,0,1.0,0.0032462270000053195,154024.9649821718,15,11,6,18,15,6,15,10,14,69,1000,0.0032462270000053195,308049.9299643436
pdrs,protocol_message,17,1000,1000,1000,1.0,1000,1.0,0,1.0,0.0032462270000053195,308049.9299643436,27,11,7,18,28,6,28,10,28,69,1000,0.0032462270000053195,308049.9299643436
pdrs,protocol_message,18,100,100,100,1.0,100,1.0,0,0.75,0.0032401790000022856,30862.492473387876,4,25,1,58,1,90,3,75,3,16,1000,0.0032401790000022856,308624.92473387875
pdrs,protocol_message,18,500,500,500,1.0,500,1.0,0,1.0,0.0032401790000022856,154312.46236693938,16,25,4,58,14,90,12,75,15,16,1000,0.0032401790000022856,308624.92473387875
pdrs,protocol_message,18,1000,1000,1000,1.0,1000,1.0,0,1.0,0.0032401790000022856,308624.92473387875,28,25,7,58,31,90,27,75,26,16,1000,0.0032401790000022856,308624.92473387875
pdrs,protocol_message,19,100,100,100,1.0,100,1.0,0,0.75,0.0032967039999931558,30333.326862286576,4,33,0,101,3,41,3,9,4,7,1000,0.0032967039999931558,303333.2686228658
pdrs,protocol_message,19,500,500,500,1.0,500,1.0,0,1.0,0.0032967039999931558,151666.6343114329,15,33,5,120,16,41,15,9,15,7,1000,0.0032967039999931558,303333.2686228658
pdrs,protocol_message,19,1000,1000,1000,1.0,1000,1.0,0,1.0,0.0032967039999931558,303333.2686228658,31,33,7,120,32,41,28,9,27,7,1000,0.0032967039999931558,303333.2686228658
quickcheck,action_space,0,100,100,100,1.0,90,0.9,10,1.0,0.000203532,491323.231727689,0,101,10,4,3,6,0,101,0,101,1000,0.000203532,4913232.31727689
quickcheck,action_space,0,500,500,500,1.0,349,0.698,151,1.0,0.000203532,2456616.158638445,0,501,28,4,15,6,2,264,4,210,1000,0.000203532,4913232.31727689
quickcheck,action_space,0,1000,1000,1000,1.0,547,0.547,453,1.0,0.000203532,4913232.31727689,1,641,32,4,20,6,4,264,8,210,1000,0.000203532,4913232.31727689
quickcheck,action_space,1,100,100,100,1.0,93,0.93,7,1.0,0.000191484,522236.8448538781,0,101,10,5,3,26,1,60,1,26,1000,0.000191484,5222368.448538781
quickcheck,action_space,1,500,500,500,1.0,369,0.738,131,1.0,0.000191484,2611184.2242693906,2,105,24,5,15,26,3,60,3,26,1000,0.000191484,5222368.448538781
quickcheck,action_space,1,1000,1000,1000,1.0,577,0.577,423,1.0,0.000191484,5222368.448538781,4,105,30,5,19,26,4,60,6,26,1000,0.000191484,5222368.448538781
quickcheck,action_space,2,100,100,100,1.0,96,0.96,4,1.0,0.000245133,407941.8111800532,1,93,12,5,4,1,0,101,2,7,1000,0.000245133,4079418.1118005323
quickcheck,action_space,2,500,500,500,1.0,363,0.726,137,1.0,0.000245133,2039709.0559002662,2,93,26,5,16,1,4,198,4,7,1000,0.000245133,4079418.1118005323
quickcheck,action_space,2,1000,1000,1000,1.0,565,0.565,435,1.0,0.000245133,4079418.1118005323,3,93,31,5,20,1,5,198,6,7,1000,0.000245133,4079418.1118005323
quickcheck,action_space,3,100,100,100,1.0,92,0.92,8,1.0,0.000192325,519953.20421162096,0,101,6,15,3,16,0,101,2,4,1000,0.000192325,5199532.04211621
quickcheck,action_space,3,500,500,500,1.0,355,0.71,145,1.0,0.000192325,2599766.021058105,5,134,26,15,17,16,2,146,4,4,1000,0.000192325,5199532.04211621
quickcheck,action_space,3,1000,1000,1000,1.0,566,0.566,434,1.0,0.000192325,5199532.04211621,8,134,31,15,21,16,6,146,6,4,1000,0.000192325,5199532.04211621
quickcheck,action_space,4,100,100,100,1.0,90,0.9,10,1.0,0.000192555,519332.138869414,0,101,8,3,3,1,0,101,0,101,1000,0.000192555,5193321.388694139
quickcheck,action_space,4,500,500,500,1.0,345,0.69,155,1.0,0.000192555,2596660.6943470696,2,366,31,3,10,1,1,224,2,357,1000,0.000192555,5193321.388694139
quickcheck,action_space,4,1000,1000,1000,1.0,564,0.564,436,1.0,0.000192555,5193321.388694139,2,366,32,3,19,1,1,224,6,357,1000,0.000192555,5193321.388694139
quickcheck,action_space,5,100,100,100,1.0,95,0.95,5,1.0,0.000190403,525201.8087950294,2,66,7,20,2,21,0,101,1,72,1000,0.000190403,5252018.087950295
quickcheck,action_space,5,500,500,500,1.0,360,0.72,140,1.0,0.000190403,2626009.0439751474,7,66,26,20,13,21,1,115,4,72,1000,0.000190403,5252018.087950295
quickcheck,action_space,5,1000,1000,1000,1.0,572,0.572,428,1.0,0.000190403,5252018.087950295,8,66,31,20,18,21,3,115,7,72,1000,0.000190403,5252018.087950295
quickcheck,action_space,6,100,100,100,1.0,93,0.93,7,1.0,0.000253466,394530.23285174347,0,101,15,3,5,26,0,101,2,19,1000,0.000253466,3945302.3285174347
quickcheck,action_space,6,500,500,500,1.0,364,0.728,136,1.0,0.000253466,1972651.1642587173,3,169,28,3,17,26,3,314,7,19,1000,0.000253466,3945302.3285174347
quickcheck,action_space,6,1000,1000,1000,1.0,573,0.573,427,1.0,0.000253466,3945302.3285174347,5,169,32,3,21,26,4,314,7,19,1000,0.000253466,3945302.3285174347
quickcheck,action_space,7,100,100,100,1.0,89,0.89,11,1.0,0.000188149,531493.6566232082,0,101,8,14,2,36,0,101,2,12,1000,0.000188149,5314936.5662320815
quickcheck,action_space,7,500,500,500,1.0,341,0.682,159,1.0,0.000188149,2657468.2831160408,1,440,26,14,14,36,1,352,3,12,1000,0.000188149,5314936.5662320815
quickcheck,action_space,7,1000,1000,1000,1.0,548,0.548,452,1.0,0.000188149,5314936.5662320815,4,440,32,14,18,36,1,352,6,12,1000,0.000188149,5314936.5662320815
quickcheck,action_space,8,100,100,100,1.0,91,0.91,9,1.0,0.000188059,531748.0152505331,0,101,14,8,4,22,0,101,1,72,1000,0.000188059,5317480.152505331
quickcheck,action_space,8,500,500,500,1.0,331,0.662,169,1.0,0.000188059,2658740.0762526654,2,193,31,8,14,22,2,184,3,72,1000,0.000188059,5317480.152505331
quickcheck,action_space,8,1000,1000,1000,1.0,540,0.54,460,1.0,0.000188059,5317480.152505331,3,193,32,8,17,22,3,184,9,72,1000,0.000188059,5317480.152505331
quickcheck,action_space,9,100,100,100,1.0,94,0.94,6,1.0,0.000198985,502550.4435007664,1,20,11,1,4,2,0,101,0,101,1000,0.000198985,5025504.435007664
quickcheck,action_space,9,500,500,500,1.0,360,0.72,140,1.0,0.000198985,2512752.217503832,3,20,27,1,16,2,1,223,4,352,1000,0.000198985,5025504.435007664
quickcheck,action_space,9,1000,1000,1000,1.0,573,0.573,427,1.0,0.000198985,5025504.435007664,4,20,31,1,21,2,2,223,7,352,1000,0.000198985,5025504.435007664
quickcheck,action_space,10,100,100,100,1.0,91,0.91,9,1.0,0.000236981,421974.7574700081,0,101,3,36,4,14,0,101,1,89,1000,0.000236981,4219747.574700081
quickcheck,action_space,10,500,500,500,1.0,372,0.744,128,1.0,0.000236981,2109873.7873500404,2,414,23,36,17,14,1,254,5,89,1000,0.000236981,4219747.574700081
quickcheck,action_space,10,1000,1000,1000,1.0,592,0.592,408,1.0,0.000236981,4219747.574700081,3,414,32,36,18,14,4,254,7,89,1000,0.000236981,4219747.574700081
quickcheck,action_space,11,100,100,100,1.0,96,0.96,4,1.0,0.000190272,525563.4039690548,1,15,7,1,3,40,1,71,2,27,1000,0.000190272,5255634.039690548
quickcheck,action_space,11,500,500,500,1.0,346,0.692,154,1.0,0.000190272,2627817.019845274,5,15,23,1,15,40,3,71,3,27,1000,0.000190272,5255634.039690548
quickcheck,action_space,11,1000,1000,1000,1.0,574,0.574,426,1.0,0.000190272,5255634.039690548,7,15,30,1,22,40,5,71,7,27,1000,0.000190272,5255634.039690548
quickcheck,action_space,12,100,100,100,1.0,92,0.92,8,1.0,0.000192034,520741.11876021954,1,15,9,14,3,7,1,45,0,101,1000,0.000192034,5207411.187602196
quickcheck,action_space,12,500,500,500,1.0,358,0.716,142,1.0,0.000192034,2603705.593801098,3,15,26,14,10,7,3,45,3,193,1000,0.000192034,5207411.187602196
quickcheck,action_space,12,1000,1000,1000,1.0,586,0.586,414,1.0,0.000192034,5207411.187602196,4,15,30,14,16,7,5,45,6,193,1000,0.000192034,5207411.187602196
quickcheck,action_space,13,100,100,100,1.0,92,0.92,8,1.0,0.000188961,529209.7311085357,1,32,15,12,5,22,1,31,0,101,1000,0.000188961,5292097.311085356
quickcheck,action_space,13,500,500,500,1.0,349,0.698,151,1.0,0.000188961,2646048.655542678,4,32,30,12,13,22,2,31,3,255,1000,0.000188961,5292097.311085356
quickcheck,action_space,13,1000,1000,1000,1.0,558,0.558,442,1.0,0.000188961,5292097.311085356,7,32,32,12,17,22,2,31,5,255,1000,0.000188961,5292097.311085356
quickcheck,action_space,14,100,100,100,1.0,92,0.92,8,1.0,0.00018889,529408.6505373499,0,101,11,6,5,2,0,101,0,101,1000,0.00018889,5294086.505373498
quickcheck,action_space,14,500,500,500,1.0,356,0.712,144,1.0,0.00018889,2647043.252686749,2,123,27,6,11,2,2,118,2,190,1000,0.00018889,5294086.505373498
quickcheck,action_space,14,1000,1000,1000,1.0,563,0.563,437,1.0,0.00018889,5294086.505373498,5,123,31,6,17,2,5,118,4,190,1000,0.00018889,5294086.505373498
quickcheck,action_space,15,100,100,100,1.0,93,0.93,7,1.0,0.000192986,518172.3026540785,1,44,13,9,3,26,0,101,1,77,1000,0.000192986,5181723.026540785
quickcheck,action_space,15,500,500,500,1.0,371,0.742,129,1.0,0.000192986,2590861.5132703925,4,44,29,9,17,26,2,279,4,77,1000,0.000192986,5181723.026540785
quickcheck,action_space,15,1000,1000,1000,1.0,595,0.595,405,1.0,0.000192986,5181723.026540785,6,44,32,9,22,26,5,279,5,77,1000,0.000192986,5181723.026540785
quickcheck,action_space,16,100,100,100,1.0,92,0.92,8,1.0,0.000190733,524293.1217985351,0,101,10,6,4,2,0,101,0,101,1000,0.000190733,5242931.217985352
quickcheck,action_space,16,500,500,500,1.0,353,0.706,147,1.0,0.000190733,2621465.608992676,1,420,28,6,10,2,0,501,4,222,1000,0.000190733,5242931.217985352
quickcheck,action_space,16,1000,1000,1000,1.0,576,0.576,424,1.0,0.000190733,5242931.217985352,3,420,31,6,18,2,4,592,5,222,1000,0.000190733,5242931.217985352
quickcheck,action_space,17,100,100,100,1.0,89,0.89,11,1.0,0.000201649,495911.2120565934,1,17,5,51,3,6,1,41,2,49,1000,0.000201649,4959112.120565934
quickcheck,action_space,17,500,500,500,1.0,353,0.706,147,1.0,0.000201649,2479556.060282967,5,17,25,51,14,6,1,41,6,49,1000,0.000201649,4959112.120565934
quickcheck,action_space,17,1000,1000,1000,1.0,551,0.551,449,1.0,0.000201649,4959112.120565934,8,17,31,51,21,6,4,41,11,49,1000,0.000201649,4959112.120565934
quickcheck,action_space,18,100,100,100,1.0,93,0.93,7,1.0,0.00018924,528429.507503699,0,101,9,14,6,1,0,101,1,44,1000,0.00018924,5284295.07503699
quickcheck,action_space,18,500,500,500,1.0,357,0.714,143,1.0,0.00018924,2642147.537518495,1,479,31,14,15,1,2,117,5,44,1000,0.00018924,5284295.07503699
quickcheck,action_space,18,1000,1000,1000,1.0,561,0.561,439,1.0,0.00018924,5284295.07503699,3,479,31,14,21,1,6,117,9,44,1000,0.00018924,5284295.07503699
quickcheck,action_space,19,100,100,100,1.0,93,0.93,7,1.0,0.00018877,529745.1925623775,3,5,10,1,3,25,0,101,3,36,1000,0.00018877,5297451.925623775
quickcheck,action_space,19,500,500,500,1.0,341,0.682,159,1.0,0.00018877,2648725.9628118877,4,5,24,1,9,25,4,226,6,36,1000,0.00018877,5297451.925623775
quickcheck,action_space,19,1000,1000,1000,1.0,555,0.555,445,1.0,0.00018877,5297451.925623775,6,5,30,1,19,25,7,226,10,36,1000,0.00018877,5297451.925623775
quickcheck,balanced_product,0,100,100,100,1.0,98,0.98,2,1.0,0.000236711,422456.0751295884,1,49,1,87,0,101,2,19,1,76,1000,0.000236711,4224560.751295884
quickcheck,balanced_product,0,500,500,500,1.0,441,0.882,59,1.0,0.000236711,2112280.375647942,6,49,9,87,7,166,11,19,8,76,1000,0.000236711,4224560.751295884
quickcheck,balanced_product,0,1000,1000,1000,1.0,789,0.789,211,1.0,0.000236711,4224560.751295884,12,49,12,87,10,166,14,19,12,76,1000,0.000236711,4224560.751295884
quickcheck,balanced_product,1,100,100,100,1.0,95,0.95,5,1.0,0.000205384,486892.8446227554,4,9,1,50,0,101,2,68,3,60,1000,0.000205384,4868928.446227554
quickcheck,balanced_product,1,500,500,500,1.0,439,0.878,61,1.0,0.000205384,2434464.223113777,11,9,5,50,7,102,5,68,7,60,1000,0.000205384,4868928.446227554
quickcheck,balanced_product,1,1000,1000,1000,1.0,782,0.782,218,1.0,0.000205384,4868928.446227554,15,9,12,50,15,102,9,68,13,60,1000,0.000205384,4868928.446227554
quickcheck,balanced_product,2,100,100,100,1.0,98,0.98,2,1.0,0.000202951,492729.77221102634,3,62,2,81,3,19,2,65,0,101,1000,0.000202951,4927297.722110263
quickcheck,balanced_product,2,500,500,500,1.0,445,0.89,55,1.0,0.000202951,2463648.8610551315,9,62,8,81,9,19,5,65,6,112,1000,0.000202951,4927297.722110263
quickcheck,balanced_product,2,1000,1000,1000,1.0,792,0.792,208,1.0,0.000202951,4927297.722110263,13,62,11,81,12,19,10,65,12,112,1000,0.000202951,4927297.722110263
quickcheck,balanced_product,3,100,100,100,1.0,99,0.99,1,1.0,0.000212976,469536.4735932687,2,5,1,67,1,87,0,101,2,47,1000,0.000212976,4695364.735932687
quickcheck,balanced_product,3,500,500,500,1.0,454,0.908,46,1.0,0.000212976,2347682.3679663436,7,5,4,67,5,87,5,108,7,47,1000,0.000212976,4695364.735932687
quickcheck,balanced_product,3,1000,1000,1000,1.0,805,0.805,195,1.0,0.000212976,4695364.735932687,10,5,11,67,13,87,10,108,10,47,1000,0.000212976,4695364.735932687
quickcheck,balanced_product,4,100,100,100,1.0,98,0.98,2,1.0,0.000200517,498710.8324979927,0,101,4,19,2,19,1,53,0,101,1000,0.000200517,4987108.324979927
quickcheck,balanced_product,4,500,500,500,1.0,440,0.88,60,1.0,0.000200517,2493554.1624899637,6,148,7,19,5,19,6,53,2,340,1000,0.000200517,4987108.324979927
quickcheck,balanced_product,4,1000,1000,1000,1.0,784,0.784,216,1.0,0.000200517,4987108.324979927,15,148,11,19,10,19,13,53,9,340,1000,0.000200517,4987108.324979927
quickcheck,balanced_product,5,100,100,100,1.0,97,0.97,3,1.0,0.000201629,495960.4025214627,2,24,0,101,1,94,0,101,2,18,1000,0.000201629,4959604.025214627
quickcheck,balanced_product,5,500,500,500,1.0,444,0.888,56,1.0,0.000201629,2479802.0126073137,7,24,4,173,6,94,7,174,11,18,1000,0.000201629,4959604.025214627
quickcheck,balanced_product,5,1000,1000,1000,1.0,789,0.789,211,1.0,0.000201629,4959604.025214627,11,24,9,173,9,94,11,174,13,18,1000,0.000201629,4959604.025214627
quickcheck,balanced_product,6,100,100,100,1.0,94,0.94,6,1.0,0.000211884,471956.3534764305,0,101,2,14,3,14,2,19,5,38,1000,0.000211884,4719563.534764305
quickcheck,balanced_product,6,500,500,500,1.0,438,0.876,62,1.0,0.000211884,2359781.7673821524,3,245,7,14,10,14,7,19,13,38,1000,0.000211884,4719563.534764305
quickcheck,balanced_product,6,1000,1000,1000,1.0,773,0.773,227,1.0,0.000211884,4719563.534764305,11,245,15,14,14,14,13,19,19,38,1000,0.000211884,4719563.534764305
quickcheck,balanced_product,7,100,100,100,1.0,98,0.98,2,1.0,0.000200007,499982.5006124785,2,6,1,2,2,54,3,32,1,99,1000,0.000200007,4999825.006124785
quickcheck,balanced_product,7,500,500,500,1.0,442,0.884,58,1.0,0.000200007,2499912.5030623926,8,6,6,2,7,54,6,32,4,99,1000,0.000200007,4999825.006124785
quickcheck,balanced_product,7,1000,1000,1000,1.0,806,0.806,194,1.0,0.000200007,4999825.006124785,15,6,9,2,11,54,12,32,9,99,1000,0.000200007,4999825.006124785
quickcheck,balanced_product,8,100,100,100,1.0,96,0.96,4,1.0,0.000242289,412730.2518892727,5,9,1,85,2,48,1,35,1,76,1000,0.000242289,4127302.5188927273
quickcheck,balanced_product,8,500,500,500,1.0,445,0.89,55,1.0,0.000242289,2063651.2594463637,10,9,4,85,7,48,8,35,7,76,1000,0.000242289,4127302.5188927273
quickcheck,balanced_product,8,1000,1000,1000,1.0,782,0.782,218,1.0,0.000242289,4127302.5188927273,12,9,9,85,10,48,15,35,14,76,1000,0.000242289,4127302.5188927273
quickcheck,balanced_product,9,100,100,100,1.0,96,0.96,4,1.0,0.000199415,501466.7903618083,1,46,2,31,1,33,1,51,2,30,1000,0.000199415,5014667.903618083
quickcheck,balanced_product,9,500,500,500,1.0,445,0.89,55,1.0,0.000199415,2507333.9518090417,6,46,9,31,6,33,7,51,7,30,1000,0.000199415,5014667.903618083
quickcheck,balanced_product,9,1000,1000,1000,1.0,795,0.795,205,1.0,0.000199415,5014667.903618083,10,46,10,31,11,33,11,51,13,30,1000,0.000199415,5014667.903618083
quickcheck,balanced_product,10,100,100,100,1.0,99,0.99,1,1.0,0.000198534,503692.0628204741,3,11,0,101,2,19,5,32,2,40,1000,0.000198534,5036920.628204741
quickcheck,balanced_product,10,500,500,500,1.0,442,0.884,58,1.0,0.000198534,2518460.3141023703,8,11,6,182,8,19,12,32,6,40,1000,0.000198534,5036920.628204741
quickcheck,balanced_product,10,1000,1000,1000,1.0,794,0.794,206,1.0,0.000198534,5036920.628204741,14,11,7,182,12,19,18,32,11,40,1000,0.000198534,5036920.628204741
quickcheck,balanced_product,11,100,100,100,1.0,98,0.98,2,1.0,0.000205835,485826.02570019674,1,50,4,7,2,7,0,101,1,9,1000,0.000205835,4858260.257001968
quickcheck,balanced_product,11,500,500,500,1.0,437,0.874,63,1.0,0.000205835,2429130.128500984,6,50,7,7,6,7,3,246,6,9,1000,0.000205835,4858260.257001968
quickcheck,balanced_product,11,1000,1000,1000,1.0,784,0.784,216,1.0,0.000205835,4858260.257001968,13,50,14,7,17,7,8,246,12,9,1000,0.000205835,4858260.257001968
quickcheck,balanced_product,12,100,100,100,1.0,100,1.0,0,1.0,0.00024235,412626.3668248401,2,34,0,101,1,64,2,86,1,33,1000,0.00024235,4126263.668248401
quickcheck,balanced_product,12,500,500,500,1.0,430,0.86,70,1.0,0.00024235,2063131.8341242005,3,34,7,152,9,64,8,86,4,33,1000,0.00024235,4126263.668248401
quickcheck,balanced_product,12,1000,1000,1000,1.0,777,0.777,223,1.0,0.00024235,4126263.668248401,10,34,11,152,16,64,13,86,11,33,1000,0.00024235,4126263.668248401
quickcheck,balanced_product,13,100,100,100,1.0,97,0.97,3,1.0,0.000197794,505576.5088930908,1,41,0,101,1,56,1,10,4,34,1000,0.000197794,5055765.088930908
quickcheck,balanced_product,13,500,500,500,1.0,441,0.882,59,1.0,0.000197794,2527882.544465454,8,41,6,163,6,56,3,10,10,34,1000,0.000197794,5055765.088930908
quickcheck,balanced_product,13,1000,1000,1000,1.0,791,0.791,209,1.0,0.000197794,5055765.088930908,14,41,12,163,11,56,8,10,16,34,1000,0.000197794,5055765.088930908
quickcheck,balanced_product,14,100,100,100,1.0,98,0.98,2,1.0,0.000208429,479779.6851685706,1,44,0,101,1,95,2,34,3,55,1000,0.000208429,4797796.8516857065
quickcheck,balanced_product,14,500,500,500,1.0,450,0.9,50,1.0,0.000208429,2398898.4258428533,7,44,5,121,4,95,14,34,13,55,1000,0.000208429,4797796.8516857065
quickcheck,balanced_product,14,1000,1000,1000,1.0,799,0.799,201,1.0,0.000208429,4797796.8516857065,12,44,11,121,12,95,19,34,14,55,1000,0.000208429,4797796.8516857065
quickcheck,balanced_product,15,100,100,100,1.0,99,0.99,1,1.0,0.000207598,481700.20905789075,3,27,1,77,3,11,2,14,0,101,1000,0.000207598,4817002.090578907
quickcheck,balanced_product,15,500,500,500,1.0,453,0.906,47,1.0,0.000207598,2408501.0452894536,10,27,10,77,8,11,9,14,8,118,1000,0.000207598,4817002.090578907
quickcheck,balanced_product,15,1000,1000,1000,1.0,791,0.791,209,1.0,0.000207598,4817002.090578907,13,27,16,77,15,11,11,14,10,118,1000,0.000207598,4817002.090578907
quickcheck,balanced_product,16,100,100,100,1.0,98,0.98,2,1.0,0.000245374,407541.141278212,1,62,2,78,1,78,2,10,3,5,1000,0.000245374,4075411.41278212
quickcheck,balanced_product,16,500,500,500,1.0,446,0.892,54,1.0,0.000245374,2037705.70639106,5,62,11,78,9,78,8,10,7,5,1000,0.000245374,4075411.41278212
quickcheck,balanced_product,16,1000,1000,1000,1.0,812,0.812,188,1.0,0.000245374,4075411.41278212,14,62,21,78,14,78,15,10,15,5,1000,0.000245374,4075411.41278212
quickcheck,balanced_product,17,100,100,100,1.0,95,0.95,5,1.0,0.000197182,507145.68266880343,3,68,1,60,3,1,1,33,1,2,1000,0.000197182,5071456.826688034
quickcheck,balanced_product,17,500,500,500,1.0,442,0.884,58,1.0,0.000197182,2535728.413344017,7,68,9,60,12,1,5,33,6,2,1000,0.000197182,5071456.826688034
quickcheck,balanced_product,17,1000,1000,1000,1.0,792,0.792,208,1.0,0.000197182,5071456.826688034,12,68,13,60,15,1,9,33,13,2,1000,0.000197182,5071456.826688034
quickcheck,balanced_product,18,100,100,100,1.0,95,0.95,5,1.0,0.000197022,507557.53164621204,1,97,0,101,2,44,2,49,2,78,1000,0.000197022,5075575.316462121
quickcheck,balanced_product,18,500,500,500,1.0,440,0.88,60,1.0,0.000197022,2537787.6582310605,8,97,7,104,9,44,6,49,4,78,1000,0.000197022,5075575.316462121
quickcheck,balanced_product,18,1000,1000,1000,1.0,781,0.781,219,1.0,0.000197022,5075575.316462121,12,97,14,104,13,44,12,49,13,78,1000,0.000197022,5075575.316462121
quickcheck,balanced_product,19,100,100,100,1.0,94,0.94,6,1.0,0.000197763,505655.7596719306,2,1,1,3,3,3,2,23,2,51,1000,0.000197763,5056557.596719306
quickcheck,balanced_product,19,500,500,500,1.0,445,0.89,55,1.0,0.000197763,2528278.798359653,8,1,4,3,8,3,8,23,7,51,1000,0.000197763,5056557.596719306
quickcheck,balanced_product,19,1000,1000,1000,1.0,794,0.794,206,1.0,0.000197763,5056557.596719306,9,1,6,3,11,3,13,23,11,51,1000,0.000197763,5056557.596719306
quickcheck,dependent_record,0,100,100,100,1.0,85,0.85,15,1.0,0.000307065,325663.94737270614,0,101,15,4,1,6,0,101,0,101,1000,0.000307065,3256639.4737270614
quickcheck,dependent_record,0,500,500,500,1.0,343,0.686,157,1.0,0.000307065,1628319.7368635307,1,119,16,4,18,6,0,501,3,210,1000,0.000307065,3256639.4737270614
quickcheck,dependent_record,0,1000,1000,1000,1.0,593,0.593,407,1.0,0.000307065,3256639.4737270614,3,119,16,4,21,6,2,902,7,210,1000,0.000307065,3256639.4737270614
quickcheck,dependent_record,1,100,100,100,1.0,89,0.89,11,1.0,0.000232625,429876.41053197207,0,101,11,5,4,1,1,35,1,26,1000,0.000232625,4298764.105319721
quickcheck,dependent_record,1,500,500,500,1.0,350,0.7,150,1.0,0.000232625,2149382.0526598603,1,178,16,5,14,1,1,35,3,26,1000,0.000232625,4298764.105319721
quickcheck,dependent_record,1,1000,1000,1000,1.0,615,0.615,385,1.0,0.000232625,4298764.105319721,4,178,16,5,19,1,1,35,6,26,1000,0.000232625,4298764.105319721
quickcheck,dependent_record,2,100,100,100,1.0,84,0.84,16,1.0,0.000230191,434421.84968135157,0,101,11,2,4,65,0,101,0,101,1000,0.000230191,4344218.496813515
quickcheck,dependent_record,2,500,500,500,1.0,350,0.7,150,1.0,0.000230191,2172109.2484067576,3,215,16,2,15,65,1,493,3,113,1000,0.000230191,4344218.496813515
quickcheck,dependent_record,2,1000,1000,1000,1.0,618,0.618,382,1.0,0.000230191,4344218.496813515,6,215,16,2,20,65,2,493,7,113,1000,0.000230191,4344218.496813515
quickcheck,dependent_record,3,100,100,100,1.0,88,0.88,12,1.0,0.000232595,429931.85580085556,1,89,13,1,6,13,1,74,0,101,1000,0.000232595,4299318.558008556
quickcheck,dependent_record,3,500,500,500,1.0,346,0.692,154,1.0,0.000232595,2149659.279004278,1,89,16,1,12,13,2,74,4,154,1000,0.000232595,4299318.558008556
quickcheck,dependent_record,3,1000,1000,1000,1.0,617,0.617,383,1.0,0.000232595,4299318.558008556,3,89,16,1,19,13,2,74,6,154,1000,0.000232595,4299318.558008556
quickcheck,dependent_record,4,100,100,100,1.0,87,0.87,13,1.0,0.000283881,352260.27807426354,0,101,12,3,2,2,0,101,0,101,1000,0.000283881,3522602.7807426355
quickcheck,dependent_record,4,500,500,500,1.0,334,0.668,166,1.0,0.000283881,1761301.3903713177,4,103,16,3,12,2,0,501,4,244,1000,0.000283881,3522602.7807426355
quickcheck,dependent_record,4,1000,1000,1000,1.0,610,0.61,390,1.0,0.000283881,3522602.7807426355,6,103,16,3,23,2,1,964,5,244,1000,0.000283881,3522602.7807426355
quickcheck,dependent_record,5,100,100,100,1.0,89,0.89,11,1.0,0.000243772,410219.385327273,0,101,12,6,2,21,0,101,1,72,1000,0.000243772,4102193.85327273
quickcheck,dependent_record,5,500,500,500,1.0,348,0.696,152,1.0,0.000243772,2051096.926636365,2,330,16,6,10,21,0,501,3,72,1000,0.000243772,4102193.85327273
quickcheck,dependent_record,5,1000,1000,1000,1.0,616,0.616,384,1.0,0.000243772,4102193.85327273,4,330,16,6,19,21,1,932,6,72,1000,0.000243772,4102193.85327273
quickcheck,dependent_record,6,100,100,100,1.0,81,0.81,19,1.0,0.000231633,431717.41504880565,0,101,14,3,2,26,0,101,2,43,1000,0.000231633,4317174.150488056
quickcheck,dependent_record,6,500,500,500,1.0,345,0.69,155,1.0,0.000231633,2158587.075244028,4,233,16,3,16,26,1,467,7,43,1000,0.000231633,4317174.150488056
quickcheck,dependent_record,6,1000,1000,1000,1.0,608,0.608,392,1.0,0.000231633,4317174.150488056,6,233,16,3,22,26,3,467,7,43,1000,0.000231633,4317174.150488056
quickcheck,dependent_record,7,100,100,100,1.0,82,0.82,18,1.0,0.000225645,443174.01227592013,0,101,13,1,2,26,0,101,2,26,1000,0.000225645,4431740.122759202
quickcheck,dependent_record,7,500,500,500,1.0,324,0.648,176,1.0,0.000225645,2215870.061379601,4,127,16,1,12,26,0,501,3,26,1000,0.000225645,4431740.122759202
quickcheck,dependent_record,7,1000,1000,1000,1.0,589,0.589,411,1.0,0.000225645,4431740.122759202,6,127,16,1,19,26,1,991,6,26,1000,0.000225645,4431740.122759202
quickcheck,dependent_record,8,100,100,100,1.0,81,0.81,19,1.0,0.000267637,373640.41593651107,0,101,12,1,4,29,0,101,1,72,1000,0.000267637,3736404.1593651106
quickcheck,dependent_record,8,500,500,500,1.0,312,0.624,188,1.0,0.000267637,1868202.0796825553,1,495,16,1,16,29,0,501,2,72,1000,0.000267637,3736404.1593651106
quickcheck,dependent_record,8,1000,1000,1000,1.0,564,0.564,436,1.0,0.000267637,3736404.1593651106,2,495,16,1,19,29,1,705,9,72,1000,0.000267637,3736404.1593651106
quickcheck,dependent_record,9,100,100,100,1.0,87,0.87,13,1.0,0.000228749,437160.3810289881,0,101,12,1,7,2,0,101,0,101,1000,0.000228749,4371603.810289881
quickcheck,dependent_record,9,500,500,500,1.0,339,0.678,161,1.0,0.000228749,2185801.9051449406,0,501,16,1,17,2,0,501,3,263,1000,0.000228749,4371603.810289881
quickcheck,dependent_record,9,1000,1000,1000,1.0,601,0.601,399,1.0,0.000228749,4371603.810289881,1,731,16,1,23,2,0,1001,7,263,1000,0.000228749,4371603.810289881
quickcheck,dependent_record,10,100,100,100,1.0,89,0.89,11,1.0,0.000244452,409078.26485363184,0,101,10,4,5,14,0,101,1,2,1000,0.000244452,4090782.6485363184
quickcheck,dependent_record,10,500,500,500,1.0,359,0.718,141,1.0,0.000244452,2045391.3242681592,1,107,16,4,17,14,1,400,4,2,1000,0.000244452,4090782.6485363184
quickcheck,dependent_record,10,1000,1000,1000,1.0,637,0.637,363,1.0,0.000244452,4090782.6485363184,3,107,16,4,21,14,2,400,8,2,1000,0.000244452,4090782.6485363184
quickcheck,dependent_record,11,100,100,100,1.0,93,0.93,7,1.0,0.000228308,438004.8005326138,0,101,11,1,3,67,0,101,2,27,1000,0.000228308,4380048.005326138
quickcheck,dependent_record,11,500,500,500,1.0,334,0.668,166,1.0,0.000228308,2190024.002663069,2,149,16,1,12,67,1,252,4,27,1000,0.000228308,4380048.005326138
quickcheck,dependent_record,11,1000,1000,1000,1.0,610,0.61,390,1.0,0.000228308,4380048.005326138,4,149,16,1,20,67,1,252,6,27,1000,0.000228308,4380048.005326138
quickcheck,dependent_record,12,100,100,100,1.0,86,0.86,14,1.0,0.000238173,419862.87278574816,0,101,13,3,3,28,0,101,0,101,1000,0.000238173,4198628.727857482
quickcheck,dependent_record,12,500,500,500,1.0,351,0.702,149,1.0,0.000238173,2099314.363928741,1,285,16,3,12,28,0,501,4,193,1000,0.000238173,4198628.727857482
quickcheck,dependent_record,12,1000,1000,1000,1.0,626,0.626,374,1.0,0.000238173,4198628.727857482,3,285,16,3,21,28,1,754,5,193,1000,0.000238173,4198628.727857482
quickcheck,dependent_record,13,100,100,100,1.0,81,0.81,19,1.0,0.000227327,439894.9530852033,0,101,14,12,6,22,1,80,0,101,1000,0.000227327,4398949.530852033
quickcheck,dependent_record,13,500,500,500,1.0,334,0.668,166,1.0,0.000227327,2199474.7654260164,1,440,16,12,13,22,2,80,3,255,1000,0.000227327,4398949.530852033
quickcheck,dependent_record,13,1000,1000,1000,1.0,602,0.602,398,1.0,0.000227327,4398949.530852033,5,440,16,12,20,22,3,80,5,255,1000,0.000227327,4398949.530852033
quickcheck,dependent_record,14,100,100,100,1.0,81,0.81,19,1.0,0.000221138,452206.3146089772,0,101,12,6,6,2,1,25,0,101,1000,0.000221138,4522063.146089772
quickcheck,dependent_record,14,500,500,500,1.0,334,0.668,166,1.0,0.000221138,2261031.573044886,0,501,16,6,13,2,2,25,2,120,1000,0.000221138,4522063.146089772
quickcheck,dependent_record,14,1000,1000,1000,1.0,585,0.585,415,1.0,0.000221138,4522063.146089772,2,721,16,6,21,2,3,25,4,120,1000,0.000221138,4522063.146089772
quickcheck,dependent_record,15,100,100,100,1.0,86,0.86,14,1.0,0.000243441,410777.14928873937,0,101,13,5,5,27,0,101,1,77,1000,0.000243441,4107771.4928873936
quickcheck,dependent_record,15,500,500,500,1.0,350,0.7,150,1.0,0.000243441,2053885.7464436968,2,264,16,5,16,27,0,501,6,77,1000,0.000243441,4107771.4928873936
quickcheck,dependent_record,15,1000,1000,1000,1.0,626,0.626,374,1.0,0.000243441,4107771.4928873936,4,264,16,5,23,27,2,762,6,77,1000,0.000243441,4107771.4928873936
quickcheck,dependent_record,16,100,100,100,1.0,85,0.85,15,1.0,0.000224663,445111.1219916052,0,101,11,6,6,2,0,101,1,27,1000,0.000224663,4451111.219916052
quickcheck,dependent_record,16,500,500,500,1.0,335,0.67,165,1.0,0.000224663,2225555.609958026,2,130,16,6,10,2,0,501,3,27,1000,0.000224663,4451111.219916052
quickcheck,dependent_record,16,1000,1000,1000,1.0,604,0.604,396,1.0,0.000224663,4451111.219916052,4,130,16,6,18,2,4,600,5,27,1000,0.000224663,4451111.219916052
quickcheck,dependent_record,17,100,100,100,1.0,87,0.87,13,1.0,0.000228999,436683.1296206534,0,101,12,5,5,6,0,101,2,49,1000,0.000228999,4366831.296206534
quickcheck,dependent_record,17,500,500,500,1.0,352,0.704,148,1.0,0.000228999,2183415.648103267,0,501,16,5,18,6,2,142,6,49,1000,0.000228999,4366831.296206534
quickcheck,dependent_record,17,1000,1000,1000,1.0,598,0.598,402,1.0,0.000228999,4366831.296206534,0,1001,16,5,20,6,2,142,11,49,1000,0.000228999,4366831.296206534
quickcheck,dependent_record,18,100,100,100,1.0,83,0.83,17,1.0,0.000223852,446723.7281775459,0,101,12,8,5,21,0,101,1,44,1000,0.000223852,4467237.281775459
quickcheck,dependent_record,18,500,500,500,1.0,337,0.674,163,1.0,0.000223852,2233618.6408877294,4,249,16,8,15,21,1,194,5,44,1000,0.000223852,4467237.281775459
quickcheck,dependent_record,18,1000,1000,1000,1.0,591,0.591,409,1.0,0.000223852,4467237.281775459,5,249,16,8,20,21,1,194,9,44,1000,0.000223852,4467237.281775459
quickcheck,dependent_record,19,100,100,100,1.0,92,0.92,8,1.0,0.000230461,433912.89632519166,1,18,14,1,5,12,0,101,4,29,1000,0.000230461,4339128.963251917
quickcheck,dependent_record,19,500,500,500,1.0,340,0.68,160,1.0,0.000230461,2169564.4816259583,3,18,16,1,15,12,1,284,7,29,1000,0.000230461,4339128.963251917
quickcheck,dependent_record,19,1000,1000,1000,1.0,613,0.613,387,1.0,0.000230461,4339128.963251917,5,18,16,1,21,12,3,284,10,29,1000,0.000230461,4339128.963251917
quickcheck,imbalanced_choice,0,100,100,100,1.0,68,0.68,32,1.0,0.000355397,281375.47587627353,1,9,2,6,15,3,0,101,2,6,1000,0.000355397,2813754.7587627354
quickcheck,imbalanced_choice,0,500,500,500,1.0,236,0.472,264,1.0,0.000355397,1406877.3793813677,3,9,2,6,18,3,3,212,6,6,1000,0.000355397,2813754.7587627354
quickcheck,imbalanced_choice,0,1000,1000,1000,1.0,422,0.422,578,1.0,0.000355397,2813754.7587627354,5,9,2,6,24,3,4,212,9,6,1000,0.000355397,2813754.7587627354
quickcheck,imbalanced_choice,1,100,100,100,1.0,55,0.55,45,1.0,0.00017544,569995.4400364797,1,2,2,1,14,1,0,101,1,4,1000,0.00017544,5699954.400364798
quickcheck,imbalanced_choice,1,500,500,500,1.0,227,0.454,273,1.0,0.00017544,2849977.200182399,2,2,2,1,18,1,2,231,5,4,1000,0.00017544,5699954.400364798
quickcheck,imbalanced_choice,1,1000,1000,1000,1.0,400,0.4,600,1.0,0.00017544,5699954.400364798,5,2,2,1,22,1,4,231,7,4,1000,0.00017544,5699954.400364798
quickcheck,imbalanced_choice,2,100,100,100,1.0,65,0.65,35,1.0,0.000187468,533424.3710926665,2,47,2,1,8,1,0,101,1,1,1000,0.000187468,5334243.710926665
quickcheck,imbalanced_choice,2,500,500,500,1.0,231,0.462,269,1.0,0.000187468,2667121.8554633325,2,47,2,1,17,1,1,176,3,1,1000,0.000187468,5334243.710926665
quickcheck,imbalanced_choice,2,1000,1000,1000,1.0,414,0.414,586,1.0,0.000187468,5334243.710926665,3,47,2,1,18,1,5,176,7,1,1000,0.000187468,5334243.710926665
quickcheck,imbalanced_choice,3,100,100,100,1.0,65,0.65,35,1.0,0.000172896,578382.3801591708,2,29,2,4,10,4,1,56,3,4,1000,0.000172896,5783823.801591708
quickcheck,imbalanced_choice,3,500,500,500,1.0,237,0.474,263,1.0,0.000172896,2891911.900795854,3,29,2,4,20,4,1,56,4,4,1000,0.000172896,5783823.801591708
quickcheck,imbalanced_choice,3,1000,1000,1000,1.0,401,0.401,599,1.0,0.000172896,5783823.801591708,4,29,2,4,22,4,4,56,6,4,1000,0.000172896,5783823.801591708
quickcheck,imbalanced_choice,4,100,100,100,1.0,63,0.63,37,1.0,0.000172265,580500.9723391286,2,20,2,1,12,1,2,7,1,8,1000,0.000172265,5805009.723391286
quickcheck,imbalanced_choice,4,500,500,500,1.0,237,0.474,263,1.0,0.000172265,2902504.861695643,3,20,2,1,17,1,5,7,4,8,1000,0.000172265,5805009.723391286
quickcheck,imbalanced_choice,4,1000,1000,1000,1.0,408,0.408,592,1.0,0.000172265,5805009.723391286,6,20,2,1,23,1,7,7,7,8,1000,0.000172265,5805009.723391286
quickcheck,imbalanced_choice,5,100,100,100,1.0,60,0.6,40,1.0,0.00023633,423137.13874666777,1,41,2,7,10,1,0,101,1,7,1000,0.00023633,4231371.387466677
quickcheck,imbalanced_choice,5,500,500,500,1.0,238,0.476,262,1.0,0.00023633,2115685.6937333387,2,41,2,7,18,1,3,247,5,7,1000,0.00023633,4231371.387466677
quickcheck,imbalanced_choice,5,1000,1000,1000,1.0,412,0.412,588,1.0,0.00023633,4231371.387466677,4,41,2,7,21,1,5,247,9,7,1000,0.00023633,4231371.387466677
quickcheck,imbalanced_choice,6,100,100,100,1.0,70,0.7,30,1.0,0.000171915,581682.8083645988,2,36,2,1,11,1,0,101,1,1,1000,0.000171915,5816828.083645988
quickcheck,imbalanced_choice,6,500,500,500,1.0,227,0.454,273,1.0,0.000171915,2908414.041822994,4,36,2,1,19,1,3,164,4,1,1000,0.000171915,5816828.083645988
quickcheck,imbalanced_choice,6,1000,1000,1000,1.0,396,0.396,604,1.0,0.000171915,5816828.083645988,5,36,2,1,24,1,5,164,6,1,1000,0.000171915,5816828.083645988
quickcheck,imbalanced_choice,7,100,100,100,1.0,63,0.63,37,1.0,0.000177142,564518.8605751318,1,74,2,3,11,3,1,100,3,3,1000,0.000177142,5645188.605751318
quickcheck,imbalanced_choice,7,500,500,500,1.0,252,0.504,248,1.0,0.000177142,2822594.302875659,4,74,2,3,21,3,3,100,5,3,1000,0.000177142,5645188.605751318
quickcheck,imbalanced_choice,7,1000,1000,1000,1.0,434,0.434,566,1.0,0.000177142,5645188.605751318,5,74,2,3,27,3,5,100,10,3,1000,0.000177142,5645188.605751318
quickcheck,imbalanced_choice,8,100,100,100,1.0,67,0.67,33,1.0,0.00018919,528569.1632750145,2,43,2,2,9,2,0,101,2,2,1000,0.00018919,5285691.632750145
quickcheck,imbalanced_choice,8,500,500,500,1.0,265,0.53,235,1.0,0.00018919,2642845.8163750726,4,43,2,2,18,2,0,501,4,2,1000,0.00018919,5285691.632750145
quickcheck,imbalanced_choice,8,1000,1000,1000,1.0,451,0.451,549,1.0,0.00018919,5285691.632750145,5,43,2,2,24,2,0,1001,6,2,1000,0.00018919,5285691.632750145
quickcheck,imbalanced_choice,9,100,100,100,1.0,57,0.57,43,1.0,0.000174088,574422.1313358761,1,16,2,2,10,2,0,101,1,2,1000,0.000174088,5744221.313358761
quickcheck,imbalanced_choice,9,500,500,500,1.0,247,0.494,253,1.0,0.000174088,2872110.6566793807,2,16,2,2,20,2,3,193,4,2,1000,0.000174088,5744221.313358761
quickcheck,imbalanced_choice,9,1000,1000,1000,1.0,419,0.419,581,1.0,0.000174088,5744221.313358761,3,16,2,2,23,2,4,193,7,2,1000,0.000174088,5744221.313358761
quickcheck,imbalanced_choice,10,100,100,100,1.0,57,0.57,43,1.0,0.000218795,457048.83566809114,1,19,2,2,16,2,0,101,4,6,1000,0.000218795,4570488.356680911
quickcheck,imbalanced_choice,10,500,500,500,1.0,223,0.446,277,1.0,0.000218795,2285244.1783404555,4,19,2,2,21,2,0,501,5,6,1000,0.000218795,4570488.356680911
quickcheck,imbalanced_choice,10,1000,1000,1000,1.0,382,0.382,618,1.0,0.000218795,4570488.356680911,7,19,2,2,24,2,2,784,5,6,1000,0.000218795,4570488.356680911
quickcheck,imbalanced_choice,11,100,100,100,1.0,59,0.59,41,1.0,0.000185475,539156.2205148942,2,38,2,11,12,2,0,101,2,11,1000,0.000185475,5391562.205148942
quickcheck,imbalanced_choice,11,500,500,500,1.0,237,0.474,263,1.0,0.000185475,2695781.102574471,3,38,2,11,19,2,1,462,7,11,1000,0.000185475,5391562.205148942
quickcheck,imbalanced_choice,11,1000,1000,1000,1.0,402,0.402,598,1.0,0.000185475,5391562.205148942,4,38,2,11,24,2,2,462,10,11,1000,0.000185475,5391562.205148942
quickcheck,imbalanced_choice,12,100,100,100,1.0,69,0.69,31,1.0,0.000174299,573726.7568947613,1,95,2,2,16,1,0,101,2,7,1000,0.000174299,5737267.568947613
quickcheck,imbalanced_choice,12,500,500,500,1.0,232,0.464,268,1.0,0.000174299,2868633.7844738066,2,95,2,2,22,1,0,501,3,7,1000,0.000174299,5737267.568947613
quickcheck,imbalanced_choice,12,1000,1000,1000,1.0,403,0.403,597,1.0,0.000174299,5737267.568947613,6,95,2,2,27,1,3,519,6,7,1000,0.000174299,5737267.568947613
quickcheck,imbalanced_choice,13,100,100,100,1.0,65,0.65,35,1.0,0.000175109,571072.8746095289,1,40,2,1,12,1,0,101,2,1,1000,0.000175109,5710728.746095289
quickcheck,imbalanced_choice,13,500,500,500,1.0,245,0.49,255,1.0,0.000175109,2855364.3730476443,5,40,2,1,19,1,1,279,4,1,1000,0.000175109,5710728.746095289
quickcheck,imbalanced_choice,13,1000,1000,1000,1.0,420,0.42,580,1.0,0.000175109,5710728.746095289,6,40,2,1,23,1,3,279,7,1,1000,0.000175109,5710728.746095289
quickcheck,imbalanced_choice,14,100,100,100,1.0,67,0.67,33,1.0,0.000186436,536377.0945525542,1,51,2,1,11,1,1,95,2,1,1000,0.000186436,5363770.945525542
quickcheck,imbalanced_choice,14,500,500,500,1.0,254,0.508,246,1.0,0.000186436,2681885.472762771,4,51,2,1,19,1,4,95,3,1,1000,0.000186436,5363770.945525542
quickcheck,imbalanced_choice,14,1000,1000,1000,1.0,426,0.426,574,1.0,0.000186436,5363770.945525542,6,51,2,1,28,1,8,95,5,1,1000,0.000186436,5363770.945525542
quickcheck,imbalanced_choice,15,100,100,100,1.0,60,0.6,40,1.0,0.00022247,449498.8088281566,2,4,2,13,9,2,0,101,3,23,1000,0.00022247,4494988.088281566
quickcheck,imbalanced_choice,15,500,500,500,1.0,218,0.436,282,1.0,0.00022247,2247494.044140783,5,4,2,13,23,2,0,501,5,23,1000,0.00022247,4494988.088281566
quickcheck,imbalanced_choice,15,1000,1000,1000,1.0,403,0.403,597,1.0,0.00022247,4494988.088281566,6,4,2,13,26,2,1,657,8,23,1000,0.00022247,4494988.088281566
quickcheck,imbalanced_choice,16,100,100,100,1.0,59,0.59,41,1.0,0.000176021,568114.0318484727,1,26,2,2,13,2,0,101,2,18,1000,0.000176021,5681140.318484726
quickcheck,imbalanced_choice,16,500,500,500,1.0,233,0.466,267,1.0,0.000176021,2840570.159242363,5,26,2,2,21,2,2,324,4,18,1000,0.000176021,5681140.318484726
quickcheck,imbalanced_choice,16,1000,1000,1000,1.0,409,0.409,591,1.0,0.000176021,5681140.318484726,7,26,2,2,27,2,5,324,5,18,1000,0.000176021,5681140.318484726
quickcheck,imbalanced_choice,17,100,100,100,1.0,55,0.55,45,1.0,0.000186556,536032.0761594374,1,41,2,6,9,4,0,101,2,10,1000,0.000186556,5360320.761594374
quickcheck,imbalanced_choice,17,500,500,500,1.0,239,0.478,261,1.0,0.000186556,2680160.380797187,3,41,2,6,21,4,0,501,6,10,1000,0.000186556,5360320.761594374
quickcheck,imbalanced_choice,17,1000,1000,1000,1.0,413,0.413,587,1.0,0.000186556,5360320.761594374,4,41,2,6,26,4,1,745,8,10,1000,0.000186556,5360320.761594374
quickcheck,imbalanced_choice,18,100,100,100,1.0,64,0.64,36,1.0,0.000174509,573036.3476955344,1,49,2,1,12,1,1,77,1,1,1000,0.000174509,5730363.476955344
quickcheck,imbalanced_choice,18,500,500,500,1.0,253,0.506,247,1.0,0.000174509,2865181.738477672,4,49,2,1,20,1,1,77,5,1,1000,0.000174509,5730363.476955344
quickcheck,imbalanced_choice,18,1000,1000,1000,1.0,416,0.416,584,1.0,0.000174509,5730363.476955344,6,49,2,1,26,1,4,77,8,1,1000,0.000174509,5730363.476955344
quickcheck,imbalanced_choice,19,100,100,100,1.0,68,0.68,32,1.0,0.000174179,574122.0238949587,2,18,2,2,13,2,0,101,1,2,1000,0.000174179,5741220.238949587
quickcheck,imbalanced_choice,19,500,500,500,1.0,237,0.474,263,1.0,0.000174179,2870610.1194747933,4,18,2,2,20,2,3,207,4,2,1000,0.000174179,5741220.238949587
quickcheck,imbalanced_choice,19,1000,1000,1000,1.0,418,0.418,582,1.0,0.000174179,5741220.238949587,4,18,2,2,24,2,4,207,6,2,1000,0.000174179,5741220.238949587
quickcheck,protocol_message,0,100,100,100,1.0,67,0.67,33,1.0,0.000193396,517073.776086372,1,38,8,4,7,17,0,101,1,96,1000,0.000193396,5170737.7608637195
quickcheck,protocol_message,0,500,500,500,1.0,202,0.404,298,1.0,0.000193396,2585368.8804318598,7,38,8,4,14,17,3,230,5,96,1000,0.000193396,5170737.7608637195
quickcheck,protocol_message,0,1000,1000,1000,1.0,300,0.3,700,1.0,0.000193396,5170737.7608637195,13,38,8,4,14,17,6,230,9,96,1000,0.000193396,5170737.7608637195
quickcheck,protocol_message,1,100,100,100,1.0,68,0.68,32,1.0,0.000175811,568792.6238972533,2,15,7,5,8,4,0,101,0,101,1000,0.000175811,5687926.238972533
quickcheck,protocol_message,1,500,500,500,1.0,202,0.404,298,1.0,0.000175811,2843963.1194862663,7,15,8,5,13,4,2,195,4,142,1000,0.000175811,5687926.238972533
quickcheck,protocol_message,1,1000,1000,1000,1.0,310,0.31,690,1.0,0.000175811,5687926.238972533,10,15,8,5,14,4,7,195,6,142,1000,0.000175811,5687926.238972533
quickcheck,protocol_message,2,100,100,100,1.0,61,0.61,39,1.0,0.000173918,574983.6129670304,1,30,7,2,8,1,0,101,2,6,1000,0.000173918,5749836.129670304
quickcheck,protocol_message,2,500,500,500,1.0,194,0.388,306,1.0,0.000173918,2874918.064835152,6,30,8,2,9,1,4,128,6,6,1000,0.000173918,5749836.129670304
quickcheck,protocol_message,2,1000,1000,1000,1.0,303,0.303,697,1.0,0.000173918,5749836.129670304,12,30,8,2,10,1,8,128,7,6,1000,0.000173918,5749836.129670304
quickcheck,protocol_message,3,100,100,100,1.0,64,0.64,36,1.0,0.000203382,491685.59656213433,4,33,8,1,8,4,2,14,4,8,1000,0.000203382,4916855.965621343
quickcheck,protocol_message,3,500,500,500,1.0,186,0.372,314,1.0,0.000203382,2458427.9828106714,8,33,8,1,13,4,3,14,5,8,1000,0.000203382,4916855.965621343
quickcheck,protocol_message,3,1000,1000,1000,1.0,312,0.312,688,1.0,0.000203382,4916855.965621343,10,33,8,1,15,4,8,14,9,8,1000,0.000203382,4916855.965621343
quickcheck,protocol_message,4,100,100,100,1.0,63,0.63,37,1.0,0.000223271,447886.20107403107,2,46,7,3,7,1,0,101,1,21,1000,0.000223271,4478862.010740311
quickcheck,protocol_message,4,500,500,500,1.0,195,0.39,305,1.0,0.000223271,2239431.0053701554,7,46,8,3,14,1,1,185,4,21,1000,0.000223271,4478862.010740311
quickcheck,protocol_message,4,1000,1000,1000,1.0,312,0.312,688,1.0,0.000223271,4478862.010740311,13,46,8,3,16,1,4,185,6,21,1000,0.000223271,4478862.010740311
quickcheck,protocol_message,5,100,100,100,1.0,72,0.72,28,1.0,0.000199436,501413.98744459375,3,3,8,6,7,7,0,101,3,7,1000,0.000199436,5014139.874445938
quickcheck,protocol_message,5,500,500,500,1.0,201,0.402,299,1.0,0.000199436,2507069.937222969,10,3,8,6,10,7,2,144,6,7,1000,0.000199436,5014139.874445938
quickcheck,protocol_message,5,1000,1000,1000,1.0,304,0.304,696,1.0,0.000199436,5014139.874445938,12,3,8,6,12,7,6,144,8,7,1000,0.000199436,5014139.874445938
quickcheck,protocol_message,6,100,100,100,1.0,68,0.68,32,1.0,0.00021556,463907.96066060493,2,53,8,3,7,4,1,49,2,26,1000,0.00021556,4639079.606606049
quickcheck,protocol_message,6,500,500,500,1.0,202,0.404,298,1.0,0.00021556,2319539.8033030247,7,53,8,3,12,4,5,49,7,26,1000,0.00021556,4639079.606606049
quickcheck,protocol_message,6,1000,1000,1000,1.0,318,0.318,682,1.0,0.00021556,4639079.606606049,10,53,8,3,12,4,9,49,10,26,1000,0.00021556,4639079.606606049
quickcheck,protocol_message,7,100,100,100,1.0,63,0.63,37,1.0,0.00018238,548305.735277991,4,49,7,1,8,6,0,101,2,50,1000,0.00018238,5483057.35277991
quickcheck,protocol_message,7,500,500,500,1.0,186,0.372,314,1.0,0.00018238,2741528.676389955,6,49,8,1,12,6,3,109,4,50,1000,0.00018238,5483057.35277991
quickcheck,protocol_message,7,1000,1000,1000,1.0,296,0.296,704,1.0,0.00018238,5483057.35277991,9,49,8,1,14,6,3,109,7,50,1000,0.00018238,5483057.35277991
quickcheck,protocol_message,8,100,100,100,1.0,60,0.6,40,1.0,0.000171474,583178.7909537306,2,61,7,1,9,2,0,101,3,4,1000,0.000171474,5831787.909537306
quickcheck,protocol_message,8,500,500,500,1.0,168,0.336,332,1.0,0.000171474,2915893.954768653,7,61,8,1,10,2,5,145,4,4,1000,0.000171474,5831787.909537306
quickcheck,protocol_message,8,1000,1000,1000,1.0,290,0.29,710,1.0,0.000171474,5831787.909537306,9,61,8,1,13,2,7,145,11,4,1000,0.000171474,5831787.909537306
quickcheck,protocol_message,9,100,100,100,1.0,66,0.66,34,1.0,0.000154018,649274.7600929762,3,18,8,1,7,2,3,13,1,2,1000,0.000154018,6492747.600929762
quickcheck,protocol_message,9,500,500,500,1.0,203,0.406,297,1.0,0.000154018,3246373.800464881,9,18,8,1,17,2,9,13,3,2,1000,0.000154018,6492747.600929762
quickcheck,protocol_message,9,1000,1000,1000,1.0,314,0.314,686,1.0,0.000154018,6492747.600929762,12,18,8,1,19,2,12,13,7,2,1000,0.000154018,6492747.600929762
quickcheck,protocol_message,10,100,100,100,1.0,69,0.69,31,1.0,0.000156462,639132.8245836049,1,34,6,4,7,2,2,16,1,22,1000,0.000156462,6391328.245836049
quickcheck,protocol_message,10,500,500,500,1.0,215,0.43,285,1.0,0.000156462,3195664.1229180247,5,34,8,4,12,2,6,16,6,22,1000,0.000156462,6391328.245836049
quickcheck,protocol_message,10,1000,1000,1000,1.0,333,0.333,667,1.0,0.000156462,6391328.245836049,7,34,8,4,16,2,8,16,9,22,1000,0.000156462,6391328.245836049
quickcheck,protocol_message,11,100,100,100,1.0,78,0.78,22,1.0,0.000168139,594746.0137148431,3,29,7,1,7,16,1,69,5,4,1000,0.000168139,5947460.137148431
quickcheck,protocol_message,11,500,500,500,1.0,193,0.386,307,1.0,0.000168139,2973730.0685742153,5,29,8,1,13,16,3,69,6,4,1000,0.000168139,5947460.137148431
quickcheck,protocol_message,11,1000,1000,1000,1.0,313,0.313,687,1.0,0.000168139,5947460.137148431,9,29,8,1,18,16,9,69,7,4,1000,0.000168139,5947460.137148431
quickcheck,protocol_message,12,100,100,100,1.0,74,0.74,26,1.0,0.000161379,619659.3113106415,2,85,8,3,7,2,1,9,1,43,1000,0.000161379,6196593.113106415
quickcheck,protocol_message,12,500,500,500,1.0,196,0.392,304,1.0,0.000161379,3098296.5565532073,5,85,8,3,11,2,5,9,6,43,1000,0.000161379,6196593.113106415
quickcheck,protocol_message,12,1000,1000,1000,1.0,320,0.32,680,1.0,0.000161379,6196593.113106415,10,85,8,3,14,2,7,9,10,43,1000,0.000161379,6196593.113106415
quickcheck,protocol_message,13,100,100,100,1.0,58,0.58,42,1.0,0.000206406,484482.04025076795,0,101,8,12,6,2,1,55,1,21,1000,0.000206406,4844820.40250768
quickcheck,protocol_message,13,500,500,500,1.0,190,0.38,310,1.0,0.000206406,2422410.20125384,6,165,8,12,10,2,3,55,5,21,1000,0.000206406,4844820.40250768
quickcheck,protocol_message,13,1000,1000,1000,1.0,300,0.3,700,1.0,0.000206406,4844820.40250768,8,165,8,12,11,2,7,55,8,21,1000,0.000206406,4844820.40250768
quickcheck,protocol_message,14,100,100,100,1.0,60,0.6,40,1.0,0.000157253,635917.9157154395,4,27,8,6,5,1,0,101,1,23,1000,0.000157253,6359179.157154394
quickcheck,protocol_message,14,500,500,500,1.0,193,0.386,307,1.0,0.000157253,3179589.578577197,5,27,8,6,10,1,1,239,2,23,1000,0.000157253,6359179.157154394
quickcheck,protocol_message,14,1000,1000,1000,1.0,303,0.303,697,1.0,0.000157253,6359179.157154394,6,27,8,6,10,1,4,239,5,23,1000,0.000157253,6359179.157154394
quickcheck,protocol_message,15,100,100,100,1.0,65,0.65,35,1.0,0.000156802,637746.9675131695,1,64,8,5,8,40,0,101,2,44,1000,0.000156802,6377469.675131695
quickcheck,protocol_message,15,500,500,500,1.0,209,0.418,291,1.0,0.000156802,3188734.8375658477,2,64,8,5,13,40,4,263,4,44,1000,0.000156802,6377469.675131695
quickcheck,protocol_message,15,1000,1000,1000,1.0,326,0.326,674,1.0,0.000156802,6377469.675131695,8,64,8,5,13,40,6,263,8,44,1000,0.000156802,6377469.675131695
quickcheck,protocol_message,16,100,100,100,1.0,69,0.69,31,1.0,0.000163382,612062.5283078919,2,40,8,6,9,2,0,101,1,59,1000,0.000163382,6120625.283078919
quickcheck,protocol_message,16,500,500,500,1.0,196,0.392,304,1.0,0.000163382,3060312.6415394596,6,40,8,6,14,2,2,427,3,59,1000,0.000163382,6120625.283078919
quickcheck,protocol_message,16,1000,1000,1000,1.0,329,0.329,671,1.0,0.000163382,6120625.283078919,11,40,8,6,16,2,7,427,6,59,1000,0.000163382,6120625.283078919
quickcheck,protocol_message,17,100,100,100,1.0,63,0.63,37,1.0,0.000152506,655711.9064167967,2,35,7,5,9,7,1,80,3,14,1000,0.000152506,6557119.064167967
quickcheck,protocol_message,17,500,500,500,1.0,190,0.38,310,1.0,0.000152506,3278559.5320839835,8,35,8,5,12,7,5,80,8,14,1000,0.000152506,6557119.064167967
quickcheck,protocol_message,17,1000,1000,1000,1.0,291,0.291,709,1.0,0.000152506,6557119.064167967,11,35,8,5,14,7,10,80,11,14,1000,0.000152506,6557119.064167967
quickcheck,protocol_message,18,100,100,100,1.0,62,0.62,38,1.0,0.00015508,644828.4756254836,2,68,8,8,9,5,2,33,2,21,1000,0.00015508,6448284.756254836
quickcheck,protocol_message,18,500,500,500,1.0,189,0.378,311,1.0,0.00015508,3224142.378127418,8,68,8,8,16,5,4,33,6,21,1000,0.00015508,6448284.756254836
quickcheck,protocol_message,18,1000,1000,1000,1.0,308,0.308,692,1.0,0.00015508,6448284.756254836,14,68,8,8,18,5,4,33,8,21,1000,0.00015508,6448284.756254836
quickcheck,protocol_message,19,100,100,100,1.0,72,0.72,28,1.0,0.000153307,652285.9360629326,3,9,8,1,8,10,1,21,4,5,1000,0.000153307,6522859.360629326
quickcheck,protocol_message,19,500,500,500,1.0,190,0.38,310,1.0,0.000153307,3261429.680314663,5,9,8,1,13,10,4,21,9,5,1000,0.000153307,6522859.360629326
quickcheck,protocol_message,19,1000,1000,1000,1.0,298,0.298,702,1.0,0.000153307,6522859.360629326,7,9,8,1,14,10,7,21,15,5,1000,0.000153307,6522859.360629326
smallcheck,action_space,0,100,100,100,1.0,100,1.0,0,1.0,2.3630000001162443e-06,42319085.90566257,0,101,11,8,28,1,0,101,2,1,1000,2.3630000001162443e-06,423190859.05662566
smallcheck,action_space,0,500,500,500,1.0,500,1.0,0,1.0,2.3630000001162443e-06,211595429.52831283,2,146,32,8,32,1,0,501,8,1,1000,2.3630000001162443e-06,423190859.05662566
smallcheck,action_space,0,1000,1000,1000,1.0,1000,1.0,0,1.0,2.3630000001162443e-06,423190859.05662566,10,146,32,8,32,1,0,1001,18,1,1000,2.3630000001162443e-06,423190859.05662566
smallcheck,action_space,1,100,100,100,1.0,100,1.0,0,1.0,2.524000002779303e-06,39619651.30344096,0,101,11,8,28,1,0,101,2,1,1000,2.524000002779303e-06,396196513.0344096
smallcheck,action_space,1,500,500,500,1.0,500,1.0,0,1.0,2.524000002779303e-06,198098256.5172048,2,146,32,8,32,1,0,501,8,1,1000,2.524000002779303e-06,396196513.0344096
smallcheck,action_space,1,1000,1000,1000,1.0,1000,1.0,0,1.0,2.524000002779303e-06,396196513.0344096,10,146,32,8,32,1,0,1001,18,1,1000,2.524000002779303e-06,396196513.0344096
smallcheck,action_space,2,100,100,100,1.0,100,1.0,0,1.0,2.072999997437819e-06,48239266.82276785,0,101,11,8,28,1,0,101,2,1,1000,2.072999997437819e-06,482392668.2276784
smallcheck,action_space,2,500,500,500,1.0,500,1.0,0,1.0,2.072999997437819e-06,241196334.1138392,2,146,32,8,32,1,0,501,8,1,1000,2.072999997437819e-06,482392668.2276784
smallcheck,action_space,2,1000,1000,1000,1.0,1000,1.0,0,1.0,2.072999997437819e-06,482392668.2276784,10,146,32,8,32,1,0,1001,18,1,1000,2.072999997437819e-06,482392668.2276784
smallcheck,action_space,3,100,100,100,1.0,100,1.0,0,1.0,1.8429999997238156e-06,54259359.747686155,0,101,11,8,28,1,0,101,2,1,1000,1.8429999997238156e-06,542593597.4768616
smallcheck,action_space,3,500,500,500,1.0,500,1.0,0,1.0,1.8429999997238156e-06,271296798.7384308,2,146,32,8,32,1,0,501,8,1,1000,1.8429999997238156e-06,542593597.4768616
smallcheck,action_space,3,1000,1000,1000,1.0,1000,1.0,0,1.0,1.8429999997238156e-06,542593597.4768616,10,146,32,8,32,1,0,1001,18,1,1000,1.8429999997238156e-06,542593597.4768616
smallcheck,action_space,4,100,100,100,1.0,100,1.0,0,1.0,1.922999999237618e-06,52002080.10381979,0,101,11,8,28,1,0,101,2,1,1000,1.922999999237618e-06,520020801.0381979
smallcheck,action_space,4,500,500,500,1.0,500,1.0,0,1.0,1.922999999237618e-06,260010400.51909894,2,146,32,8,32,1,0,501,8,1,1000,1.922999999237618e-06,520020801.0381979
smallcheck,action_space,4,1000,1000,1000,1.0,1000,1.0,0,1.0,1.922999999237618e-06,520020801.0381979,10,146,32,8,32,1,0,1001,18,1,1000,1.922999999237618e-06,520020801.0381979
smallcheck,action_space,5,100,100,100,1.0,100,1.0,0,1.0,2.283000000602442e-06,43802014.88112651,0,101,11,8,28,1,0,101,2,1,1000,2.283000000602442e-06,438020148.8112651
smallcheck,action_space,5,500,500,500,1.0,500,1.0,0,1.0,2.283000000602442e-06,219010074.40563256,2,146,32,8,32,1,0,501,8,1,1000,2.283000000602442e-06,438020148.8112651
smallcheck,action_space,5,1000,1000,1000,1.0,1000,1.0,0,1.0,2.283000000602442e-06,438020148.8112651,10,146,32,8,32,1,0,1001,18,1,1000,2.283000000602442e-06,438020148.8112651
smallcheck,action_space,6,100,100,100,1.0,100,1.0,0,1.0,1.7330000048332295e-06,57703404.339934334,0,101,11,8,28,1,0,101,2,1,1000,1.7330000048332295e-06,577034043.3993434
smallcheck,action_space,6,500,500,500,1.0,500,1.0,0,1.0,1.7330000048332295e-06,288517021.6996717,2,146,32,8,32,1,0,501,8,1,1000,1.7330000048332295e-06,577034043.3993434
smallcheck,action_space,6,1000,1000,1000,1.0,1000,1.0,0,1.0,1.7330000048332295e-06,577034043.3993434,10,146,32,8,32,1,0,1001,18,1,1000,1.7330000048332295e-06,577034043.3993434
smallcheck,action_space,7,100,100,100,1.0,100,1.0,0,1.0,2.5029999974890416e-06,39952057.571041934,0,101,11,8,28,1,0,101,2,1,1000,2.5029999974890416e-06,399520575.7104193
smallcheck,action_space,7,500,500,500,1.0,500,1.0,0,1.0,2.5029999974890416e-06,199760287.85520965,2,146,32,8,32,1,0,501,8,1,1000,2.5029999974890416e-06,399520575.7104193
smallcheck,action_space,7,1000,1000,1000,1.0,1000,1.0,0,1.0,2.5029999974890416e-06,399520575.7104193,10,146,32,8,32,1,0,1001,18,1,1000,2.5029999974890416e-06,399520575.7104193
smallcheck,action_space,8,100,100,100,1.0,100,1.0,0,1.0,1.8530000005512193e-06,53966540.72868462,0,101,11,8,28,1,0,101,2,1,1000,1.8530000005512193e-06,539665407.2868462
smallcheck,action_space,8,500,500,500,1.0,500,1.0,0,1.0,1.8530000005512193e-06,269832703.6434231,2,146,32,8,32,1,0,501,8,1,1000,1.8530000005512193e-06,539665407.2868462
smallcheck,action_space,8,1000,1000,1000,1.0,1000,1.0,0,1.0,1.8530000005512193e-06,539665407.2868462,10,146,32,8,32,1,0,1001,18,1,1000,1.8530000005512193e-06,539665407.2868462
smallcheck,action_space,9,100,100,100,1.0,100,1.0,0,1.0,3.024999998046951e-06,33057851.26101276,0,101,11,8,28,1,0,101,2,1,1000,3.024999998046951e-06,330578512.6101276
smallcheck,action_space,9,500,500,500,1.0,500,1.0,0,1.0,3.024999998046951e-06,165289256.3050638,2,146,32,8,32,1,0,501,8,1,1000,3.024999998046951e-06,330578512.6101276
smallcheck,action_space,9,1000,1000,1000,1.0,1000,1.0,0,1.0,3.024999998046951e-06,330578512.6101276,10,146,32,8,32,1,0,1001,18,1,1000,3.024999998046951e-06,330578512.6101276
smallcheck,action_space,10,100,100,100,1.0,100,1.0,0,1.0,2.0929999990926262e-06,47778308.66858709,0,101,11,8,28,1,0,101,2,1,1000,2.0929999990926262e-06,477783086.68587095
smallcheck,action_space,10,500,500,500,1.0,500,1.0,0,1.0,2.0929999990926262e-06,238891543.34293547,2,146,32,8,32,1,0,501,8,1,1000,2.0929999990926262e-06,477783086.68587095
smallcheck,action_space,10,1000,1000,1000,1.0,1000,1.0,0,1.0,2.0929999990926262e-06,477783086.68587095,10,146,32,8,32,1,0,1001,18,1,1000,2.0929999990926262e-06,477783086.68587095
smallcheck,action_space,11,100,100,100,1.0,100,1.0,0,1.0,2.154000000587075e-06,46425255.326251104,0,101,11,8,28,1,0,101,2,1,1000,2.154000000587075e-06,464252553.2625111
smallcheck,action_space,11,500,500,500,1.0,500,1.0,0,1.0,2.154000000587075e-06,232126276.63125554,2,146,32,8,32,1,0,501,8,1,1000,2.154000000587075e-06,464252553.2625111
smallcheck,action_space,11,1000,1000,1000,1.0,1000,1.0,0,1.0,2.154000000587075e-06,464252553.2625111,10,146,32,8,32,1,0,1001,18,1,1000,2.154000000587075e-06,464252553.2625111
smallcheck,action_space,12,100,100,100,1.0,100,1.0,0,1.0,2.5040000011244956e-06,39936102.21848723,0,101,11,8,28,1,0,101,2,1,1000,2.5040000011244956e-06,399361022.1848723
smallcheck,action_space,12,500,500,500,1.0,500,1.0,0,1.0,2.5040000011244956e-06,199680511.09243616,2,146,32,8,32,1,0,501,8,1,1000,2.5040000011244956e-06,399361022.1848723
smallcheck,action_space,12,1000,1000,1000,1.0,1000,1.0,0,1.0,2.5040000011244956e-06,399361022.1848723,10,146,32,8,32,1,0,1001,18,1,1000,2.5040000011244956e-06,399361022.1848723
smallcheck,action_space,13,100,100,100,1.0,100,1.0,0,1.0,1.7520000028525828e-06,57077625.47784323,0,101,11,8,28,1,0,101,2,1,1000,1.7520000028525828e-06,570776254.7784324
smallcheck,action_space,13,500,500,500,1.0,500,1.0,0,1.0,1.7520000028525828e-06,285388127.3892162,2,146,32,8,32,1,0,501,8,1,1000,1.7520000028525828e-06,570776254.7784324
smallcheck,action_space,13,1000,1000,1000,1.0,1000,1.0,0,1.0,1.7520000028525828e-06,570776254.7784324,10,146,32,8,32,1,0,1001,18,1,1000,1.7520000028525828e-06,570776254.7784324
smallcheck,action_space,14,100,100,100,1.0,100,1.0,0,1.0,2.1329999952968137e-06,46882325.46671182,0,101,11,8,28,1,0,101,2,1,1000,2.1329999952968137e-06,468823254.6671182
smallcheck,action_space,14,500,500,500,1.0,500,1.0,0,1.0,2.1329999952968137e-06,234411627.3335591,2,146,32,8,32,1,0,501,8,1,1000,2.1329999952968137e-06,468823254.6671182
smallcheck,action_space,14,1000,1000,1000,1.0,1000,1.0,0,1.0,2.1329999952968137e-06,468823254.6671182,10,146,32,8,32,1,0,1001,18,1,1000,2.1329999952968137e-06,468823254.6671182
smallcheck,action_space,15,100,100,100,1.0,100,1.0,0,1.0,1.7620000036799865e-06,56753688.87125266,0,101,11,8,28,1,0,101,2,1,1000,1.7620000036799865e-06,567536888.7125266
smallcheck,action_space,15,500,500,500,1.0,500,1.0,0,1.0,1.7620000036799865e-06,283768444.3562633,2,146,32,8,32,1,0,501,8,1,1000,1.7620000036799865e-06,567536888.7125266
smallcheck,action_space,15,1000,1000,1000,1.0,1000,1.0,0,1.0,1.7620000036799865e-06,567536888.7125266,10,146,32,8,32,1,0,1001,18,1,1000,1.7620000036799865e-06,567536888.7125266
smallcheck,action_space,16,100,100,100,1.0,100,1.0,0,1.0,1.5419999996879596e-06,64850843.07408306,0,101,11,8,28,1,0,101,2,1,1000,1.5419999996879596e-06,648508430.7408307
smallcheck,action_space,16,500,500,500,1.0,500,1.0,0,1.0,1.5419999996879596e-06,324254215.37041533,2,146,32,8,32,1,0,501,8,1,1000,1.5419999996879596e-06,648508430.7408307
smallcheck,action_space,16,1000,1000,1000,1.0,1000,1.0,0,1.0,1.5419999996879596e-06,648508430.7408307,10,146,32,8,32,1,0,1001,18,1,1000,1.5419999996879596e-06,648508430.7408307
smallcheck,action_space,17,100,100,100,1.0,100,1.0,0,1.0,2.0530000028884388e-06,48709205.97141083,0,101,11,8,28,1,0,101,2,1,1000,2.0530000028884388e-06,487092059.71410835
smallcheck,action_space,17,500,500,500,1.0,500,1.0,0,1.0,2.0530000028884388e-06,243546029.85705417,2,146,32,8,32,1,0,501,8,1,1000,2.0530000028884388e-06,487092059.71410835
smallcheck,action_space,17,1000,1000,1000,1.0,1000,1.0,0,1.0,2.0530000028884388e-06,487092059.71410835,10,146,32,8,32,1,0,1001,18,1,1000,2.0530000028884388e-06,487092059.71410835
smallcheck,action_space,18,100,100,100,1.0,100,1.0,0,1.0,3.4450000043761975e-06,29027576.16051367,0,101,11,8,28,1,0,101,2,1,1000,3.4450000043761975e-06,290275761.6051367
smallcheck,action_space,18,500,500,500,1.0,500,1.0,0,1.0,3.4450000043761975e-06,145137880.80256835,2,146,32,8,32,1,0,501,8,1,1000,3.4450000043761975e-06,290275761.6051367
smallcheck,action_space,18,1000,1000,1000,1.0,1000,1.0,0,1.0,3.4450000043761975e-06,290275761.6051367,10,146,32,8,32,1,0,1001,18,1,1000,3.4450000043761975e-06,290275761.6051367
smallcheck,action_space,19,100,100,100,1.0,100,1.0,0,1.0,1.8330000060018392e-06,54555373.52567781,0,101,11,8,28,1,0,101,2,1,1000,1.8330000060018392e-06,545553735.2567781
smallcheck,action_space,19,500,500,500,1.0,500,1.0,0,1.0,1.8330000060018392e-06,272776867.62838906,2,146,32,8,32,1,0,501,8,1,1000,1.8330000060018392e-06,545553735.2567781
smallcheck,action_space,19,1000,1000,1000,1.0,1000,1.0,0,1.0,1.8330000060018392e-06,545553735.2567781,10,146,32,8,32,1,0,1001,18,1,1000,1.8330000060018392e-06,545553735.2567781
smallcheck,balanced_product,0,100,100,100,1.0,100,1.0,0,1.0,2.2440000009282812e-06,44563279.8389629,2,21,32,1,23,1,0,101,3,1,1000,2.2440000009282812e-06,445632798.389629
smallcheck,balanced_product,0,500,500,500,1.0,500,1.0,0,1.0,2.2440000009282812e-06,222816399.1948145,11,21,32,1,28,1,0,501,13,1,1000,2.2440000009282812e-06,445632798.389629
smallcheck,balanced_product,0,1000,1000,1000,1.0,1000,1.0,0,1.0,2.2440000009282812e-06,445632798.389629,19,21,32,1,32,1,0,1001,26,1,1000,2.2440000009282812e-06,445632798.389629
smallcheck,balanced_product,1,100,100,100,1.0,100,1.0,0,1.0,2.1840000030692863e-06,45787545.72319822,2,21,32,1,23,1,0,101,3,1,1000,2.1840000030692863e-06,457875457.2319822
smallcheck,balanced_product,1,500,500,500,1.0,500,1.0,0,1.0,2.1840000030692863e-06,228937728.6159911,11,21,32,1,28,1,0,501,13,1,1000,2.1840000030692863e-06,457875457.2319822
smallcheck,balanced_product,1,1000,1000,1000,1.0,1000,1.0,0,1.0,2.1840000030692863e-06,457875457.2319822,19,21,32,1,32,1,0,1001,26,1,1000,2.1840000030692863e-06,457875457.2319822
smallcheck,balanced_product,2,100,100,100,1.0,100,1.0,0,1.0,1.7529999993826095e-06,57045065.62191619,2,21,32,1,23,1,0,101,3,1,1000,1.7529999993826095e-06,570450656.2191619
smallcheck,balanced_product,2,500,500,500,1.0,500,1.0,0,1.0,1.7529999993826095e-06,285225328.10958093,11,21,32,1,28,1,0,501,13,1,1000,1.7529999993826095e-06,570450656.2191619
smallcheck,balanced_product,2,1000,1000,1000,1.0,1000,1.0,0,1.0,1.7529999993826095e-06,570450656.2191619,19,21,32,1,32,1,0,1001,26,1,1000,1.7529999993826095e-06,570450656.2191619
smallcheck,balanced_product,3,100,100,100,1.0,100,1.0,0,1.0,1.6839999972262376e-06,59382422.90066077,2,21,32,1,23,1,0,101,3,1,1000,1.6839999972262376e-06,593824229.0066077
smallcheck,balanced_product,3,500,500,500,1.0,500,1.0,0,1.0,1.6839999972262376e-06,296912114.5033038,11,21,32,1,28,1,0,501,13,1,1000,1.6839999972262376e-06,593824229.0066077
smallcheck,balanced_product,3,1000,1000,1000,1.0,1000,1.0,0,1.0,1.6839999972262376e-06,593824229.0066077,19,21,32,1,32,1,0,1001,26,1,1000,1.6839999972262376e-06,593824229.0066077
smallcheck,balanced_product,4,100,100,100,1.0,100,1.0,0,1.0,1.5829999995276012e-06,63171193.95441693,2,21,32,1,23,1,0,101,3,1,1000,1.5829999995276012e-06,631711939.5441693
smallcheck,balanced_product,4,500,500,500,1.0,500,1.0,0,1.0,1.5829999995276012e-06,315855969.77208465,11,21,32,1,28,1,0,501,13,1,1000,1.5829999995276012e-06,631711939.5441693
smallcheck,balanced_product,4,1000,1000,1000,1.0,1000,1.0,0,1.0,1.5829999995276012e-06,631711939.5441693,19,21,32,1,32,1,0,1001,26,1,1000,1.5829999995276012e-06,631711939.5441693
smallcheck,balanced_product,5,100,100,100,1.0,100,1.0,0,1.0,1.642999997386596e-06,60864272.768754065,2,21,32,1,23,1,0,101,3,1,1000,1.642999997386596e-06,608642727.6875407
smallcheck,balanced_product,5,500,500,500,1.0,500,1.0,0,1.0,1.642999997386596e-06,304321363.8437703,11,21,32,1,28,1,0,501,13,1,1000,1.642999997386596e-06,608642727.6875407
smallcheck,balanced_product,5,1000,1000,1000,1.0,1000,1.0,0,1.0,1.642999997386596e-06,608642727.6875407,19,21,32,1,32,1,0,1001,26,1,1000,1.642999997386596e-06,608642727.6875407
smallcheck,balanced_product,6,100,100,100,1.0,100,1.0,0,1.0,1.702999995245591e-06,58719906.212083645,2,21,32,1,23,1,0,101,3,1,1000,1.702999995245591e-06,587199062.1208365
smallcheck,balanced_product,6,500,500,500,1.0,500,1.0,0,1.0,1.702999995245591e-06,293599531.06041825,11,21,32,1,28,1,0,501,13,1,1000,1.702999995245591e-06,587199062.1208365
smallcheck,balanced_product,6,1000,1000,1000,1.0,1000,1.0,0,1.0,1.702999995245591e-06,587199062.1208365,19,21,32,1,32,1,0,1001,26,1,1000,1.702999995245591e-06,587199062.1208365
smallcheck,balanced_product,7,100,100,100,1.0,100,1.0,0,1.0,1.5829999995276012e-06,63171193.95441693,2,21,32,1,23,1,0,101,3,1,1000,1.5829999995276012e-06,631711939.5441693
smallcheck,balanced_product,7,500,500,500,1.0,500,1.0,0,1.0,1.5829999995276012e-06,315855969.77208465,11,21,32,1,28,1,0,501,13,1,1000,1.5829999995276012e-06,631711939.5441693
smallcheck,balanced_product,7,1000,1000,1000,1.0,1000,1.0,0,1.0,1.5829999995276012e-06,631711939.5441693,19,21,32,1,32,1,0,1001,26,1,1000,1.5829999995276012e-06,631711939.5441693
smallcheck,balanced_product,8,100,100,100,1.0,100,1.0,0,1.0,1.5729999987001975e-06,63572790.89804964,2,21,32,1,23,1,0,101,3,1,1000,1.5729999987001975e-06,635727908.9804963
smallcheck,balanced_product,8,500,500,500,1.0,500,1.0,0,1.0,1.5729999987001975e-06,317863954.49024814,11,21,32,1,28,1,0,501,13,1,1000,1.5729999987001975e-06,635727908.9804963
smallcheck,balanced_product,8,1000,1000,1000,1.0,1000,1.0,0,1.0,1.5729999987001975e-06,635727908.9804963,19,21,32,1,32,1,0,1001,26,1,1000,1.5729999987001975e-06,635727908.9804963
smallcheck,balanced_product,9,100,100,100,1.0,100,1.0,0,1.0,1.8429999997238156e-06,54259359.747686155,2,21,32,1,23,1,0,101,3,1,1000,1.8429999997238156e-06,542593597.4768616
smallcheck,balanced_product,9,500,500,500,1.0,500,1.0,0,1.0,1.8429999997238156e-06,271296798.7384308,11,21,32,1,28,1,0,501,13,1,1000,1.8429999997238156e-06,542593597.4768616
smallcheck,balanced_product,9,1000,1000,1000,1.0,1000,1.0,0,1.0,1.8429999997238156e-06,542593597.4768616,19,21,32,1,32,1,0,1001,26,1,1000,1.8429999997238156e-06,542593597.4768616
smallcheck,balanced_product,10,100,100,100,1.0,100,1.0,0,1.0,1.6329999965591924e-06,61236987.269261904,2,21,32,1,23,1,0,101,3,1,1000,1.6329999965591924e-06,612369872.6926191
smallcheck,balanced_product,10,500,500,500,1.0,500,1.0,0,1.0,1.6329999965591924e-06,306184936.34630954,11,21,32,1,28,1,0,501,13,1,1000,1.6329999965591924e-06,612369872.6926191
smallcheck,balanced_product,10,1000,1000,1000,1.0,1000,1.0,0,1.0,1.6329999965591924e-06,612369872.6926191,19,21,32,1,32,1,0,1001,26,1,1000,1.6329999965591924e-06,612369872.6926191
smallcheck,balanced_product,11,100,100,100,1.0,100,1.0,0,1.0,1.623000002837216e-06,61614294.40861795,2,21,32,1,23,1,0,101,3,1,1000,1.623000002837216e-06,616142944.0861795
smallcheck,balanced_product,11,500,500,500,1.0,500,1.0,0,1.0,1.623000002837216e-06,308071472.04308975,11,21,32,1,28,1,0,501,13,1,1000,1.623000002837216e-06,616142944.0861795
smallcheck,balanced_product,11,1000,1000,1000,1.0,1000,1.0,0,1.0,1.623000002837216e-06,616142944.0861795,19,21,32,1,32,1,0,1001,26,1,1000,1.623000002837216e-06,616142944.0861795
smallcheck,balanced_product,12,100,100,100,1.0,100,1.0,0,1.0,1.5530000041508174e-06,64391500.1498536,2,21,32,1,23,1,0,101,3,1,1000,1.5530000041508174e-06,643915001.498536
smallcheck,balanced_product,12,500,500,500,1.0,500,1.0,0,1.0,1.5530000041508174e-06,321957500.749268,11,21,32,1,28,1,0,501,13,1,1000,1.5530000041508174e-06,643915001.498536
smallcheck,balanced_product,12,1000,1000,1000,1.0,1000,1.0,0,1.0,1.5530000041508174e-06,643915001.498536,19,21,32,1,32,1,0,1001,26,1,1000,1.5530000041508174e-06,643915001.498536
smallcheck,balanced_product,13,100,100,100,1.0,100,1.0,0,1.0,1.5829999995276012e-06,63171193.95441693,2,21,32,1,23,1,0,101,3,1,1000,1.5829999995276012e-06,631711939.5441693
smallcheck,balanced_product,13,500,500,500,1.0,500,1.0,0,1.0,1.5829999995276012e-06,315855969.77208465,11,21,32,1,28,1,0,501,13,1,1000,1.5829999995276012e-06,631711939.5441693
smallcheck,balanced_product,13,1000,1000,1000,1.0,1000,1.0,0,1.0,1.5829999995276012e-06,631711939.5441693,19,21,32,1,32,1,0,1001,26,1,1000,1.5829999995276012e-06,631711939.5441693
smallcheck,balanced_product,14,100,100,100,1.0,100,1.0,0,1.0,1.6029999940769812e-06,62383032.04584895,2,21,32,1,23,1,0,101,3,1,1000,1.6029999940769812e-06,623830320.4584895
smallcheck,balanced_product,14,500,500,500,1.0,500,1.0,0,1.0,1.6029999940769812e-06,311915160.22924477,11,21,32,1,28,1,0,501,13,1,1000,1.6029999940769812e-06,623830320.4584895
smallcheck,balanced_product,14,1000,1000,1000,1.0,1000,1.0,0,1.0,1.6029999940769812e-06,623830320.4584895,19,21,32,1,32,1,0,1001,26,1,1000,1.6029999940769812e-06,623830320.4584895
smallcheck,balanced_product,15,100,100,100,1.0,100,1.0,0,1.0,1.7429999985552058e-06,57372346.57652968,2,21,32,1,23,1,0,101,3,1,1000,1.7429999985552058e-06,573723465.7652968
smallcheck,balanced_product,15,500,500,500,1.0,500,1.0,0,1.0,1.7429999985552058e-06,286861732.8826484,11,21,32,1,28,1,0,501,13,1,1000,1.7429999985552058e-06,573723465.7652968
smallcheck,balanced_product,15,1000,1000,1000,1.0,1000,1.0,0,1.0,1.7429999985552058e-06,573723465.7652968,19,21,32,1,32,1,0,1001,26,1,1000,1.7429999985552058e-06,573723465.7652968
smallcheck,balanced_product,16,100,100,100,1.0,100,1.0,0,1.0,1.443000002154804e-06,69300069.19658485,2,21,32,1,23,1,0,101,3,1,1000,1.443000002154804e-06,693000691.9658484
smallcheck,balanced_product,16,500,500,500,1.0,500,1.0,0,1.0,1.443000002154804e-06,346500345.9829242,11,21,32,1,28,1,0,501,13,1,1000,1.443000002154804e-06,693000691.9658484
smallcheck,balanced_product,16,1000,1000,1000,1.0,1000,1.0,0,1.0,1.443000002154804e-06,693000691.9658484,19,21,32,1,32,1,0,1001,26,1,1000,1.443000002154804e-06,693000691.9658484
smallcheck,balanced_product,17,100,100,100,1.0,100,1.0,0,1.0,1.8239999945990348e-06,54824561.56584734,2,21,32,1,23,1,0,101,3,1,1000,1.8239999945990348e-06,548245615.6584734
smallcheck,balanced_product,17,500,500,500,1.0,500,1.0,0,1.0,1.8239999945990348e-06,274122807.8292367,11,21,32,1,28,1,0,501,13,1,1000,1.8239999945990348e-06,548245615.6584734
smallcheck,balanced_product,17,1000,1000,1000,1.0,1000,1.0,0,1.0,1.8239999945990348e-06,548245615.6584734,19,21,32,1,32,1,0,1001,26,1,1000,1.8239999945990348e-06,548245615.6584734
smallcheck,balanced_product,18,100,100,100,1.0,100,1.0,0,1.0,1.8329999988964119e-06,54555373.73715585,2,21,32,1,23,1,0,101,3,1,1000,1.8329999988964119e-06,545553737.3715584
smallcheck,balanced_product,18,500,500,500,1.0,500,1.0,0,1.0,1.8329999988964119e-06,272776868.6857792,11,21,32,1,28,1,0,501,13,1,1000,1.8329999988964119e-06,545553737.3715584
smallcheck,balanced_product,18,1000,1000,1000,1.0,1000,1.0,0,1.0,1.8329999988964119e-06,545553737.3715584,19,21,32,1,32,1,0,1001,26,1,1000,1.8329999988964119e-06,545553737.3715584
smallcheck,balanced_product,19,100,100,100,1.0,100,1.0,0,1.0,1.953000001719829e-06,51203276.96463857,2,21,32,1,23,1,0,101,3,1,1000,1.953000001719829e-06,512032769.64638567
smallcheck,balanced_product,19,500,500,500,1.0,500,1.0,0,1.0,1.953000001719829e-06,256016384.82319283,11,21,32,1,28,1,0,501,13,1,1000,1.953000001719829e-06,512032769.64638567
smallcheck,balanced_product,19,1000,1000,1000,1.0,1000,1.0,0,1.0,1.953000001719829e-06,512032769.64638567,19,21,32,1,32,1,0,1001,26,1,1000,1.953000001719829e-06,512032769.64638567
smallcheck,dependent_record,0,100,100,100,1.0,100,1.0,0,1.0,2.664999996682127e-06,37523452.20431446,1,36,12,8,25,1,0,101,1,1,1000,2.664999996682127e-06,375234522.04314464
smallcheck,dependent_record,0,500,500,500,1.0,500,1.0,0,1.0,2.664999996682127e-06,187617261.02157232,2,36,16,8,32,1,0,501,8,1,1000,2.664999996682127e-06,375234522.04314464
smallcheck,dependent_record,0,1000,1000,1000,1.0,1000,1.0,0,1.0,2.664999996682127e-06,375234522.04314464,5,36,16,8,32,1,0,1001,16,1,1000,2.664999996682127e-06,375234522.04314464
smallcheck,dependent_record,1,100,100,100,1.0,100,1.0,0,1.0,2.4649999943449075e-06,40567951.4115276,1,36,12,8,25,1,0,101,1,1,1000,2.4649999943449075e-06,405679514.1152759
smallcheck,dependent_record,1,500,500,500,1.0,500,1.0,0,1.0,2.4649999943449075e-06,202839757.05763796,2,36,16,8,32,1,0,501,8,1,1000,2.4649999943449075e-06,405679514.1152759
smallcheck,dependent_record,1,1000,1000,1000,1.0,1000,1.0,0,1.0,2.4649999943449075e-06,405679514.1152759,5,36,16,8,32,1,0,1001,16,1,1000,2.4649999943449075e-06,405679514.1152759
smallcheck,dependent_record,2,100,100,100,1.0,100,1.0,0,1.0,1.773000001037417e-06,56401579.21121717,1,36,12,8,25,1,0,101,1,1,1000,1.773000001037417e-06,564015792.1121718
smallcheck,dependent_record,2,500,500,500,1.0,500,1.0,0,1.0,1.773000001037417e-06,282007896.0560859,2,36,16,8,32,1,0,501,8,1,1000,1.773000001037417e-06,564015792.1121718
smallcheck,dependent_record,2,1000,1000,1000,1.0,1000,1.0,0,1.0,1.773000001037417e-06,564015792.1121718,5,36,16,8,32,1,0,1001,16,1,1000,1.773000001037417e-06,564015792.1121718
smallcheck,dependent_record,3,100,100,100,1.0,100,1.0,0,1.0,1.702999995245591e-06,58719906.212083645,1,36,12,8,25,1,0,101,1,1,1000,1.702999995245591e-06,587199062.1208365
smallcheck,dependent_record,3,500,500,500,1.0,500,1.0,0,1.0,1.702999995245591e-06,293599531.06041825,2,36,16,8,32,1,0,501,8,1,1000,1.702999995245591e-06,587199062.1208365
smallcheck,dependent_record,3,1000,1000,1000,1.0,1000,1.0,0,1.0,1.702999995245591e-06,587199062.1208365,5,36,16,8,32,1,0,1001,16,1,1000,1.702999995245591e-06,587199062.1208365
smallcheck,dependent_record,4,100,100,100,1.0,100,1.0,0,1.0,2.134000006037695e-06,46860356.00612533,1,36,12,8,25,1,0,101,1,1,1000,2.134000006037695e-06,468603560.0612533
smallcheck,dependent_record,4,500,500,500,1.0,500,1.0,0,1.0,2.134000006037695e-06,234301780.03062665,2,36,16,8,32,1,0,501,8,1,1000,2.134000006037695e-06,468603560.0612533
smallcheck,dependent_record,4,1000,1000,1000,1.0,1000,1.0,0,1.0,2.134000006037695e-06,468603560.0612533,5,36,16,8,32,1,0,1001,16,1,1000,2.134000006037695e-06,468603560.0612533
smallcheck,dependent_record,5,100,100,100,1.0,100,1.0,0,1.0,1.883999999563457e-06,53078556.27556851,1,36,12,8,25,1,0,101,1,1,1000,1.883999999563457e-06,530785562.7556851
smallcheck,dependent_record,5,500,500,500,1.0,500,1.0,0,1.0,1.883999999563457e-06,265392781.37784255,2,36,16,8,32,1,0,501,8,1,1000,1.883999999563457e-06,530785562.7556851
smallcheck,dependent_record,5,1000,1000,1000,1.0,1000,1.0,0,1.0,1.883999999563457e-06,530785562.7556851,5,36,16,8,32,1,0,1001,16,1,1000,1.883999999563457e-06,530785562.7556851
smallcheck,dependent_record,6,100,100,100,1.0,100,1.0,0,1.0,1.9030000046882378e-06,52548607.33244332,1,36,12,8,25,1,0,101,1,1,1000,1.9030000046882378e-06,525486073.32443315
smallcheck,dependent_record,6,500,500,500,1.0,500,1.0,0,1.0,1.9030000046882378e-06,262743036.66221657,2,36,16,8,32,1,0,501,8,1,1000,1.9030000046882378e-06,525486073.32443315
smallcheck,dependent_record,6,1000,1000,1000,1.0,1000,1.0,0,1.0,1.9030000046882378e-06,525486073.32443315,5,36,16,8,32,1,0,1001,16,1,1000,1.9030000046882378e-06,525486073.32443315
smallcheck,dependent_record,7,100,100,100,1.0,100,1.0,0,1.0,1.713000003178422e-06,58377116.06214412,1,36,12,8,25,1,0,101,1,1,1000,1.713000003178422e-06,583771160.6214412
smallcheck,dependent_record,7,500,500,500,1.0,500,1.0,0,1.0,1.713000003178422e-06,291885580.3107206,2,36,16,8,32,1,0,501,8,1,1000,1.713000003178422e-06,583771160.6214412
smallcheck,dependent_record,7,1000,1000,1000,1.0,1000,1.0,0,1.0,1.713000003178422e-06,583771160.6214412,5,36,16,8,32,1,0,1001,16,1,1000,1.713000003178422e-06,583771160.6214412
smallcheck,dependent_record,8,100,100,100,1.0,100,1.0,0,1.0,1.8730000022060267e-06,53390282.90561645,1,36,12,8,25,1,0,101,1,1,1000,1.8730000022060267e-06,533902829.0561645
smallcheck,dependent_record,8,500,500,500,1.0,500,1.0,0,1.0,1.8730000022060267e-06,266951414.52808225,2,36,16,8,32,1,0,501,8,1,1000,1.8730000022060267e-06,533902829.0561645
smallcheck,dependent_record,8,1000,1000,1000,1.0,1000,1.0,0,1.0,1.8730000022060267e-06,533902829.0561645,5,36,16,8,32,1,0,1001,16,1,1000,1.8730000022060267e-06,533902829.0561645
smallcheck,dependent_record,9,100,100,100,1.0,100,1.0,0,1.0,2.3449999986269177e-06,42643923.26590773,1,36,12,8,25,1,0,101,1,1,1000,2.3449999986269177e-06,426439232.6590773
smallcheck,dependent_record,9,500,500,500,1.0,500,1.0,0,1.0,2.3449999986269177e-06,213219616.32953864,2,36,16,8,32,1,0,501,8,1,1000,2.3449999986269177e-06,426439232.6590773
smallcheck,dependent_record,9,1000,1000,1000,1.0,1000,1.0,0,1.0,2.3449999986269177e-06,426439232.6590773,5,36,16,8,32,1,0,1001,16,1,1000,2.3449999986269177e-06,426439232.6590773
smallcheck,dependent_record,10,100,100,100,1.0,100,1.0,0,1.0,1.6330000036646197e-06,61236987.00281061,1,36,12,8,25,1,0,101,1,1,1000,1.6330000036646197e-06,612369870.0281061
smallcheck,dependent_record,10,500,500,500,1.0,500,1.0,0,1.0,1.6330000036646197e-06,306184935.01405305,2,36,16,8,32,1,0,501,8,1,1000,1.6330000036646197e-06,612369870.0281061
smallcheck,dependent_record,10,1000,1000,1000,1.0,1000,1.0,0,1.0,1.6330000036646197e-06,612369870.0281061,5,36,16,8,32,1,0,1001,16,1,1000,1.6330000036646197e-06,612369870.0281061
smallcheck,dependent_record,11,100,100,100,1.0,100,1.0,0,1.0,1.8940000003908608e-06,52798310.443169594,1,36,12,8,25,1,0,101,1,1,1000,1.8940000003908608e-06,527983104.43169594
smallcheck,dependent_record,11,500,500,500,1.0,500,1.0,0,1.0,1.8940000003908608e-06,263991552.21584797,2,36,16,8,32,1,0,501,8,1,1000,1.8940000003908608e-06,527983104.43169594
smallcheck,dependent_record,11,1000,1000,1000,1.0,1000,1.0,0,1.0,1.8940000003908608e-06,527983104.43169594,5,36,16,8,32,1,0,1001,16,1,1000,1.8940000003908608e-06,527983104.43169594
smallcheck,dependent_record,12,100,100,100,1.0,100,1.0,0,1.0,1.6030000011824086e-06,62383031.769331105,1,36,12,8,25,1,0,101,1,1,1000,1.6030000011824086e-06,623830317.6933111
smallcheck,dependent_record,12,500,500,500,1.0,500,1.0,0,1.0,1.6030000011824086e-06,311915158.84665555,2,36,16,8,32,1,0,501,8,1,1000,1.6030000011824086e-06,623830317.6933111
smallcheck,dependent_record,12,1000,1000,1000,1.0,1000,1.0,0,1.0,1.6030000011824086e-06,623830317.6933111,5,36,16,8,32,1,0,1001,16,1,1000,1.6030000011824086e-06,623830317.6933111
smallcheck,dependent_record,13,100,100,100,1.0,100,1.0,0,1.0,1.773000001037417e-06,56401579.21121717,1,36,12,8,25,1,0,101,1,1,1000,1.773000001037417e-06,564015792.1121718
smallcheck,dependent_record,13,500,500,500,1.0,500,1.0,0,1.0,1.773000001037417e-06,282007896.0560859,2,36,16,8,32,1,0,501,8,1,1000,1.773000001037417e-06,564015792.1121718
smallcheck,dependent_record,13,1000,1000,1000,1.0,1000,1.0,0,1.0,1.773000001037417e-06,564015792.1121718,5,36,16,8,32,1,0,1001,16,1,1000,1.773000001037417e-06,564015792.1121718
smallcheck,dependent_record,14,100,100,100,1.0,100,1.0,0,1.0,1.7329999977278021e-06,57703404.57652254,1,36,12,8,25,1,0,101,1,1,1000,1.7329999977278021e-06,577034045.7652254
smallcheck,dependent_record,14,500,500,500,1.0,500,1.0,0,1.0,1.7329999977278021e-06,288517022.8826127,2,36,16,8,32,1,0,501,8,1,1000,1.7329999977278021e-06,577034045.7652254
smallcheck,dependent_record,14,1000,1000,1000,1.0,1000,1.0,0,1.0,1.7329999977278021e-06,577034045.7652254,5,36,16,8,32,1,0,1001,16,1,1000,1.7329999977278021e-06,577034045.7652254
smallcheck,dependent_record,15,100,100,100,1.0,100,1.0,0,1.0,1.7630000002100132e-06,56721497.4407758,1,36,12,8,25,1,0,101,1,1,1000,1.7630000002100132e-06,567214974.407758
smallcheck,dependent_record,15,500,500,500,1.0,500,1.0,0,1.0,1.7630000002100132e-06,283607487.203879,2,36,16,8,32,1,0,501,8,1,1000,1.7630000002100132e-06,567214974.407758
smallcheck,dependent_record,15,1000,1000,1000,1.0,1000,1.0,0,1.0,1.7630000002100132e-06,567214974.407758,5,36,16,8,32,1,0,1001,16,1,1000,1.7630000002100132e-06,567214974.407758
smallcheck,dependent_record,16,100,100,100,1.0,100,1.0,0,1.0,1.6030000011824086e-06,62383031.769331105,1,36,12,8,25,1,0,101,1,1,1000,1.6030000011824086e-06,623830317.6933111
smallcheck,dependent_record,16,500,500,500,1.0,500,1.0,0,1.0,1.6030000011824086e-06,311915158.84665555,2,36,16,8,32,1,0,501,8,1,1000,1.6030000011824086e-06,623830317.6933111
smallcheck,dependent_record,16,1000,1000,1000,1.0,1000,1.0,0,1.0,1.6030000011824086e-06,623830317.6933111,5,36,16,8,32,1,0,1001,16,1,1000,1.6030000011824086e-06,623830317.6933111
smallcheck,dependent_record,17,100,100,100,1.0,100,1.0,0,1.0,1.7330000048332295e-06,57703404.339934334,1,36,12,8,25,1,0,101,1,1,1000,1.7330000048332295e-06,577034043.3993434
smallcheck,dependent_record,17,500,500,500,1.0,500,1.0,0,1.0,1.7330000048332295e-06,288517021.6996717,2,36,16,8,32,1,0,501,8,1,1000,1.7330000048332295e-06,577034043.3993434
smallcheck,dependent_record,17,1000,1000,1000,1.0,1000,1.0,0,1.0,1.7330000048332295e-06,577034043.3993434,5,36,16,8,32,1,0,1001,16,1,1000,1.7330000048332295e-06,577034043.3993434
smallcheck,dependent_record,18,100,100,100,1.0,100,1.0,0,1.0,1.864000005014077e-06,53648068.52521698,1,36,12,8,25,1,0,101,1,1,1000,1.864000005014077e-06,536480685.2521698
smallcheck,dependent_record,18,500,500,500,1.0,500,1.0,0,1.0,1.864000005014077e-06,268240342.6260849,2,36,16,8,32,1,0,501,8,1,1000,1.864000005014077e-06,536480685.2521698
smallcheck,dependent_record,18,1000,1000,1000,1.0,1000,1.0,0,1.0,1.864000005014077e-06,536480685.2521698,5,36,16,8,32,1,0,1001,16,1,1000,1.864000005014077e-06,536480685.2521698
smallcheck,dependent_record,19,100,100,100,1.0,100,1.0,0,1.0,2.0130000066842513e-06,49677098.692471825,1,36,12,8,25,1,0,101,1,1,1000,2.0130000066842513e-06,496770986.92471826
smallcheck,dependent_record,19,500,500,500,1.0,500,1.0,0,1.0,2.0130000066842513e-06,248385493.46235913,2,36,16,8,32,1,0,501,8,1,1000,2.0130000066842513e-06,496770986.92471826
smallcheck,dependent_record,19,1000,1000,1000,1.0,1000,1.0,0,1.0,2.0130000066842513e-06,496770986.92471826,5,36,16,8,32,1,0,1001,16,1,1000,2.0130000066842513e-06,496770986.92471826
smallcheck,imbalanced_choice,0,100,100,100,1.0,100,1.0,0,1.0,2.4439999961600734e-06,40916530.342519015,1,29,2,1,26,1,0,101,3,1,1000,2.4439999961600734e-06,409165303.42519015
smallcheck,imbalanced_choice,0,500,500,500,1.0,500,1.0,0,1.0,2.4439999961600734e-06,204582651.71259508,7,29,2,1,32,1,0,501,14,1,1000,2.4439999961600734e-06,409165303.42519015
smallcheck,imbalanced_choice,0,1000,1000,1000,1.0,1000,1.0,0,1.0,2.4439999961600734e-06,409165303.42519015,14,29,2,1,32,1,0,1001,25,1,1000,2.4439999961600734e-06,409165303.42519015
smallcheck,imbalanced_choice,1,100,100,100,1.0,100,1.0,0,1.0,2.543999997328683e-06,39308176.141904324,1,29,2,1,26,1,0,101,3,1,1000,2.543999997328683e-06,393081761.41904324
smallcheck,imbalanced_choice,1,500,500,500,1.0,500,1.0,0,1.0,2.543999997328683e-06,196540880.70952162,7,29,2,1,32,1,0,501,14,1,1000,2.543999997328683e-06,393081761.41904324
smallcheck,imbalanced_choice,1,1000,1000,1000,1.0,1000,1.0,0,1.0,2.543999997328683e-06,393081761.41904324,14,29,2,1,32,1,0,1001,25,1,1000,2.543999997328683e-06,393081761.41904324
smallcheck,imbalanced_choice,2,100,100,100,1.0,100,1.0,0,1.0,2.4639999978148808e-06,40584415.62040657,1,29,2,1,26,1,0,101,3,1,1000,2.4639999978148808e-06,405844156.2040657
smallcheck,imbalanced_choice,2,500,500,500,1.0,500,1.0,0,1.0,2.4639999978148808e-06,202922078.10203284,7,29,2,1,32,1,0,501,14,1,1000,2.4639999978148808e-06,405844156.2040657
smallcheck,imbalanced_choice,2,1000,1000,1000,1.0,1000,1.0,0,1.0,2.4639999978148808e-06,405844156.2040657,14,29,2,1,32,1,0,1001,25,1,1000,2.4639999978148808e-06,405844156.2040657
smallcheck,imbalanced_choice,3,100,100,100,1.0,100,1.0,0,1.0,2.332999997634033e-06,42863266.224351935,1,29,2,1,26,1,0,101,3,1,1000,2.332999997634033e-06,428632662.24351937
smallcheck,imbalanced_choice,3,500,500,500,1.0,500,1.0,0,1.0,2.332999997634033e-06,214316331.12175968,7,29,2,1,32,1,0,501,14,1,1000,2.332999997634033e-06,428632662.24351937
smallcheck,imbalanced_choice,3,1000,1000,1000,1.0,1000,1.0,0,1.0,2.332999997634033e-06,428632662.24351937,14,29,2,1,32,1,0,1001,25,1,1000,2.332999997634033e-06,428632662.24351937
smallcheck,imbalanced_choice,4,100,100,100,1.0,100,1.0,0,1.0,2.2930000014298457e-06,43610989.942277804,1,29,2,1,26,1,0,101,3,1,1000,2.2930000014298457e-06,436109899.42277807
smallcheck,imbalanced_choice,4,500,500,500,1.0,500,1.0,0,1.0,2.2930000014298457e-06,218054949.71138903,7,29,2,1,32,1,0,501,14,1,1000,2.2930000014298457e-06,436109899.42277807
smallcheck,imbalanced_choice,4,1000,1000,1000,1.0,1000,1.0,0,1.0,2.2930000014298457e-06,436109899.42277807,14,29,2,1,32,1,0,1001,25,1,1000,2.2930000014298457e-06,436109899.42277807
smallcheck,imbalanced_choice,5,100,100,100,1.0,100,1.0,0,1.0,2.6139999960150817e-06,38255547.11264163,1,29,2,1,26,1,0,101,3,1,1000,2.6139999960150817e-06,382555471.1264163
smallcheck,imbalanced_choice,5,500,500,500,1.0,500,1.0,0,1.0,2.6139999960150817e-06,191277735.56320816,7,29,2,1,32,1,0,501,14,1,1000,2.6139999960150817e-06,382555471.1264163
smallcheck,imbalanced_choice,5,1000,1000,1000,1.0,1000,1.0,0,1.0,2.6139999960150817e-06,382555471.1264163,14,29,2,1,32,1,0,1001,25,1,1000,2.6139999960150817e-06,382555471.1264163
smallcheck,imbalanced_choice,6,100,100,100,1.0,100,1.0,0,1.0,2.0230000004062276e-06,49431537.3108846,1,29,2,1,26,1,0,101,3,1,1000,2.0230000004062276e-06,494315373.108846
smallcheck,imbalanced_choice,6,500,500,500,1.0,500,1.0,0,1.0,2.0230000004062276e-06,247157686.554423,7,29,2,1,32,1,0,501,14,1,1000,2.0230000004062276e-06,494315373.108846
smallcheck,imbalanced_choice,6,1000,1000,1000,1.0,1000,1.0,0,1.0,2.0230000004062276e-06,494315373.108846,14,29,2,1,32,1,0,1001,25,1,1000,2.0230000004062276e-06,494315373.108846
smallcheck,imbalanced_choice,7,100,100,100,1.0,100,1.0,0,1.0,2.76400000132071e-06,36179450.055071436,1,29,2,1,26,1,0,101,3,1,1000,2.76400000132071e-06,361794500.5507143
smallcheck,imbalanced_choice,7,500,500,500,1.0,500,1.0,0,1.0,2.76400000132071e-06,180897250.27535716,7,29,2,1,32,1,0,501,14,1,1000,2.76400000132071e-06,361794500.5507143
smallcheck,imbalanced_choice,7,1000,1000,1000,1.0,1000,1.0,0,1.0,2.76400000132071e-06,361794500.5507143,14,29,2,1,32,1,0,1001,25,1,1000,2.76400000132071e-06,361794500.5507143
smallcheck,imbalanced_choice,8,100,100,100,1.0,100,1.0,0,1.0,2.813999998352301e-06,35536602.721589774,1,29,2,1,26,1,0,101,3,1,1000,2.813999998352301e-06,355366027.21589774
smallcheck,imbalanced_choice,8,500,500,500,1.0,500,1.0,0,1.0,2.813999998352301e-06,177683013.60794887,7,29,2,1,32,1,0,501,14,1,1000,2.813999998352301e-06,355366027.21589774
smallcheck,imbalanced_choice,8,1000,1000,1000,1.0,1000,1.0,0,1.0,2.813999998352301e-06,355366027.21589774,14,29,2,1,32,1,0,1001,25,1,1000,2.813999998352301e-06,355366027.21589774
smallcheck,imbalanced_choice,9,100,100,100,1.0,100,1.0,0,1.0,2.384000005406506e-06,41946308.62970513,1,29,2,1,26,1,0,101,3,1,1000,2.384000005406506e-06,419463086.2970513
smallcheck,imbalanced_choice,9,500,500,500,1.0,500,1.0,0,1.0,2.384000005406506e-06,209731543.14852566,7,29,2,1,32,1,0,501,14,1,1000,2.384000005406506e-06,419463086.2970513
smallcheck,imbalanced_choice,9,1000,1000,1000,1.0,1000,1.0,0,1.0,2.384000005406506e-06,419463086.2970513,14,29,2,1,32,1,0,1001,25,1,1000,2.384000005406506e-06,419463086.2970513
smallcheck,imbalanced_choice,10,100,100,100,1.0,100,1.0,0,1.0,2.2130000019160434e-06,45187528.20308122,1,29,2,1,26,1,0,101,3,1,1000,2.2130000019160434e-06,451875282.0308122
smallcheck,imbalanced_choice,10,500,500,500,1.0,500,1.0,0,1.0,2.2130000019160434e-06,225937641.0154061,7,29,2,1,32,1,0,501,14,1,1000,2.2130000019160434e-06,451875282.0308122
smallcheck,imbalanced_choice,10,1000,1000,1000,1.0,1000,1.0,0,1.0,2.2130000019160434e-06,451875282.0308122,14,29,2,1,32,1,0,1001,25,1,1000,2.2130000019160434e-06,451875282.0308122
smallcheck,imbalanced_choice,11,100,100,100,1.0,100,1.0,0,1.0,1.921999995602164e-06,52029136.43538794,1,29,2,1,26,1,0,101,3,1,1000,1.921999995602164e-06,520291364.3538794
smallcheck,imbalanced_choice,11,500,500,500,1.0,500,1.0,0,1.0,1.921999995602164e-06,260145682.1769397,7,29,2,1,32,1,0,501,14,1,1000,1.921999995602164e-06,520291364.3538794
smallcheck,imbalanced_choice,11,1000,1000,1000,1.0,1000,1.0,0,1.0,1.921999995602164e-06,520291364.3538794,14,29,2,1,32,1,0,1001,25,1,1000,1.921999995602164e-06,520291364.3538794
smallcheck,imbalanced_choice,12,100,100,100,1.0,100,1.0,0,1.0,2.6539999993246965e-06,37678975.141463734,1,29,2,1,26,1,0,101,3,1,1000,2.6539999993246965e-06,376789751.4146373
smallcheck,imbalanced_choice,12,500,500,500,1.0,500,1.0,0,1.0,2.6539999993246965e-06,188394875.70731866,7,29,2,1,32,1,0,501,14,1,1000,2.6539999993246965e-06,376789751.4146373
smallcheck,imbalanced_choice,12,1000,1000,1000,1.0,1000,1.0,0,1.0,2.6539999993246965e-06,376789751.4146373,14,29,2,1,32,1,0,1001,25,1,1000,2.6539999993246965e-06,376789751.4146373
smallcheck,imbalanced_choice,13,100,100,100,1.0,100,1.0,0,1.0,2.554000005261514e-06,39154267.73452986,1,29,2,1,26,1,0,101,3,1,1000,2.554000005261514e-06,391542677.3452986
smallcheck,imbalanced_choice,13,500,500,500,1.0,500,1.0,0,1.0,2.554000005261514e-06,195771338.6726493,7,29,2,1,32,1,0,501,14,1,1000,2.554000005261514e-06,391542677.3452986
smallcheck,imbalanced_choice,13,1000,1000,1000,1.0,1000,1.0,0,1.0,2.554000005261514e-06,391542677.3452986,14,29,2,1,32,1,0,1001,25,1,1000,2.554000005261514e-06,391542677.3452986
smallcheck,imbalanced_choice,14,100,100,100,1.0,100,1.0,0,1.0,1.9630000025472327e-06,50942434.98229127,1,29,2,1,26,1,0,101,3,1,1000,1.9630000025472327e-06,509424349.8229127
smallcheck,imbalanced_choice,14,500,500,500,1.0,500,1.0,0,1.0,1.9630000025472327e-06,254712174.91145635,7,29,2,1,32,1,0,501,14,1,1000,1.9630000025472327e-06,509424349.8229127
smallcheck,imbalanced_choice,14,1000,1000,1000,1.0,1000,1.0,0,1.0,1.9630000025472327e-06,509424349.8229127,14,29,2,1,32,1,0,1001,25,1,1000,1.9630000025472327e-06,509424349.8229127
smallcheck,imbalanced_choice,15,100,100,100,1.0,100,1.0,0,1.0,2.00299999875142e-06,49925112.36262381,1,29,2,1,26,1,0,101,3,1,1000,2.00299999875142e-06,499251123.62623805
smallcheck,imbalanced_choice,15,500,500,500,1.0,500,1.0,0,1.0,2.00299999875142e-06,249625561.81311902,7,29,2,1,32,1,0,501,14,1,1000,2.00299999875142e-06,499251123.62623805
smallcheck,imbalanced_choice,15,1000,1000,1000,1.0,1000,1.0,0,1.0,2.00299999875142e-06,499251123.62623805,14,29,2,1,32,1,0,1001,25,1,1000,2.00299999875142e-06,499251123.62623805
smallcheck,imbalanced_choice,16,100,100,100,1.0,100,1.0,0,1.0,2.564000006088918e-06,39001559.96978264,1,29,2,1,26,1,0,101,3,1,1000,2.564000006088918e-06,390015599.69782645
smallcheck,imbalanced_choice,16,500,500,500,1.0,500,1.0,0,1.0,2.564000006088918e-06,195007799.84891322,7,29,2,1,32,1,0,501,14,1,1000,2.564000006088918e-06,390015599.69782645
smallcheck,imbalanced_choice,16,1000,1000,1000,1.0,1000,1.0,0,1.0,2.564000006088918e-06,390015599.69782645,14,29,2,1,32,1,0,1001,25,1,1000,2.564000006088918e-06,390015599.69782645
smallcheck,imbalanced_choice,17,100,100,100,1.0,100,1.0,0,1.0,2.342999998461437e-06,42680324.39849184,1,29,2,1,26,1,0,101,3,1,1000,2.342999998461437e-06,426803243.98491836
smallcheck,imbalanced_choice,17,500,500,500,1.0,500,1.0,0,1.0,2.342999998461437e-06,213401621.99245918,7,29,2,1,32,1,0,501,14,1,1000,2.342999998461437e-06,426803243.98491836
smallcheck,imbalanced_choice,17,1000,1000,1000,1.0,1000,1.0,0,1.0,2.342999998461437e-06,426803243.98491836,14,29,2,1,32,1,0,1001,25,1,1000,2.342999998461437e-06,426803243.98491836
smallcheck,imbalanced_choice,18,100,100,100,1.0,100,1.0,0,1.0,2.313000003084653e-06,43233895.31631579,1,29,2,1,26,1,0,101,3,1,1000,2.313000003084653e-06,432338953.16315794
smallcheck,imbalanced_choice,18,500,500,500,1.0,500,1.0,0,1.0,2.313000003084653e-06,216169476.58157897,7,29,2,1,32,1,0,501,14,1,1000,2.313000003084653e-06,432338953.16315794
smallcheck,imbalanced_choice,18,1000,1000,1000,1.0,1000,1.0,0,1.0,2.313000003084653e-06,432338953.16315794,14,29,2,1,32,1,0,1001,25,1,1000,2.313000003084653e-06,432338953.16315794
smallcheck,imbalanced_choice,19,100,100,100,1.0,100,1.0,0,1.0,2.2740000034104924e-06,43975373.72472398,1,29,2,1,26,1,0,101,3,1,1000,2.2740000034104924e-06,439753737.24723977
smallcheck,imbalanced_choice,19,500,500,500,1.0,500,1.0,0,1.0,2.2740000034104924e-06,219876868.62361988,7,29,2,1,32,1,0,501,14,1,1000,2.2740000034104924e-06,439753737.24723977
smallcheck,imbalanced_choice,19,1000,1000,1000,1.0,1000,1.0,0,1.0,2.2740000034104924e-06,439753737.24723977,14,29,2,1,32,1,0,1001,25,1,1000,2.2740000034104924e-06,439753737.24723977
smallcheck,protocol_message,0,100,100,100,1.0,100,1.0,0,1.0,3.0590000008601237e-06,32690421.697248183,1,56,8,8,22,1,0,101,3,1,1000,3.0590000008601237e-06,326904216.97248185
smallcheck,protocol_message,0,500,500,500,1.0,500,1.0,0,1.0,3.0590000008601237e-06,163452108.48624092,16,56,8,8,32,1,0,501,14,1,1000,3.0590000008601237e-06,326904216.97248185
smallcheck,protocol_message,0,1000,1000,1000,1.0,1000,1.0,0,1.0,3.0590000008601237e-06,326904216.97248185,27,56,8,8,32,1,25,930,26,1,1000,3.0590000008601237e-06,326904216.97248185
smallcheck,protocol_message,1,100,100,100,1.0,100,1.0,0,1.0,2.907000002494442e-06,34399724.77268383,1,56,8,8,22,1,0,101,3,1,1000,2.907000002494442e-06,343997247.72683823
smallcheck,protocol_message,1,500,500,500,1.0,500,1.0,0,1.0,2.907000002494442e-06,171998623.86341912,16,56,8,8,32,1,0,501,14,1,1000,2.907000002494442e-06,343997247.72683823
smallcheck,protocol_message,1,1000,1000,1000,1.0,1000,1.0,0,1.0,2.907000002494442e-06,343997247.72683823,27,56,8,8,32,1,25,930,26,1,1000,2.907000002494442e-06,343997247.72683823
smallcheck,protocol_message,2,100,100,100,1.0,100,1.0,0,1.0,2.2080000050550552e-06,45289854.96877594,1,56,8,8,22,1,0,101,3,1,1000,2.2080000050550552e-06,452898549.6877594
smallcheck,protocol_message,2,500,500,500,1.0,500,1.0,0,1.0,2.2080000050550552e-06,226449274.8438797,16,56,8,8,32,1,0,501,14,1,1000,2.2080000050550552e-06,452898549.6877594
smallcheck,protocol_message,2,1000,1000,1000,1.0,1000,1.0,0,1.0,2.2080000050550552e-06,452898549.6877594,27,56,8,8,32,1,25,930,26,1,1000,2.2080000050550552e-06,452898549.6877594
smallcheck,protocol_message,3,100,100,100,1.0,100,1.0,0,1.0,2.6059999953531587e-06,38372985.48668963,1,56,8,8,22,1,0,101,3,1,1000,2.6059999953531587e-06,383729854.8668963
smallcheck,protocol_message,3,500,500,500,1.0,500,1.0,0,1.0,2.6059999953531587e-06,191864927.43344814,16,56,8,8,32,1,0,501,14,1,1000,2.6059999953531587e-06,383729854.8668963
smallcheck,protocol_message,3,1000,1000,1000,1.0,1000,1.0,0,1.0,2.6059999953531587e-06,383729854.8668963,27,56,8,8,32,1,25,930,26,1,1000,2.6059999953531587e-06,383729854.8668963
smallcheck,protocol_message,4,100,100,100,1.0,100,1.0,0,1.0,2.19400000389669e-06,45578851.33199332,1,56,8,8,22,1,0,101,3,1,1000,2.19400000389669e-06,455788513.3199332
smallcheck,protocol_message,4,500,500,500,1.0,500,1.0,0,1.0,2.19400000389669e-06,227894256.6599666,16,56,8,8,32,1,0,501,14,1,1000,2.19400000389669e-06,455788513.3199332
smallcheck,protocol_message,4,1000,1000,1000,1.0,1000,1.0,0,1.0,2.19400000389669e-06,455788513.3199332,27,56,8,8,32,1,25,930,26,1,1000,2.19400000389669e-06,455788513.3199332
smallcheck,protocol_message,5,100,100,100,1.0,100,1.0,0,1.0,2.035000001399112e-06,49140049.10626416,1,56,8,8,22,1,0,101,3,1,1000,2.035000001399112e-06,491400491.06264156
smallcheck,protocol_message,5,500,500,500,1.0,500,1.0,0,1.0,2.035000001399112e-06,245700245.53132078,16,56,8,8,32,1,0,501,14,1,1000,2.035000001399112e-06,491400491.06264156
smallcheck,protocol_message,5,1000,1000,1000,1.0,1000,1.0,0,1.0,2.035000001399112e-06,491400491.06264156,27,56,8,8,32,1,25,930,26,1,1000,2.035000001399112e-06,491400491.06264156
smallcheck,protocol_message,6,100,100,100,1.0,100,1.0,0,1.0,1.8150000045125125e-06,55096418.59579985,1,56,8,8,22,1,0,101,3,1,1000,1.8150000045125125e-06,550964185.9579985
smallcheck,protocol_message,6,500,500,500,1.0,500,1.0,0,1.0,1.8150000045125125e-06,275482092.97899926,16,56,8,8,32,1,0,501,14,1,1000,1.8150000045125125e-06,550964185.9579985
smallcheck,protocol_message,6,1000,1000,1000,1.0,1000,1.0,0,1.0,1.8150000045125125e-06,550964185.9579985,27,56,8,8,32,1,25,930,26,1,1000,1.8150000045125125e-06,550964185.9579985
smallcheck,protocol_message,7,100,100,100,1.0,100,1.0,0,1.0,2.0849999984307033e-06,47961630.73154246,1,56,8,8,22,1,0,101,3,1,1000,2.0849999984307033e-06,479616307.3154246
smallcheck,protocol_message,7,500,500,500,1.0,500,1.0,0,1.0,2.0849999984307033e-06,239808153.6577123,16,56,8,8,32,1,0,501,14,1,1000,2.0849999984307033e-06,479616307.3154246
smallcheck,protocol_message,7,1000,1000,1000,1.0,1000,1.0,0,1.0,2.0849999984307033e-06,479616307.3154246,27,56,8,8,32,1,25,930,26,1,1000,2.0849999984307033e-06,479616307.3154246
smallcheck,protocol_message,8,100,100,100,1.0,100,1.0,0,1.0,2.598000001796663e-06,38491147.00956289,1,56,8,8,22,1,0,101,3,1,1000,2.598000001796663e-06,384911470.09562886
smallcheck,protocol_message,8,500,500,500,1.0,500,1.0,0,1.0,2.598000001796663e-06,192455735.04781443,16,56,8,8,32,1,0,501,14,1,1000,2.598000001796663e-06,384911470.09562886
smallcheck,protocol_message,8,1000,1000,1000,1.0,1000,1.0,0,1.0,2.598000001796663e-06,384911470.09562886,27,56,8,8,32,1,25,930,26,1,1000,2.598000001796663e-06,384911470.09562886
smallcheck,protocol_message,9,100,100,100,1.0,100,1.0,0,1.0,1.9559999984153364e-06,51124744.417697094,1,56,8,8,22,1,0,101,3,1,1000,1.9559999984153364e-06,511247444.17697096
smallcheck,protocol_message,9,500,500,500,1.0,500,1.0,0,1.0,1.9559999984153364e-06,255623722.08848548,16,56,8,8,32,1,0,501,14,1,1000,1.9559999984153364e-06,511247444.17697096
smallcheck,protocol_message,9,1000,1000,1000,1.0,1000,1.0,0,1.0,1.9559999984153364e-06,511247444.17697096,27,56,8,8,32,1,25,930,26,1,1000,1.9559999984153364e-06,511247444.17697096
smallcheck,protocol_message,10,100,100,100,1.0,100,1.0,0,1.0,2.2599999951467e-06,44247787.70564062,1,56,8,8,22,1,0,101,3,1,1000,2.2599999951467e-06,442477877.0564062
smallcheck,protocol_message,10,500,500,500,1.0,500,1.0,0,1.0,2.2599999951467e-06,221238938.5282031,16,56,8,8,32,1,0,501,14,1,1000,2.2599999951467e-06,442477877.0564062
smallcheck,protocol_message,10,1000,1000,1000,1.0,1000,1.0,0,1.0,2.2599999951467e-06,442477877.0564062,27,56,8,8,32,1,25,930,26,1,1000,2.2599999951467e-06,442477877.0564062
smallcheck,protocol_message,11,100,100,100,1.0,100,1.0,0,1.0,2.299000001926288e-06,43497172.647330105,1,56,8,8,22,1,0,101,3,1,1000,2.299000001926288e-06,434971726.4733011
smallcheck,protocol_message,11,500,500,500,1.0,500,1.0,0,1.0,2.299000001926288e-06,217485863.23665056,16,56,8,8,32,1,0,501,14,1,1000,2.299000001926288e-06,434971726.4733011
smallcheck,protocol_message,11,1000,1000,1000,1.0,1000,1.0,0,1.0,2.299000001926288e-06,434971726.4733011,27,56,8,8,32,1,25,930,26,1,1000,2.299000001926288e-06,434971726.4733011
smallcheck,protocol_message,12,100,100,100,1.0,100,1.0,0,1.0,2.2189999953070583e-06,45065344.8451956,1,56,8,8,22,1,0,101,3,1,1000,2.2189999953070583e-06,450653448.45195603
smallcheck,protocol_message,12,500,500,500,1.0,500,1.0,0,1.0,2.2189999953070583e-06,225326724.22597802,16,56,8,8,32,1,0,501,14,1,1000,2.2189999953070583e-06,450653448.45195603
smallcheck,protocol_message,12,1000,1000,1000,1.0,1000,1.0,0,1.0,2.2189999953070583e-06,450653448.45195603,27,56,8,8,32,1,25,930,26,1,1000,2.2189999953070583e-06,450653448.45195603
smallcheck,protocol_message,13,100,100,100,1.0,100,1.0,0,1.0,2.133000002402241e-06,46882325.310537905,1,56,8,8,22,1,0,101,3,1,1000,2.133000002402241e-06,468823253.10537905
smallcheck,protocol_message,13,500,500,500,1.0,500,1.0,0,1.0,2.133000002402241e-06,234411626.55268952,16,56,8,8,32,1,0,501,14,1,1000,2.133000002402241e-06,468823253.10537905
smallcheck,protocol_message,13,1000,1000,1000,1.0,1000,1.0,0,1.0,2.133000002402241e-06,468823253.10537905,27,56,8,8,32,1,25,930,26,1,1000,2.133000002402241e-06,468823253.10537905
smallcheck,protocol_message,14,100,100,100,1.0,100,1.0,0,1.0,2.239000004067293e-06,44662795.80988982,1,56,8,8,22,1,0,101,3,1,1000,2.239000004067293e-06,446627958.0988983
smallcheck,protocol_message,14,500,500,500,1.0,500,1.0,0,1.0,2.239000004067293e-06,223313979.04944915,16,56,8,8,32,1,0,501,14,1,1000,2.239000004067293e-06,446627958.0988983
smallcheck,protocol_message,14,1000,1000,1000,1.0,1000,1.0,0,1.0,2.239000004067293e-06,446627958.0988983,27,56,8,8,32,1,25,930,26,1,1000,2.239000004067293e-06,446627958.0988983
smallcheck,protocol_message,15,100,100,100,1.0,100,1.0,0,1.0,2.3809999945001437e-06,41999160.11381325,1,56,8,8,22,1,0,101,3,1,1000,2.3809999945001437e-06,419991601.1381325
smallcheck,protocol_message,15,500,500,500,1.0,500,1.0,0,1.0,2.3809999945001437e-06,209995800.56906626,16,56,8,8,32,1,0,501,14,1,1000,2.3809999945001437e-06,419991601.1381325
smallcheck,protocol_message,15,1000,1000,1000,1.0,1000,1.0,0,1.0,2.3809999945001437e-06,419991601.1381325,27,56,8,8,32,1,25,930,26,1,1000,2.3809999945001437e-06,419991601.1381325
smallcheck,protocol_message,16,100,100,100,1.0,100,1.0,0,1.0,2.2480000012592427e-06,44483985.740206346,1,56,8,8,22,1,0,101,3,1,1000,2.2480000012592427e-06,444839857.4020634
smallcheck,protocol_message,16,500,500,500,1.0,500,1.0,0,1.0,2.2480000012592427e-06,222419928.7010317,16,56,8,8,32,1,0,501,14,1,1000,2.2480000012592427e-06,444839857.4020634
smallcheck,protocol_message,16,1000,1000,1000,1.0,1000,1.0,0,1.0,2.2480000012592427e-06,444839857.4020634,27,56,8,8,32,1,25,930,26,1,1000,2.2480000012592427e-06,444839857.4020634
smallcheck,protocol_message,17,100,100,100,1.0,100,1.0,0,1.0,2.3930000025984555e-06,41788549.891940795,1,56,8,8,22,1,0,101,3,1,1000,2.3930000025984555e-06,417885498.9194079
smallcheck,protocol_message,17,500,500,500,1.0,500,1.0,0,1.0,2.3930000025984555e-06,208942749.45970395,16,56,8,8,32,1,0,501,14,1,1000,2.3930000025984555e-06,417885498.9194079
smallcheck,protocol_message,17,1000,1000,1000,1.0,1000,1.0,0,1.0,2.3930000025984555e-06,417885498.9194079,27,56,8,8,32,1,25,930,26,1,1000,2.3930000025984555e-06,417885498.9194079
smallcheck,protocol_message,18,100,100,100,1.0,100,1.0,0,1.0,2.4960000004625726e-06,40064102.55667766,1,56,8,8,22,1,0,101,3,1,1000,2.4960000004625726e-06,400641025.56677663
smallcheck,protocol_message,18,500,500,500,1.0,500,1.0,0,1.0,2.4960000004625726e-06,200320512.78338832,16,56,8,8,32,1,0,501,14,1,1000,2.4960000004625726e-06,400641025.56677663
smallcheck,protocol_message,18,1000,1000,1000,1.0,1000,1.0,0,1.0,2.4960000004625726e-06,400641025.56677663,27,56,8,8,32,1,25,930,26,1,1000,2.4960000004625726e-06,400641025.56677663
smallcheck,protocol_message,19,100,100,100,1.0,100,1.0,0,1.0,2.1370000027332026e-06,46794571.76981795,1,56,8,8,22,1,0,101,3,1,1000,2.1370000027332026e-06,467945717.6981795
smallcheck,protocol_message,19,500,500,500,1.0,500,1.0,0,1.0,2.1370000027332026e-06,233972858.84908974,16,56,8,8,32,1,0,501,14,1,1000,2.1370000027332026e-06,467945717.6981795
smallcheck,protocol_message,19,1000,1000,1000,1.0,1000,1.0,0,1.0,2.1370000027332026e-06,467945717.6981795,27,56,8,8,32,1,25,930,26,1,1000,2.1370000027332026e-06,467945717.6981795
